{
  "type": "FeatureCollection",
  "features": [
    {
      "type": "Feature",
      "properties": {
        "kp": 0.0,
        "pipeline_id": 1,
        "pipeline_code": "AKK-SEC1",
        "pipeline_name": "Ajaokuta\u2013Kaduna\u2013Kano (AKK) Gas Pipeline \u2014 Kogi Corridor",
        "latitude": 7.5564,
        "longitude": 6.6552,
        "elevation": 70.0,
        "slope_deg": 0.74,
        "river_proximity_km": 0.05,
        "fault_distance_km": 11.44,
        "soil_type": "Saturated Alluvial Silty Clay",
        "soil_risk": 2,
        "flooding_index": 0.98,
        "earthquake_factor": 0.116,
        "erosion_factor": 0.533,
        "landslide_index": 0.078,
        "soil_corrosivity_index": 0.97,
        "hoop_stress_ratio": 0.412,
        "pipe_diameter_inches": 40.0,
        "operating_pressure_psig": 1440.0,
        "pipe_material": "API 5L X80",
        "design_wall_thickness_mm": 22.2,
        "operational_age_years": 4.0,
        "corrosion_rate_mm_per_year": 0.415,
        "thickness_loss_mm": 1.66,
        "remaining_wall_thickness_mm": 20.54,
        "material_loss_percent": 7.5,
        "degradation_condition": "Normal",
        "failure_probability": 0.3434,
        "failure_probability_percent": 34.3,
        "risk_class": "Medium",
        "primary_hazard": "Hydrodynamic River Scour & Flood Inundation",
        "failure_code": "ERR-GEO-HYDRO-01",
        "diagnostic_message": "KP 0.0: High failure probability (34.3%) driven by severe River Niger flood inundation (Flood Index 0.98, 0.05 km proximity). Current scour threatens to un-seat buried pipe.",
        "remediation_plan": "Perform Horizontal Directional Drilling (HDD) deep riverbed re-burial & install concrete articulated weighting mats."
      },
      "geometry": {
        "type": "Point",
        "coordinates": [
          6.6552,
          7.5564
        ]
      }
    },
    {
      "type": "Feature",
      "properties": {
        "kp": 1.0,
        "pipeline_id": 1,
        "pipeline_code": "AKK-SEC1",
        "pipeline_name": "Ajaokuta\u2013Kaduna\u2013Kano (AKK) Gas Pipeline \u2014 Kogi Corridor",
        "latitude": 7.56322,
        "longitude": 6.661114,
        "elevation": 57.0,
        "slope_deg": 1.6,
        "river_proximity_km": 1.0,
        "fault_distance_km": 10.29,
        "soil_type": "Saturated Alluvial Silty Clay",
        "soil_risk": 2,
        "flooding_index": 0.825,
        "earthquake_factor": 0.116,
        "erosion_factor": 0.311,
        "landslide_index": 0.096,
        "soil_corrosivity_index": 0.97,
        "hoop_stress_ratio": 0.412,
        "pipe_diameter_inches": 40.0,
        "operating_pressure_psig": 1440.0,
        "pipe_material": "API 5L X80",
        "design_wall_thickness_mm": 22.2,
        "operational_age_years": 4.0,
        "corrosion_rate_mm_per_year": 0.447,
        "thickness_loss_mm": 1.79,
        "remaining_wall_thickness_mm": 20.41,
        "material_loss_percent": 8.1,
        "degradation_condition": "Normal",
        "failure_probability": 0.2977,
        "failure_probability_percent": 29.8,
        "risk_class": "Medium",
        "primary_hazard": "Corrosive Soil & Anoxic Groundwater Degradation",
        "failure_code": "ERR-GEO-CORR-04",
        "diagnostic_message": "KP 1.0: High external corrosion hazard (29.8%) resulting from saturated groundwater (Corrosivity Index 0.97) and anaerobic clay soil. Coating breakdown risk is high.",
        "remediation_plan": "Upgrade Impressed Current Cathodic Protection (ICCP), apply 3LPE coating repair, and conduct smart-pig inline inspection."
      },
      "geometry": {
        "type": "Point",
        "coordinates": [
          6.661114,
          7.56322
        ]
      }
    },
    {
      "type": "Feature",
      "properties": {
        "kp": 2.0,
        "pipeline_id": 1,
        "pipeline_code": "AKK-SEC1",
        "pipeline_name": "Ajaokuta\u2013Kaduna\u2013Kano (AKK) Gas Pipeline \u2014 Kogi Corridor",
        "latitude": 7.57004,
        "longitude": 6.667028,
        "elevation": 42.0,
        "slope_deg": 0.8,
        "river_proximity_km": 2.0,
        "fault_distance_km": 9.8,
        "soil_type": "Corrosive Lowland Clay",
        "soil_risk": 1,
        "flooding_index": 0.573,
        "earthquake_factor": 0.094,
        "erosion_factor": 0.174,
        "landslide_index": 0.068,
        "soil_corrosivity_index": 0.788,
        "hoop_stress_ratio": 0.412,
        "pipe_diameter_inches": 40.0,
        "operating_pressure_psig": 1440.0,
        "pipe_material": "API 5L X80",
        "design_wall_thickness_mm": 22.2,
        "operational_age_years": 4.0,
        "corrosion_rate_mm_per_year": 0.36,
        "thickness_loss_mm": 1.44,
        "remaining_wall_thickness_mm": 20.76,
        "material_loss_percent": 6.5,
        "degradation_condition": "Normal",
        "failure_probability": 0.2153,
        "failure_probability_percent": 21.5,
        "risk_class": "Medium",
        "primary_hazard": "Corrosive Soil & Anoxic Groundwater Degradation",
        "failure_code": "ERR-GEO-CORR-04",
        "diagnostic_message": "KP 2.0: High external corrosion hazard (21.5%) resulting from saturated groundwater (Corrosivity Index 0.788) and anaerobic clay soil. Coating breakdown risk is high.",
        "remediation_plan": "Upgrade Impressed Current Cathodic Protection (ICCP), apply 3LPE coating repair, and conduct smart-pig inline inspection."
      },
      "geometry": {
        "type": "Point",
        "coordinates": [
          6.667028,
          7.57004
        ]
      }
    },
    {
      "type": "Feature",
      "properties": {
        "kp": 3.0,
        "pipeline_id": 1,
        "pipeline_code": "AKK-SEC1",
        "pipeline_name": "Ajaokuta\u2013Kaduna\u2013Kano (AKK) Gas Pipeline \u2014 Kogi Corridor",
        "latitude": 7.57686,
        "longitude": 6.672941,
        "elevation": 43.0,
        "slope_deg": 0.11,
        "river_proximity_km": 3.0,
        "fault_distance_km": 8.62,
        "soil_type": "Corrosive Lowland Clay",
        "soil_risk": 1,
        "flooding_index": 0.484,
        "earthquake_factor": 0.131,
        "erosion_factor": 0.119,
        "landslide_index": 0.043,
        "soil_corrosivity_index": 0.778,
        "hoop_stress_ratio": 0.412,
        "pipe_diameter_inches": 40.0,
        "operating_pressure_psig": 1440.0,
        "pipe_material": "API 5L X80",
        "design_wall_thickness_mm": 22.2,
        "operational_age_years": 4.0,
        "corrosion_rate_mm_per_year": 0.35,
        "thickness_loss_mm": 1.4,
        "remaining_wall_thickness_mm": 20.8,
        "material_loss_percent": 6.3,
        "degradation_condition": "Normal",
        "failure_probability": 0.194,
        "failure_probability_percent": 19.4,
        "risk_class": "Low",
        "primary_hazard": "Corrosive Soil & Anoxic Groundwater Degradation",
        "failure_code": "ERR-GEO-CORR-04",
        "diagnostic_message": "KP 3.0: High external corrosion hazard (19.4%) resulting from saturated groundwater (Corrosivity Index 0.778) and anaerobic clay soil. Coating breakdown risk is high.",
        "remediation_plan": "Upgrade Impressed Current Cathodic Protection (ICCP), apply 3LPE coating repair, and conduct smart-pig inline inspection."
      },
      "geometry": {
        "type": "Point",
        "coordinates": [
          6.672941,
          7.57686
        ]
      }
    },
    {
      "type": "Feature",
      "properties": {
        "kp": 4.0,
        "pipeline_id": 1,
        "pipeline_code": "AKK-SEC1",
        "pipeline_name": "Ajaokuta\u2013Kaduna\u2013Kano (AKK) Gas Pipeline \u2014 Kogi Corridor",
        "latitude": 7.58368,
        "longitude": 6.678855,
        "elevation": 40.0,
        "slope_deg": 0.06,
        "river_proximity_km": 4.0,
        "fault_distance_km": 7.71,
        "soil_type": "Corrosive Lowland Clay",
        "soil_risk": 1,
        "flooding_index": 0.462,
        "earthquake_factor": 0.117,
        "erosion_factor": 0.126,
        "landslide_index": 0.051,
        "soil_corrosivity_index": 0.771,
        "hoop_stress_ratio": 0.412,
        "pipe_diameter_inches": 40.0,
        "operating_pressure_psig": 1440.0,
        "pipe_material": "API 5L X80",
        "design_wall_thickness_mm": 22.2,
        "operational_age_years": 4.0,
        "corrosion_rate_mm_per_year": 0.335,
        "thickness_loss_mm": 1.34,
        "remaining_wall_thickness_mm": 20.86,
        "material_loss_percent": 6.0,
        "degradation_condition": "Normal",
        "failure_probability": 0.1894,
        "failure_probability_percent": 18.9,
        "risk_class": "Low",
        "primary_hazard": "Corrosive Soil & Anoxic Groundwater Degradation",
        "failure_code": "ERR-GEO-CORR-04",
        "diagnostic_message": "KP 4.0: High external corrosion hazard (18.9%) resulting from saturated groundwater (Corrosivity Index 0.771) and anaerobic clay soil. Coating breakdown risk is high.",
        "remediation_plan": "Upgrade Impressed Current Cathodic Protection (ICCP), apply 3LPE coating repair, and conduct smart-pig inline inspection."
      },
      "geometry": {
        "type": "Point",
        "coordinates": [
          6.678855,
          7.58368
        ]
      }
    },
    {
      "type": "Feature",
      "properties": {
        "kp": 5.0,
        "pipeline_id": 1,
        "pipeline_code": "AKK-SEC1",
        "pipeline_name": "Ajaokuta\u2013Kaduna\u2013Kano (AKK) Gas Pipeline \u2014 Kogi Corridor",
        "latitude": 7.590543,
        "longitude": 6.684718,
        "elevation": 44.0,
        "slope_deg": 1.72,
        "river_proximity_km": 5.0,
        "fault_distance_km": 6.89,
        "soil_type": "Corrosive Lowland Clay",
        "soil_risk": 1,
        "flooding_index": 0.397,
        "earthquake_factor": 0.121,
        "erosion_factor": 0.179,
        "landslide_index": 0.131,
        "soil_corrosivity_index": 0.757,
        "hoop_stress_ratio": 0.412,
        "pipe_diameter_inches": 40.0,
        "operating_pressure_psig": 1440.0,
        "pipe_material": "API 5L X80",
        "design_wall_thickness_mm": 22.2,
        "operational_age_years": 4.0,
        "corrosion_rate_mm_per_year": 0.36,
        "thickness_loss_mm": 1.44,
        "remaining_wall_thickness_mm": 20.76,
        "material_loss_percent": 6.5,
        "degradation_condition": "Normal",
        "failure_probability": 0.1942,
        "failure_probability_percent": 19.4,
        "risk_class": "Low",
        "primary_hazard": "Corrosive Soil & Anoxic Groundwater Degradation",
        "failure_code": "ERR-GEO-CORR-04",
        "diagnostic_message": "KP 5.0: High external corrosion hazard (19.4%) resulting from saturated groundwater (Corrosivity Index 0.757) and anaerobic clay soil. Coating breakdown risk is high.",
        "remediation_plan": "Upgrade Impressed Current Cathodic Protection (ICCP), apply 3LPE coating repair, and conduct smart-pig inline inspection."
      },
      "geometry": {
        "type": "Point",
        "coordinates": [
          6.684718,
          7.590543
        ]
      }
    },
    {
      "type": "Feature",
      "properties": {
        "kp": 6.0,
        "pipeline_id": 1,
        "pipeline_code": "AKK-SEC1",
        "pipeline_name": "Ajaokuta\u2013Kaduna\u2013Kano (AKK) Gas Pipeline \u2014 Kogi Corridor",
        "latitude": 7.597417,
        "longitude": 6.690568,
        "elevation": 70.0,
        "slope_deg": 0.29,
        "river_proximity_km": 6.0,
        "fault_distance_km": 5.82,
        "soil_type": "Corrosive Lowland Clay",
        "soil_risk": 1,
        "flooding_index": 0.346,
        "earthquake_factor": 0.178,
        "erosion_factor": 0.1,
        "landslide_index": 0.06,
        "soil_corrosivity_index": 0.708,
        "hoop_stress_ratio": 0.412,
        "pipe_diameter_inches": 40.0,
        "operating_pressure_psig": 1440.0,
        "pipe_material": "API 5L X80",
        "design_wall_thickness_mm": 22.2,
        "operational_age_years": 4.0,
        "corrosion_rate_mm_per_year": 0.329,
        "thickness_loss_mm": 1.32,
        "remaining_wall_thickness_mm": 20.88,
        "material_loss_percent": 5.9,
        "degradation_condition": "Normal",
        "failure_probability": 0.1695,
        "failure_probability_percent": 17.0,
        "risk_class": "Low",
        "primary_hazard": "Corrosive Soil & Anoxic Groundwater Degradation",
        "failure_code": "ERR-GEO-CORR-04",
        "diagnostic_message": "KP 6.0: High external corrosion hazard (17.0%) resulting from saturated groundwater (Corrosivity Index 0.708) and anaerobic clay soil. Coating breakdown risk is high.",
        "remediation_plan": "Upgrade Impressed Current Cathodic Protection (ICCP), apply 3LPE coating repair, and conduct smart-pig inline inspection."
      },
      "geometry": {
        "type": "Point",
        "coordinates": [
          6.690568,
          7.597417
        ]
      }
    },
    {
      "type": "Feature",
      "properties": {
        "kp": 7.0,
        "pipeline_id": 1,
        "pipeline_code": "AKK-SEC1",
        "pipeline_name": "Ajaokuta\u2013Kaduna\u2013Kano (AKK) Gas Pipeline \u2014 Kogi Corridor",
        "latitude": 7.604292,
        "longitude": 6.696418,
        "elevation": 39.0,
        "slope_deg": 1.78,
        "river_proximity_km": 7.0,
        "fault_distance_km": 4.82,
        "soil_type": "Corrosive Lowland Clay",
        "soil_risk": 1,
        "flooding_index": 0.402,
        "earthquake_factor": 0.178,
        "erosion_factor": 0.14,
        "landslide_index": 0.104,
        "soil_corrosivity_index": 0.757,
        "hoop_stress_ratio": 0.412,
        "pipe_diameter_inches": 40.0,
        "operating_pressure_psig": 1440.0,
        "pipe_material": "API 5L X80",
        "design_wall_thickness_mm": 22.2,
        "operational_age_years": 4.0,
        "corrosion_rate_mm_per_year": 0.348,
        "thickness_loss_mm": 1.39,
        "remaining_wall_thickness_mm": 20.81,
        "material_loss_percent": 6.3,
        "degradation_condition": "Normal",
        "failure_probability": 0.1947,
        "failure_probability_percent": 19.5,
        "risk_class": "Low",
        "primary_hazard": "Corrosive Soil & Anoxic Groundwater Degradation",
        "failure_code": "ERR-GEO-CORR-04",
        "diagnostic_message": "KP 7.0: High external corrosion hazard (19.5%) resulting from saturated groundwater (Corrosivity Index 0.757) and anaerobic clay soil. Coating breakdown risk is high.",
        "remediation_plan": "Upgrade Impressed Current Cathodic Protection (ICCP), apply 3LPE coating repair, and conduct smart-pig inline inspection."
      },
      "geometry": {
        "type": "Point",
        "coordinates": [
          6.696418,
          7.604292
        ]
      }
    },
    {
      "type": "Feature",
      "properties": {
        "kp": 8.0,
        "pipeline_id": 1,
        "pipeline_code": "AKK-SEC1",
        "pipeline_name": "Ajaokuta\u2013Kaduna\u2013Kano (AKK) Gas Pipeline \u2014 Kogi Corridor",
        "latitude": 7.611166,
        "longitude": 6.702269,
        "elevation": 39.0,
        "slope_deg": 0.34,
        "river_proximity_km": 8.0,
        "fault_distance_km": 4.35,
        "soil_type": "Corrosive Lowland Clay",
        "soil_risk": 1,
        "flooding_index": 0.355,
        "earthquake_factor": 0.237,
        "erosion_factor": 0.114,
        "landslide_index": 0.075,
        "soil_corrosivity_index": 0.754,
        "hoop_stress_ratio": 0.412,
        "pipe_diameter_inches": 40.0,
        "operating_pressure_psig": 1440.0,
        "pipe_material": "API 5L X80",
        "design_wall_thickness_mm": 22.2,
        "operational_age_years": 4.0,
        "corrosion_rate_mm_per_year": 0.362,
        "thickness_loss_mm": 1.45,
        "remaining_wall_thickness_mm": 20.75,
        "material_loss_percent": 6.5,
        "degradation_condition": "Normal",
        "failure_probability": 0.1867,
        "failure_probability_percent": 18.7,
        "risk_class": "Low",
        "primary_hazard": "Corrosive Soil & Anoxic Groundwater Degradation",
        "failure_code": "ERR-GEO-CORR-04",
        "diagnostic_message": "KP 8.0: High external corrosion hazard (18.7%) resulting from saturated groundwater (Corrosivity Index 0.754) and anaerobic clay soil. Coating breakdown risk is high.",
        "remediation_plan": "Upgrade Impressed Current Cathodic Protection (ICCP), apply 3LPE coating repair, and conduct smart-pig inline inspection."
      },
      "geometry": {
        "type": "Point",
        "coordinates": [
          6.702269,
          7.611166
        ]
      }
    },
    {
      "type": "Feature",
      "properties": {
        "kp": 9.0,
        "pipeline_id": 1,
        "pipeline_code": "AKK-SEC1",
        "pipeline_name": "Ajaokuta\u2013Kaduna\u2013Kano (AKK) Gas Pipeline \u2014 Kogi Corridor",
        "latitude": 7.61804,
        "longitude": 6.708119,
        "elevation": 45.0,
        "slope_deg": 0.46,
        "river_proximity_km": 9.0,
        "fault_distance_km": 3.72,
        "soil_type": "Corrosive Lowland Clay",
        "soil_risk": 1,
        "flooding_index": 0.376,
        "earthquake_factor": 0.212,
        "erosion_factor": 0.066,
        "landslide_index": 0.047,
        "soil_corrosivity_index": 0.742,
        "hoop_stress_ratio": 0.412,
        "pipe_diameter_inches": 40.0,
        "operating_pressure_psig": 1440.0,
        "pipe_material": "API 5L X80",
        "design_wall_thickness_mm": 22.2,
        "operational_age_years": 4.0,
        "corrosion_rate_mm_per_year": 0.335,
        "thickness_loss_mm": 1.34,
        "remaining_wall_thickness_mm": 20.86,
        "material_loss_percent": 6.0,
        "degradation_condition": "Normal",
        "failure_probability": 0.1774,
        "failure_probability_percent": 17.7,
        "risk_class": "Low",
        "primary_hazard": "Corrosive Soil & Anoxic Groundwater Degradation",
        "failure_code": "ERR-GEO-CORR-04",
        "diagnostic_message": "KP 9.0: High external corrosion hazard (17.7%) resulting from saturated groundwater (Corrosivity Index 0.742) and anaerobic clay soil. Coating breakdown risk is high.",
        "remediation_plan": "Upgrade Impressed Current Cathodic Protection (ICCP), apply 3LPE coating repair, and conduct smart-pig inline inspection."
      },
      "geometry": {
        "type": "Point",
        "coordinates": [
          6.708119,
          7.61804
        ]
      }
    },
    {
      "type": "Feature",
      "properties": {
        "kp": 10.0,
        "pipeline_id": 1,
        "pipeline_code": "AKK-SEC1",
        "pipeline_name": "Ajaokuta\u2013Kaduna\u2013Kano (AKK) Gas Pipeline \u2014 Kogi Corridor",
        "latitude": 7.624914,
        "longitude": 6.713969,
        "elevation": 31.0,
        "slope_deg": 0.74,
        "river_proximity_km": 10.0,
        "fault_distance_km": 3.12,
        "soil_type": "Corrosive Lowland Clay",
        "soil_risk": 1,
        "flooding_index": 0.351,
        "earthquake_factor": 0.291,
        "erosion_factor": 0.08,
        "landslide_index": 0.058,
        "soil_corrosivity_index": 0.764,
        "hoop_stress_ratio": 0.412,
        "pipe_diameter_inches": 40.0,
        "operating_pressure_psig": 1440.0,
        "pipe_material": "API 5L X80",
        "design_wall_thickness_mm": 22.2,
        "operational_age_years": 4.0,
        "corrosion_rate_mm_per_year": 0.352,
        "thickness_loss_mm": 1.41,
        "remaining_wall_thickness_mm": 20.79,
        "material_loss_percent": 6.4,
        "degradation_condition": "Normal",
        "failure_probability": 0.1881,
        "failure_probability_percent": 18.8,
        "risk_class": "Low",
        "primary_hazard": "Corrosive Soil & Anoxic Groundwater Degradation",
        "failure_code": "ERR-GEO-CORR-04",
        "diagnostic_message": "KP 10.0: High external corrosion hazard (18.8%) resulting from saturated groundwater (Corrosivity Index 0.764) and anaerobic clay soil. Coating breakdown risk is high.",
        "remediation_plan": "Upgrade Impressed Current Cathodic Protection (ICCP), apply 3LPE coating repair, and conduct smart-pig inline inspection."
      },
      "geometry": {
        "type": "Point",
        "coordinates": [
          6.713969,
          7.624914
        ]
      }
    },
    {
      "type": "Feature",
      "properties": {
        "kp": 11.0,
        "pipeline_id": 1,
        "pipeline_code": "AKK-SEC1",
        "pipeline_name": "Ajaokuta\u2013Kaduna\u2013Kano (AKK) Gas Pipeline \u2014 Kogi Corridor",
        "latitude": 7.631788,
        "longitude": 6.719819,
        "elevation": 32.0,
        "slope_deg": 0.06,
        "river_proximity_km": 11.0,
        "fault_distance_km": 2.76,
        "soil_type": "Corrosive Lowland Clay",
        "soil_risk": 1,
        "flooding_index": 0.37,
        "earthquake_factor": 0.273,
        "erosion_factor": 0.114,
        "landslide_index": 0.053,
        "soil_corrosivity_index": 0.761,
        "hoop_stress_ratio": 0.412,
        "pipe_diameter_inches": 40.0,
        "operating_pressure_psig": 1440.0,
        "pipe_material": "API 5L X80",
        "design_wall_thickness_mm": 22.2,
        "operational_age_years": 4.0,
        "corrosion_rate_mm_per_year": 0.337,
        "thickness_loss_mm": 1.35,
        "remaining_wall_thickness_mm": 20.85,
        "material_loss_percent": 6.1,
        "degradation_condition": "Normal",
        "failure_probability": 0.1913,
        "failure_probability_percent": 19.1,
        "risk_class": "Low",
        "primary_hazard": "Corrosive Soil & Anoxic Groundwater Degradation",
        "failure_code": "ERR-GEO-CORR-04",
        "diagnostic_message": "KP 11.0: High external corrosion hazard (19.1%) resulting from saturated groundwater (Corrosivity Index 0.761) and anaerobic clay soil. Coating breakdown risk is high.",
        "remediation_plan": "Upgrade Impressed Current Cathodic Protection (ICCP), apply 3LPE coating repair, and conduct smart-pig inline inspection."
      },
      "geometry": {
        "type": "Point",
        "coordinates": [
          6.719819,
          7.631788
        ]
      }
    },
    {
      "type": "Feature",
      "properties": {
        "kp": 12.0,
        "pipeline_id": 1,
        "pipeline_code": "AKK-SEC1",
        "pipeline_name": "Ajaokuta\u2013Kaduna\u2013Kano (AKK) Gas Pipeline \u2014 Kogi Corridor",
        "latitude": 7.639221,
        "longitude": 6.724924,
        "elevation": 32.0,
        "slope_deg": 0.0,
        "river_proximity_km": 10.84,
        "fault_distance_km": 2.7,
        "soil_type": "Corrosive Lowland Clay",
        "soil_risk": 1,
        "flooding_index": 0.372,
        "earthquake_factor": 0.317,
        "erosion_factor": 0.093,
        "landslide_index": 0.051,
        "soil_corrosivity_index": 0.761,
        "hoop_stress_ratio": 0.412,
        "pipe_diameter_inches": 40.0,
        "operating_pressure_psig": 1440.0,
        "pipe_material": "API 5L X80",
        "design_wall_thickness_mm": 22.2,
        "operational_age_years": 4.0,
        "corrosion_rate_mm_per_year": 0.332,
        "thickness_loss_mm": 1.33,
        "remaining_wall_thickness_mm": 20.87,
        "material_loss_percent": 6.0,
        "degradation_condition": "Normal",
        "failure_probability": 0.1952,
        "failure_probability_percent": 19.5,
        "risk_class": "Low",
        "primary_hazard": "Corrosive Soil & Anoxic Groundwater Degradation",
        "failure_code": "ERR-GEO-CORR-04",
        "diagnostic_message": "KP 12.0: High external corrosion hazard (19.5%) resulting from saturated groundwater (Corrosivity Index 0.761) and anaerobic clay soil. Coating breakdown risk is high.",
        "remediation_plan": "Upgrade Impressed Current Cathodic Protection (ICCP), apply 3LPE coating repair, and conduct smart-pig inline inspection."
      },
      "geometry": {
        "type": "Point",
        "coordinates": [
          6.724924,
          7.639221
        ]
      }
    },
    {
      "type": "Feature",
      "properties": {
        "kp": 13.0,
        "pipeline_id": 1,
        "pipeline_code": "AKK-SEC1",
        "pipeline_name": "Ajaokuta\u2013Kaduna\u2013Kano (AKK) Gas Pipeline \u2014 Kogi Corridor",
        "latitude": 7.646673,
        "longitude": 6.730004,
        "elevation": 32.0,
        "slope_deg": 0.06,
        "river_proximity_km": 9.84,
        "fault_distance_km": 3.24,
        "soil_type": "Corrosive Lowland Clay",
        "soil_risk": 1,
        "flooding_index": 0.343,
        "earthquake_factor": 0.285,
        "erosion_factor": 0.089,
        "landslide_index": 0.035,
        "soil_corrosivity_index": 0.763,
        "hoop_stress_ratio": 0.412,
        "pipe_diameter_inches": 40.0,
        "operating_pressure_psig": 1440.0,
        "pipe_material": "API 5L X80",
        "design_wall_thickness_mm": 22.2,
        "operational_age_years": 4.0,
        "corrosion_rate_mm_per_year": 0.332,
        "thickness_loss_mm": 1.33,
        "remaining_wall_thickness_mm": 20.87,
        "material_loss_percent": 6.0,
        "degradation_condition": "Normal",
        "failure_probability": 0.183,
        "failure_probability_percent": 18.3,
        "risk_class": "Low",
        "primary_hazard": "Corrosive Soil & Anoxic Groundwater Degradation",
        "failure_code": "ERR-GEO-CORR-04",
        "diagnostic_message": "KP 13.0: High external corrosion hazard (18.3%) resulting from saturated groundwater (Corrosivity Index 0.763) and anaerobic clay soil. Coating breakdown risk is high.",
        "remediation_plan": "Upgrade Impressed Current Cathodic Protection (ICCP), apply 3LPE coating repair, and conduct smart-pig inline inspection."
      },
      "geometry": {
        "type": "Point",
        "coordinates": [
          6.730004,
          7.646673
        ]
      }
    },
    {
      "type": "Feature",
      "properties": {
        "kp": 14.0,
        "pipeline_id": 1,
        "pipeline_code": "AKK-SEC1",
        "pipeline_name": "Ajaokuta\u2013Kaduna\u2013Kano (AKK) Gas Pipeline \u2014 Kogi Corridor",
        "latitude": 7.654125,
        "longitude": 6.735085,
        "elevation": 33.0,
        "slope_deg": 0.06,
        "river_proximity_km": 8.84,
        "fault_distance_km": 3.78,
        "soil_type": "Corrosive Lowland Clay",
        "soil_risk": 1,
        "flooding_index": 0.36,
        "earthquake_factor": 0.247,
        "erosion_factor": 0.094,
        "landslide_index": 0.058,
        "soil_corrosivity_index": 0.763,
        "hoop_stress_ratio": 0.412,
        "pipe_diameter_inches": 40.0,
        "operating_pressure_psig": 1440.0,
        "pipe_material": "API 5L X80",
        "design_wall_thickness_mm": 22.2,
        "operational_age_years": 4.0,
        "corrosion_rate_mm_per_year": 0.349,
        "thickness_loss_mm": 1.4,
        "remaining_wall_thickness_mm": 20.8,
        "material_loss_percent": 6.3,
        "degradation_condition": "Normal",
        "failure_probability": 0.1852,
        "failure_probability_percent": 18.5,
        "risk_class": "Low",
        "primary_hazard": "Corrosive Soil & Anoxic Groundwater Degradation",
        "failure_code": "ERR-GEO-CORR-04",
        "diagnostic_message": "KP 14.0: High external corrosion hazard (18.5%) resulting from saturated groundwater (Corrosivity Index 0.763) and anaerobic clay soil. Coating breakdown risk is high.",
        "remediation_plan": "Upgrade Impressed Current Cathodic Protection (ICCP), apply 3LPE coating repair, and conduct smart-pig inline inspection."
      },
      "geometry": {
        "type": "Point",
        "coordinates": [
          6.735085,
          7.654125
        ]
      }
    },
    {
      "type": "Feature",
      "properties": {
        "kp": 15.0,
        "pipeline_id": 1,
        "pipeline_code": "AKK-SEC1",
        "pipeline_name": "Ajaokuta\u2013Kaduna\u2013Kano (AKK) Gas Pipeline \u2014 Kogi Corridor",
        "latitude": 7.661576,
        "longitude": 6.740166,
        "elevation": 33.0,
        "slope_deg": 0.06,
        "river_proximity_km": 7.84,
        "fault_distance_km": 4.38,
        "soil_type": "Corrosive Lowland Clay",
        "soil_risk": 1,
        "flooding_index": 0.389,
        "earthquake_factor": 0.223,
        "erosion_factor": 0.092,
        "landslide_index": 0.054,
        "soil_corrosivity_index": 0.765,
        "hoop_stress_ratio": 0.412,
        "pipe_diameter_inches": 40.0,
        "operating_pressure_psig": 1440.0,
        "pipe_material": "API 5L X80",
        "design_wall_thickness_mm": 22.2,
        "operational_age_years": 4.0,
        "corrosion_rate_mm_per_year": 0.35,
        "thickness_loss_mm": 1.4,
        "remaining_wall_thickness_mm": 20.8,
        "material_loss_percent": 6.3,
        "degradation_condition": "Normal",
        "failure_probability": 0.1868,
        "failure_probability_percent": 18.7,
        "risk_class": "Low",
        "primary_hazard": "Corrosive Soil & Anoxic Groundwater Degradation",
        "failure_code": "ERR-GEO-CORR-04",
        "diagnostic_message": "KP 15.0: High external corrosion hazard (18.7%) resulting from saturated groundwater (Corrosivity Index 0.765) and anaerobic clay soil. Coating breakdown risk is high.",
        "remediation_plan": "Upgrade Impressed Current Cathodic Protection (ICCP), apply 3LPE coating repair, and conduct smart-pig inline inspection."
      },
      "geometry": {
        "type": "Point",
        "coordinates": [
          6.740166,
          7.661576
        ]
      }
    },
    {
      "type": "Feature",
      "properties": {
        "kp": 16.0,
        "pipeline_id": 1,
        "pipeline_code": "AKK-SEC1",
        "pipeline_name": "Ajaokuta\u2013Kaduna\u2013Kano (AKK) Gas Pipeline \u2014 Kogi Corridor",
        "latitude": 7.669028,
        "longitude": 6.745246,
        "elevation": 34.0,
        "slope_deg": 0.06,
        "river_proximity_km": 6.84,
        "fault_distance_km": 5.43,
        "soil_type": "Corrosive Lowland Clay",
        "soil_risk": 1,
        "flooding_index": 0.385,
        "earthquake_factor": 0.147,
        "erosion_factor": 0.062,
        "landslide_index": 0.025,
        "soil_corrosivity_index": 0.766,
        "hoop_stress_ratio": 0.412,
        "pipe_diameter_inches": 40.0,
        "operating_pressure_psig": 1440.0,
        "pipe_material": "API 5L X80",
        "design_wall_thickness_mm": 22.2,
        "operational_age_years": 4.0,
        "corrosion_rate_mm_per_year": 0.357,
        "thickness_loss_mm": 1.43,
        "remaining_wall_thickness_mm": 20.77,
        "material_loss_percent": 6.4,
        "degradation_condition": "Normal",
        "failure_probability": 0.1689,
        "failure_probability_percent": 16.9,
        "risk_class": "Low",
        "primary_hazard": "Corrosive Soil & Anoxic Groundwater Degradation",
        "failure_code": "ERR-GEO-CORR-04",
        "diagnostic_message": "KP 16.0: High external corrosion hazard (16.9%) resulting from saturated groundwater (Corrosivity Index 0.766) and anaerobic clay soil. Coating breakdown risk is high.",
        "remediation_plan": "Upgrade Impressed Current Cathodic Protection (ICCP), apply 3LPE coating repair, and conduct smart-pig inline inspection."
      },
      "geometry": {
        "type": "Point",
        "coordinates": [
          6.745246,
          7.669028
        ]
      }
    },
    {
      "type": "Feature",
      "properties": {
        "kp": 17.0,
        "pipeline_id": 1,
        "pipeline_code": "AKK-SEC1",
        "pipeline_name": "Ajaokuta\u2013Kaduna\u2013Kano (AKK) Gas Pipeline \u2014 Kogi Corridor",
        "latitude": 7.676479,
        "longitude": 6.750327,
        "elevation": 34.0,
        "slope_deg": 0.06,
        "river_proximity_km": 5.84,
        "fault_distance_km": 6.17,
        "soil_type": "Corrosive Lowland Clay",
        "soil_risk": 1,
        "flooding_index": 0.405,
        "earthquake_factor": 0.184,
        "erosion_factor": 0.081,
        "landslide_index": 0.04,
        "soil_corrosivity_index": 0.77,
        "hoop_stress_ratio": 0.412,
        "pipe_diameter_inches": 40.0,
        "operating_pressure_psig": 1440.0,
        "pipe_material": "API 5L X80",
        "design_wall_thickness_mm": 22.2,
        "operational_age_years": 4.0,
        "corrosion_rate_mm_per_year": 0.363,
        "thickness_loss_mm": 1.45,
        "remaining_wall_thickness_mm": 20.75,
        "material_loss_percent": 6.5,
        "degradation_condition": "Normal",
        "failure_probability": 0.1819,
        "failure_probability_percent": 18.2,
        "risk_class": "Low",
        "primary_hazard": "Corrosive Soil & Anoxic Groundwater Degradation",
        "failure_code": "ERR-GEO-CORR-04",
        "diagnostic_message": "KP 17.0: High external corrosion hazard (18.2%) resulting from saturated groundwater (Corrosivity Index 0.77) and anaerobic clay soil. Coating breakdown risk is high.",
        "remediation_plan": "Upgrade Impressed Current Cathodic Protection (ICCP), apply 3LPE coating repair, and conduct smart-pig inline inspection."
      },
      "geometry": {
        "type": "Point",
        "coordinates": [
          6.750327,
          7.676479
        ]
      }
    },
    {
      "type": "Feature",
      "properties": {
        "kp": 18.0,
        "pipeline_id": 1,
        "pipeline_code": "AKK-SEC1",
        "pipeline_name": "Ajaokuta\u2013Kaduna\u2013Kano (AKK) Gas Pipeline \u2014 Kogi Corridor",
        "latitude": 7.683931,
        "longitude": 6.755407,
        "elevation": 35.0,
        "slope_deg": 0.06,
        "river_proximity_km": 4.84,
        "fault_distance_km": 7.01,
        "soil_type": "Corrosive Lowland Clay",
        "soil_risk": 1,
        "flooding_index": 0.405,
        "earthquake_factor": 0.132,
        "erosion_factor": 0.085,
        "landslide_index": 0.061,
        "soil_corrosivity_index": 0.774,
        "hoop_stress_ratio": 0.412,
        "pipe_diameter_inches": 40.0,
        "operating_pressure_psig": 1440.0,
        "pipe_material": "API 5L X80",
        "design_wall_thickness_mm": 22.2,
        "operational_age_years": 4.0,
        "corrosion_rate_mm_per_year": 0.366,
        "thickness_loss_mm": 1.46,
        "remaining_wall_thickness_mm": 20.74,
        "material_loss_percent": 6.6,
        "degradation_condition": "Normal",
        "failure_probability": 0.1791,
        "failure_probability_percent": 17.9,
        "risk_class": "Low",
        "primary_hazard": "Corrosive Soil & Anoxic Groundwater Degradation",
        "failure_code": "ERR-GEO-CORR-04",
        "diagnostic_message": "KP 18.0: High external corrosion hazard (17.9%) resulting from saturated groundwater (Corrosivity Index 0.774) and anaerobic clay soil. Coating breakdown risk is high.",
        "remediation_plan": "Upgrade Impressed Current Cathodic Protection (ICCP), apply 3LPE coating repair, and conduct smart-pig inline inspection."
      },
      "geometry": {
        "type": "Point",
        "coordinates": [
          6.755407,
          7.683931
        ]
      }
    },
    {
      "type": "Feature",
      "properties": {
        "kp": 19.0,
        "pipeline_id": 1,
        "pipeline_code": "AKK-SEC1",
        "pipeline_name": "Ajaokuta\u2013Kaduna\u2013Kano (AKK) Gas Pipeline \u2014 Kogi Corridor",
        "latitude": 7.691382,
        "longitude": 6.760488,
        "elevation": 35.0,
        "slope_deg": 0.0,
        "river_proximity_km": 3.84,
        "fault_distance_km": 8.18,
        "soil_type": "Corrosive Lowland Clay",
        "soil_risk": 1,
        "flooding_index": 0.478,
        "earthquake_factor": 0.147,
        "erosion_factor": 0.101,
        "landslide_index": 0.058,
        "soil_corrosivity_index": 0.781,
        "hoop_stress_ratio": 0.412,
        "pipe_diameter_inches": 40.0,
        "operating_pressure_psig": 1440.0,
        "pipe_material": "API 5L X80",
        "design_wall_thickness_mm": 22.2,
        "operational_age_years": 4.0,
        "corrosion_rate_mm_per_year": 0.358,
        "thickness_loss_mm": 1.43,
        "remaining_wall_thickness_mm": 20.77,
        "material_loss_percent": 6.4,
        "degradation_condition": "Normal",
        "failure_probability": 0.196,
        "failure_probability_percent": 19.6,
        "risk_class": "Low",
        "primary_hazard": "Corrosive Soil & Anoxic Groundwater Degradation",
        "failure_code": "ERR-GEO-CORR-04",
        "diagnostic_message": "KP 19.0: High external corrosion hazard (19.6%) resulting from saturated groundwater (Corrosivity Index 0.781) and anaerobic clay soil. Coating breakdown risk is high.",
        "remediation_plan": "Upgrade Impressed Current Cathodic Protection (ICCP), apply 3LPE coating repair, and conduct smart-pig inline inspection."
      },
      "geometry": {
        "type": "Point",
        "coordinates": [
          6.760488,
          7.691382
        ]
      }
    },
    {
      "type": "Feature",
      "properties": {
        "kp": 20.0,
        "pipeline_id": 1,
        "pipeline_code": "AKK-SEC1",
        "pipeline_name": "Ajaokuta\u2013Kaduna\u2013Kano (AKK) Gas Pipeline \u2014 Kogi Corridor",
        "latitude": 7.698834,
        "longitude": 6.765569,
        "elevation": 35.0,
        "slope_deg": 0.57,
        "river_proximity_km": 2.84,
        "fault_distance_km": 9.22,
        "soil_type": "Corrosive Lowland Clay",
        "soil_risk": 1,
        "flooding_index": 0.533,
        "earthquake_factor": 0.107,
        "erosion_factor": 0.13,
        "landslide_index": 0.052,
        "soil_corrosivity_index": 0.788,
        "hoop_stress_ratio": 0.412,
        "pipe_diameter_inches": 40.0,
        "operating_pressure_psig": 1440.0,
        "pipe_material": "API 5L X80",
        "design_wall_thickness_mm": 22.2,
        "operational_age_years": 4.0,
        "corrosion_rate_mm_per_year": 0.357,
        "thickness_loss_mm": 1.43,
        "remaining_wall_thickness_mm": 20.77,
        "material_loss_percent": 6.4,
        "degradation_condition": "Normal",
        "failure_probability": 0.2032,
        "failure_probability_percent": 20.3,
        "risk_class": "Medium",
        "primary_hazard": "Corrosive Soil & Anoxic Groundwater Degradation",
        "failure_code": "ERR-GEO-CORR-04",
        "diagnostic_message": "KP 20.0: High external corrosion hazard (20.3%) resulting from saturated groundwater (Corrosivity Index 0.788) and anaerobic clay soil. Coating breakdown risk is high.",
        "remediation_plan": "Upgrade Impressed Current Cathodic Protection (ICCP), apply 3LPE coating repair, and conduct smart-pig inline inspection."
      },
      "geometry": {
        "type": "Point",
        "coordinates": [
          6.765569,
          7.698834
        ]
      }
    },
    {
      "type": "Feature",
      "properties": {
        "kp": 21.0,
        "pipeline_id": 1,
        "pipeline_code": "AKK-SEC1",
        "pipeline_name": "Ajaokuta\u2013Kaduna\u2013Kano (AKK) Gas Pipeline \u2014 Kogi Corridor",
        "latitude": 7.706286,
        "longitude": 6.770649,
        "elevation": 45.0,
        "slope_deg": 1.66,
        "river_proximity_km": 1.84,
        "fault_distance_km": 10.18,
        "soil_type": "Corrosive Lowland Clay",
        "soil_risk": 1,
        "flooding_index": 0.625,
        "earthquake_factor": 0.081,
        "erosion_factor": 0.226,
        "landslide_index": 0.107,
        "soil_corrosivity_index": 0.788,
        "hoop_stress_ratio": 0.412,
        "pipe_diameter_inches": 40.0,
        "operating_pressure_psig": 1440.0,
        "pipe_material": "API 5L X80",
        "design_wall_thickness_mm": 22.2,
        "operational_age_years": 4.0,
        "corrosion_rate_mm_per_year": 0.348,
        "thickness_loss_mm": 1.39,
        "remaining_wall_thickness_mm": 20.81,
        "material_loss_percent": 6.3,
        "degradation_condition": "Normal",
        "failure_probability": 0.234,
        "failure_probability_percent": 23.4,
        "risk_class": "Medium",
        "primary_hazard": "Corrosive Soil & Anoxic Groundwater Degradation",
        "failure_code": "ERR-GEO-CORR-04",
        "diagnostic_message": "KP 21.0: High external corrosion hazard (23.4%) resulting from saturated groundwater (Corrosivity Index 0.788) and anaerobic clay soil. Coating breakdown risk is high.",
        "remediation_plan": "Upgrade Impressed Current Cathodic Protection (ICCP), apply 3LPE coating repair, and conduct smart-pig inline inspection."
      },
      "geometry": {
        "type": "Point",
        "coordinates": [
          6.770649,
          7.706286
        ]
      }
    },
    {
      "type": "Feature",
      "properties": {
        "kp": 22.0,
        "pipeline_id": 1,
        "pipeline_code": "AKK-SEC1",
        "pipeline_name": "Ajaokuta\u2013Kaduna\u2013Kano (AKK) Gas Pipeline \u2014 Kogi Corridor",
        "latitude": 7.713737,
        "longitude": 6.77573,
        "elevation": 64.0,
        "slope_deg": 1.32,
        "river_proximity_km": 0.84,
        "fault_distance_km": 10.72,
        "soil_type": "Saturated Alluvial Silty Clay",
        "soil_risk": 2,
        "flooding_index": 0.867,
        "earthquake_factor": 0.133,
        "erosion_factor": 0.296,
        "landslide_index": 0.11,
        "soil_corrosivity_index": 0.97,
        "hoop_stress_ratio": 0.412,
        "pipe_diameter_inches": 40.0,
        "operating_pressure_psig": 1440.0,
        "pipe_material": "API 5L X80",
        "design_wall_thickness_mm": 22.2,
        "operational_age_years": 4.0,
        "corrosion_rate_mm_per_year": 0.437,
        "thickness_loss_mm": 1.75,
        "remaining_wall_thickness_mm": 20.45,
        "material_loss_percent": 7.9,
        "degradation_condition": "Normal",
        "failure_probability": 0.3084,
        "failure_probability_percent": 30.8,
        "risk_class": "Medium",
        "primary_hazard": "Corrosive Soil & Anoxic Groundwater Degradation",
        "failure_code": "ERR-GEO-CORR-04",
        "diagnostic_message": "KP 22.0: High external corrosion hazard (30.8%) resulting from saturated groundwater (Corrosivity Index 0.97) and anaerobic clay soil. Coating breakdown risk is high.",
        "remediation_plan": "Upgrade Impressed Current Cathodic Protection (ICCP), apply 3LPE coating repair, and conduct smart-pig inline inspection."
      },
      "geometry": {
        "type": "Point",
        "coordinates": [
          6.77573,
          7.713737
        ]
      }
    },
    {
      "type": "Feature",
      "properties": {
        "kp": 23.0,
        "pipeline_id": 1,
        "pipeline_code": "AKK-SEC1",
        "pipeline_name": "Ajaokuta\u2013Kaduna\u2013Kano (AKK) Gas Pipeline \u2014 Kogi Corridor",
        "latitude": 7.721099,
        "longitude": 6.78093,
        "elevation": 68.0,
        "slope_deg": 0.8,
        "river_proximity_km": 0.16,
        "fault_distance_km": 11.84,
        "soil_type": "Saturated Alluvial Silty Clay",
        "soil_risk": 2,
        "flooding_index": 0.98,
        "earthquake_factor": 0.127,
        "erosion_factor": 0.453,
        "landslide_index": 0.092,
        "soil_corrosivity_index": 0.97,
        "hoop_stress_ratio": 0.412,
        "pipe_diameter_inches": 40.0,
        "operating_pressure_psig": 1440.0,
        "pipe_material": "API 5L X80",
        "design_wall_thickness_mm": 22.2,
        "operational_age_years": 4.0,
        "corrosion_rate_mm_per_year": 0.421,
        "thickness_loss_mm": 1.68,
        "remaining_wall_thickness_mm": 20.52,
        "material_loss_percent": 7.6,
        "degradation_condition": "Normal",
        "failure_probability": 0.3397,
        "failure_probability_percent": 34.0,
        "risk_class": "Medium",
        "primary_hazard": "Hydrodynamic River Scour & Flood Inundation",
        "failure_code": "ERR-GEO-HYDRO-01",
        "diagnostic_message": "KP 23.0: High failure probability (34.0%) driven by severe River Niger flood inundation (Flood Index 0.98, 0.16 km proximity). Current scour threatens to un-seat buried pipe.",
        "remediation_plan": "Perform Horizontal Directional Drilling (HDD) deep riverbed re-burial & install concrete articulated weighting mats."
      },
      "geometry": {
        "type": "Point",
        "coordinates": [
          6.78093,
          7.721099
        ]
      }
    },
    {
      "type": "Feature",
      "properties": {
        "kp": 24.0,
        "pipeline_id": 1,
        "pipeline_code": "AKK-SEC1",
        "pipeline_name": "Ajaokuta\u2013Kaduna\u2013Kano (AKK) Gas Pipeline \u2014 Kogi Corridor",
        "latitude": 7.727991,
        "longitude": 6.786762,
        "elevation": 78.0,
        "slope_deg": 1.49,
        "river_proximity_km": 1.16,
        "fault_distance_km": 12.78,
        "soil_type": "Saturated Alluvial Silty Clay",
        "soil_risk": 2,
        "flooding_index": 0.703,
        "earthquake_factor": 0.101,
        "erosion_factor": 0.274,
        "landslide_index": 0.107,
        "soil_corrosivity_index": 0.97,
        "hoop_stress_ratio": 0.412,
        "pipe_diameter_inches": 40.0,
        "operating_pressure_psig": 1440.0,
        "pipe_material": "API 5L X80",
        "design_wall_thickness_mm": 22.2,
        "operational_age_years": 4.0,
        "corrosion_rate_mm_per_year": 0.42,
        "thickness_loss_mm": 1.68,
        "remaining_wall_thickness_mm": 20.52,
        "material_loss_percent": 7.6,
        "degradation_condition": "Normal",
        "failure_probability": 0.2718,
        "failure_probability_percent": 27.2,
        "risk_class": "Medium",
        "primary_hazard": "Corrosive Soil & Anoxic Groundwater Degradation",
        "failure_code": "ERR-GEO-CORR-04",
        "diagnostic_message": "KP 24.0: High external corrosion hazard (27.2%) resulting from saturated groundwater (Corrosivity Index 0.97) and anaerobic clay soil. Coating breakdown risk is high.",
        "remediation_plan": "Upgrade Impressed Current Cathodic Protection (ICCP), apply 3LPE coating repair, and conduct smart-pig inline inspection."
      },
      "geometry": {
        "type": "Point",
        "coordinates": [
          6.786762,
          7.727991
        ]
      }
    },
    {
      "type": "Feature",
      "properties": {
        "kp": 25.0,
        "pipeline_id": 1,
        "pipeline_code": "AKK-SEC1",
        "pipeline_name": "Ajaokuta\u2013Kaduna\u2013Kano (AKK) Gas Pipeline \u2014 Kogi Corridor",
        "latitude": 7.734883,
        "longitude": 6.792593,
        "elevation": 94.0,
        "slope_deg": 0.0,
        "river_proximity_km": 2.16,
        "fault_distance_km": 14.14,
        "soil_type": "Stable Sandy Loam",
        "soil_risk": 0,
        "flooding_index": 0.503,
        "earthquake_factor": 0.067,
        "erosion_factor": 0.174,
        "landslide_index": 0.098,
        "soil_corrosivity_index": 0.506,
        "hoop_stress_ratio": 0.412,
        "pipe_diameter_inches": 40.0,
        "operating_pressure_psig": 1440.0,
        "pipe_material": "API 5L X80",
        "design_wall_thickness_mm": 22.2,
        "operational_age_years": 4.0,
        "corrosion_rate_mm_per_year": 0.242,
        "thickness_loss_mm": 0.97,
        "remaining_wall_thickness_mm": 21.23,
        "material_loss_percent": 4.4,
        "degradation_condition": "Normal",
        "failure_probability": 0.178,
        "failure_probability_percent": 17.8,
        "risk_class": "Low",
        "primary_hazard": "Corrosive Soil & Anoxic Groundwater Degradation",
        "failure_code": "ERR-GEO-CORR-04",
        "diagnostic_message": "KP 25.0: High external corrosion hazard (17.8%) resulting from saturated groundwater (Corrosivity Index 0.506) and anaerobic clay soil. Coating breakdown risk is high.",
        "remediation_plan": "Upgrade Impressed Current Cathodic Protection (ICCP), apply 3LPE coating repair, and conduct smart-pig inline inspection."
      },
      "geometry": {
        "type": "Point",
        "coordinates": [
          6.792593,
          7.734883
        ]
      }
    },
    {
      "type": "Feature",
      "properties": {
        "kp": 26.0,
        "pipeline_id": 1,
        "pipeline_code": "AKK-SEC1",
        "pipeline_name": "Ajaokuta\u2013Kaduna\u2013Kano (AKK) Gas Pipeline \u2014 Kogi Corridor",
        "latitude": 7.741775,
        "longitude": 6.798425,
        "elevation": 78.0,
        "slope_deg": 1.09,
        "river_proximity_km": 3.16,
        "fault_distance_km": 15.0,
        "soil_type": "Corrosive Lowland Clay",
        "soil_risk": 1,
        "flooding_index": 0.462,
        "earthquake_factor": 0.069,
        "erosion_factor": 0.181,
        "landslide_index": 0.104,
        "soil_corrosivity_index": 0.715,
        "hoop_stress_ratio": 0.412,
        "pipe_diameter_inches": 40.0,
        "operating_pressure_psig": 1440.0,
        "pipe_material": "API 5L X80",
        "design_wall_thickness_mm": 22.2,
        "operational_age_years": 4.0,
        "corrosion_rate_mm_per_year": 0.337,
        "thickness_loss_mm": 1.35,
        "remaining_wall_thickness_mm": 20.85,
        "material_loss_percent": 6.1,
        "degradation_condition": "Normal",
        "failure_probability": 0.1914,
        "failure_probability_percent": 19.1,
        "risk_class": "Low",
        "primary_hazard": "Corrosive Soil & Anoxic Groundwater Degradation",
        "failure_code": "ERR-GEO-CORR-04",
        "diagnostic_message": "KP 26.0: High external corrosion hazard (19.1%) resulting from saturated groundwater (Corrosivity Index 0.715) and anaerobic clay soil. Coating breakdown risk is high.",
        "remediation_plan": "Upgrade Impressed Current Cathodic Protection (ICCP), apply 3LPE coating repair, and conduct smart-pig inline inspection."
      },
      "geometry": {
        "type": "Point",
        "coordinates": [
          6.798425,
          7.741775
        ]
      }
    },
    {
      "type": "Feature",
      "properties": {
        "kp": 27.0,
        "pipeline_id": 1,
        "pipeline_code": "AKK-SEC1",
        "pipeline_name": "Ajaokuta\u2013Kaduna\u2013Kano (AKK) Gas Pipeline \u2014 Kogi Corridor",
        "latitude": 7.748666,
        "longitude": 6.804256,
        "elevation": 75.0,
        "slope_deg": 0.4,
        "river_proximity_km": 4.16,
        "fault_distance_km": 15.97,
        "soil_type": "Corrosive Lowland Clay",
        "soil_risk": 1,
        "flooding_index": 0.409,
        "earthquake_factor": 0.057,
        "erosion_factor": 0.155,
        "landslide_index": 0.075,
        "soil_corrosivity_index": 0.71,
        "hoop_stress_ratio": 0.412,
        "pipe_diameter_inches": 40.0,
        "operating_pressure_psig": 1440.0,
        "pipe_material": "API 5L X80",
        "design_wall_thickness_mm": 22.2,
        "operational_age_years": 4.0,
        "corrosion_rate_mm_per_year": 0.317,
        "thickness_loss_mm": 1.27,
        "remaining_wall_thickness_mm": 20.93,
        "material_loss_percent": 5.7,
        "degradation_condition": "Normal",
        "failure_probability": 0.1728,
        "failure_probability_percent": 17.3,
        "risk_class": "Low",
        "primary_hazard": "Corrosive Soil & Anoxic Groundwater Degradation",
        "failure_code": "ERR-GEO-CORR-04",
        "diagnostic_message": "KP 27.0: High external corrosion hazard (17.3%) resulting from saturated groundwater (Corrosivity Index 0.71) and anaerobic clay soil. Coating breakdown risk is high.",
        "remediation_plan": "Upgrade Impressed Current Cathodic Protection (ICCP), apply 3LPE coating repair, and conduct smart-pig inline inspection."
      },
      "geometry": {
        "type": "Point",
        "coordinates": [
          6.804256,
          7.748666
        ]
      }
    },
    {
      "type": "Feature",
      "properties": {
        "kp": 28.0,
        "pipeline_id": 1,
        "pipeline_code": "AKK-SEC1",
        "pipeline_name": "Ajaokuta\u2013Kaduna\u2013Kano (AKK) Gas Pipeline \u2014 Kogi Corridor",
        "latitude": 7.755558,
        "longitude": 6.810088,
        "elevation": 71.0,
        "slope_deg": 0.4,
        "river_proximity_km": 5.16,
        "fault_distance_km": 16.6,
        "soil_type": "Corrosive Lowland Clay",
        "soil_risk": 1,
        "flooding_index": 0.387,
        "earthquake_factor": 0.091,
        "erosion_factor": 0.076,
        "landslide_index": 0.08,
        "soil_corrosivity_index": 0.71,
        "hoop_stress_ratio": 0.412,
        "pipe_diameter_inches": 40.0,
        "operating_pressure_psig": 1440.0,
        "pipe_material": "API 5L X80",
        "design_wall_thickness_mm": 22.2,
        "operational_age_years": 4.0,
        "corrosion_rate_mm_per_year": 0.319,
        "thickness_loss_mm": 1.28,
        "remaining_wall_thickness_mm": 20.92,
        "material_loss_percent": 5.8,
        "degradation_condition": "Normal",
        "failure_probability": 0.1668,
        "failure_probability_percent": 16.7,
        "risk_class": "Low",
        "primary_hazard": "Corrosive Soil & Anoxic Groundwater Degradation",
        "failure_code": "ERR-GEO-CORR-04",
        "diagnostic_message": "KP 28.0: High external corrosion hazard (16.7%) resulting from saturated groundwater (Corrosivity Index 0.71) and anaerobic clay soil. Coating breakdown risk is high.",
        "remediation_plan": "Upgrade Impressed Current Cathodic Protection (ICCP), apply 3LPE coating repair, and conduct smart-pig inline inspection."
      },
      "geometry": {
        "type": "Point",
        "coordinates": [
          6.810088,
          7.755558
        ]
      }
    },
    {
      "type": "Feature",
      "properties": {
        "kp": 29.0,
        "pipeline_id": 1,
        "pipeline_code": "AKK-SEC1",
        "pipeline_name": "Ajaokuta\u2013Kaduna\u2013Kano (AKK) Gas Pipeline \u2014 Kogi Corridor",
        "latitude": 7.76245,
        "longitude": 6.815919,
        "elevation": 68.0,
        "slope_deg": 0.11,
        "river_proximity_km": 6.16,
        "fault_distance_km": 17.96,
        "soil_type": "Corrosive Lowland Clay",
        "soil_risk": 1,
        "flooding_index": 0.349,
        "earthquake_factor": 0.088,
        "erosion_factor": 0.091,
        "landslide_index": 0.084,
        "soil_corrosivity_index": 0.711,
        "hoop_stress_ratio": 0.412,
        "pipe_diameter_inches": 40.0,
        "operating_pressure_psig": 1440.0,
        "pipe_material": "API 5L X80",
        "design_wall_thickness_mm": 22.2,
        "operational_age_years": 4.0,
        "corrosion_rate_mm_per_year": 0.316,
        "thickness_loss_mm": 1.26,
        "remaining_wall_thickness_mm": 20.94,
        "material_loss_percent": 5.7,
        "degradation_condition": "Normal",
        "failure_probability": 0.1615,
        "failure_probability_percent": 16.2,
        "risk_class": "Low",
        "primary_hazard": "Corrosive Soil & Anoxic Groundwater Degradation",
        "failure_code": "ERR-GEO-CORR-04",
        "diagnostic_message": "KP 29.0: High external corrosion hazard (16.2%) resulting from saturated groundwater (Corrosivity Index 0.711) and anaerobic clay soil. Coating breakdown risk is high.",
        "remediation_plan": "Upgrade Impressed Current Cathodic Protection (ICCP), apply 3LPE coating repair, and conduct smart-pig inline inspection."
      },
      "geometry": {
        "type": "Point",
        "coordinates": [
          6.815919,
          7.76245
        ]
      }
    },
    {
      "type": "Feature",
      "properties": {
        "kp": 30.0,
        "pipeline_id": 1,
        "pipeline_code": "AKK-SEC1",
        "pipeline_name": "Ajaokuta\u2013Kaduna\u2013Kano (AKK) Gas Pipeline \u2014 Kogi Corridor",
        "latitude": 7.769341,
        "longitude": 6.82175,
        "elevation": 73.0,
        "slope_deg": 0.52,
        "river_proximity_km": 7.16,
        "fault_distance_km": 18.77,
        "soil_type": "Corrosive Lowland Clay",
        "soil_risk": 1,
        "flooding_index": 0.327,
        "earthquake_factor": 0.1,
        "erosion_factor": 0.131,
        "landslide_index": 0.075,
        "soil_corrosivity_index": 0.699,
        "hoop_stress_ratio": 0.412,
        "pipe_diameter_inches": 40.0,
        "operating_pressure_psig": 1440.0,
        "pipe_material": "API 5L X80",
        "design_wall_thickness_mm": 22.2,
        "operational_age_years": 4.0,
        "corrosion_rate_mm_per_year": 0.332,
        "thickness_loss_mm": 1.33,
        "remaining_wall_thickness_mm": 20.87,
        "material_loss_percent": 6.0,
        "degradation_condition": "Normal",
        "failure_probability": 0.1602,
        "failure_probability_percent": 16.0,
        "risk_class": "Low",
        "primary_hazard": "Corrosive Soil & Anoxic Groundwater Degradation",
        "failure_code": "ERR-GEO-CORR-04",
        "diagnostic_message": "KP 30.0: High external corrosion hazard (16.0%) resulting from saturated groundwater (Corrosivity Index 0.699) and anaerobic clay soil. Coating breakdown risk is high.",
        "remediation_plan": "Upgrade Impressed Current Cathodic Protection (ICCP), apply 3LPE coating repair, and conduct smart-pig inline inspection."
      },
      "geometry": {
        "type": "Point",
        "coordinates": [
          6.82175,
          7.769341
        ]
      }
    },
    {
      "type": "Feature",
      "properties": {
        "kp": 31.0,
        "pipeline_id": 1,
        "pipeline_code": "AKK-SEC1",
        "pipeline_name": "Ajaokuta\u2013Kaduna\u2013Kano (AKK) Gas Pipeline \u2014 Kogi Corridor",
        "latitude": 7.776233,
        "longitude": 6.827582,
        "elevation": 59.0,
        "slope_deg": 0.8,
        "river_proximity_km": 8.16,
        "fault_distance_km": 20.06,
        "soil_type": "Corrosive Lowland Clay",
        "soil_risk": 1,
        "flooding_index": 0.352,
        "earthquake_factor": 0.073,
        "erosion_factor": 0.08,
        "landslide_index": 0.071,
        "soil_corrosivity_index": 0.72,
        "hoop_stress_ratio": 0.412,
        "pipe_diameter_inches": 40.0,
        "operating_pressure_psig": 1440.0,
        "pipe_material": "API 5L X80",
        "design_wall_thickness_mm": 22.2,
        "operational_age_years": 4.0,
        "corrosion_rate_mm_per_year": 0.349,
        "thickness_loss_mm": 1.4,
        "remaining_wall_thickness_mm": 20.8,
        "material_loss_percent": 6.3,
        "degradation_condition": "Normal",
        "failure_probability": 0.1579,
        "failure_probability_percent": 15.8,
        "risk_class": "Low",
        "primary_hazard": "Corrosive Soil & Anoxic Groundwater Degradation",
        "failure_code": "ERR-GEO-CORR-04",
        "diagnostic_message": "KP 31.0: High external corrosion hazard (15.8%) resulting from saturated groundwater (Corrosivity Index 0.72) and anaerobic clay soil. Coating breakdown risk is high.",
        "remediation_plan": "Upgrade Impressed Current Cathodic Protection (ICCP), apply 3LPE coating repair, and conduct smart-pig inline inspection."
      },
      "geometry": {
        "type": "Point",
        "coordinates": [
          6.827582,
          7.776233
        ]
      }
    },
    {
      "type": "Feature",
      "properties": {
        "kp": 32.0,
        "pipeline_id": 1,
        "pipeline_code": "AKK-SEC1",
        "pipeline_name": "Ajaokuta\u2013Kaduna\u2013Kano (AKK) Gas Pipeline \u2014 Kogi Corridor",
        "latitude": 7.783125,
        "longitude": 6.833413,
        "elevation": 59.0,
        "slope_deg": 0.52,
        "river_proximity_km": 9.16,
        "fault_distance_km": 21.1,
        "soil_type": "Corrosive Lowland Clay",
        "soil_risk": 1,
        "flooding_index": 0.347,
        "earthquake_factor": 0.06,
        "erosion_factor": 0.078,
        "landslide_index": 0.085,
        "soil_corrosivity_index": 0.717,
        "hoop_stress_ratio": 0.412,
        "pipe_diameter_inches": 40.0,
        "operating_pressure_psig": 1440.0,
        "pipe_material": "API 5L X80",
        "design_wall_thickness_mm": 22.2,
        "operational_age_years": 4.0,
        "corrosion_rate_mm_per_year": 0.348,
        "thickness_loss_mm": 1.39,
        "remaining_wall_thickness_mm": 20.81,
        "material_loss_percent": 6.3,
        "degradation_condition": "Normal",
        "failure_probability": 0.157,
        "failure_probability_percent": 15.7,
        "risk_class": "Low",
        "primary_hazard": "Corrosive Soil & Anoxic Groundwater Degradation",
        "failure_code": "ERR-GEO-CORR-04",
        "diagnostic_message": "KP 32.0: High external corrosion hazard (15.7%) resulting from saturated groundwater (Corrosivity Index 0.717) and anaerobic clay soil. Coating breakdown risk is high.",
        "remediation_plan": "Upgrade Impressed Current Cathodic Protection (ICCP), apply 3LPE coating repair, and conduct smart-pig inline inspection."
      },
      "geometry": {
        "type": "Point",
        "coordinates": [
          6.833413,
          7.783125
        ]
      }
    },
    {
      "type": "Feature",
      "properties": {
        "kp": 33.0,
        "pipeline_id": 1,
        "pipeline_code": "AKK-SEC1",
        "pipeline_name": "Ajaokuta\u2013Kaduna\u2013Kano (AKK) Gas Pipeline \u2014 Kogi Corridor",
        "latitude": 7.790017,
        "longitude": 6.839245,
        "elevation": 50.0,
        "slope_deg": 0.57,
        "river_proximity_km": 8.7,
        "fault_distance_km": 22.09,
        "soil_type": "Corrosive Lowland Clay",
        "soil_risk": 1,
        "flooding_index": 0.367,
        "earthquake_factor": 0.076,
        "erosion_factor": 0.06,
        "landslide_index": 0.059,
        "soil_corrosivity_index": 0.734,
        "hoop_stress_ratio": 0.412,
        "pipe_diameter_inches": 40.0,
        "operating_pressure_psig": 1440.0,
        "pipe_material": "API 5L X80",
        "design_wall_thickness_mm": 22.2,
        "operational_age_years": 4.0,
        "corrosion_rate_mm_per_year": 0.355,
        "thickness_loss_mm": 1.42,
        "remaining_wall_thickness_mm": 20.78,
        "material_loss_percent": 6.4,
        "degradation_condition": "Normal",
        "failure_probability": 0.1586,
        "failure_probability_percent": 15.9,
        "risk_class": "Low",
        "primary_hazard": "Corrosive Soil & Anoxic Groundwater Degradation",
        "failure_code": "ERR-GEO-CORR-04",
        "diagnostic_message": "KP 33.0: High external corrosion hazard (15.9%) resulting from saturated groundwater (Corrosivity Index 0.734) and anaerobic clay soil. Coating breakdown risk is high.",
        "remediation_plan": "Upgrade Impressed Current Cathodic Protection (ICCP), apply 3LPE coating repair, and conduct smart-pig inline inspection."
      },
      "geometry": {
        "type": "Point",
        "coordinates": [
          6.839245,
          7.790017
        ]
      }
    },
    {
      "type": "Feature",
      "properties": {
        "kp": 34.0,
        "pipeline_id": 1,
        "pipeline_code": "AKK-SEC1",
        "pipeline_name": "Ajaokuta\u2013Kaduna\u2013Kano (AKK) Gas Pipeline \u2014 Kogi Corridor",
        "latitude": 7.796908,
        "longitude": 6.845076,
        "elevation": 49.0,
        "slope_deg": 0.34,
        "river_proximity_km": 7.7,
        "fault_distance_km": 22.92,
        "soil_type": "Corrosive Lowland Clay",
        "soil_risk": 1,
        "flooding_index": 0.339,
        "earthquake_factor": 0.043,
        "erosion_factor": 0.107,
        "landslide_index": 0.044,
        "soil_corrosivity_index": 0.738,
        "hoop_stress_ratio": 0.412,
        "pipe_diameter_inches": 40.0,
        "operating_pressure_psig": 1440.0,
        "pipe_material": "API 5L X80",
        "design_wall_thickness_mm": 22.2,
        "operational_age_years": 4.0,
        "corrosion_rate_mm_per_year": 0.327,
        "thickness_loss_mm": 1.31,
        "remaining_wall_thickness_mm": 20.89,
        "material_loss_percent": 5.9,
        "degradation_condition": "Normal",
        "failure_probability": 0.1515,
        "failure_probability_percent": 15.2,
        "risk_class": "Low",
        "primary_hazard": "Corrosive Soil & Anoxic Groundwater Degradation",
        "failure_code": "ERR-GEO-CORR-04",
        "diagnostic_message": "KP 34.0: High external corrosion hazard (15.2%) resulting from saturated groundwater (Corrosivity Index 0.738) and anaerobic clay soil. Coating breakdown risk is high.",
        "remediation_plan": "Upgrade Impressed Current Cathodic Protection (ICCP), apply 3LPE coating repair, and conduct smart-pig inline inspection."
      },
      "geometry": {
        "type": "Point",
        "coordinates": [
          6.845076,
          7.796908
        ]
      }
    },
    {
      "type": "Feature",
      "properties": {
        "kp": 35.0,
        "pipeline_id": 1,
        "pipeline_code": "AKK-SEC1",
        "pipeline_name": "Ajaokuta\u2013Kaduna\u2013Kano (AKK) Gas Pipeline \u2014 Kogi Corridor",
        "latitude": 7.8038,
        "longitude": 6.850908,
        "elevation": 44.0,
        "slope_deg": 0.34,
        "river_proximity_km": 6.7,
        "fault_distance_km": 23.88,
        "soil_type": "Corrosive Lowland Clay",
        "soil_risk": 1,
        "flooding_index": 0.391,
        "earthquake_factor": 0.074,
        "erosion_factor": 0.078,
        "landslide_index": 0.069,
        "soil_corrosivity_index": 0.75,
        "hoop_stress_ratio": 0.412,
        "pipe_diameter_inches": 40.0,
        "operating_pressure_psig": 1440.0,
        "pipe_material": "API 5L X80",
        "design_wall_thickness_mm": 22.2,
        "operational_age_years": 4.0,
        "corrosion_rate_mm_per_year": 0.334,
        "thickness_loss_mm": 1.34,
        "remaining_wall_thickness_mm": 20.86,
        "material_loss_percent": 6.0,
        "degradation_condition": "Normal",
        "failure_probability": 0.1674,
        "failure_probability_percent": 16.7,
        "risk_class": "Low",
        "primary_hazard": "Corrosive Soil & Anoxic Groundwater Degradation",
        "failure_code": "ERR-GEO-CORR-04",
        "diagnostic_message": "KP 35.0: High external corrosion hazard (16.7%) resulting from saturated groundwater (Corrosivity Index 0.75) and anaerobic clay soil. Coating breakdown risk is high.",
        "remediation_plan": "Upgrade Impressed Current Cathodic Protection (ICCP), apply 3LPE coating repair, and conduct smart-pig inline inspection."
      },
      "geometry": {
        "type": "Point",
        "coordinates": [
          6.850908,
          7.8038
        ]
      }
    },
    {
      "type": "Feature",
      "properties": {
        "kp": 36.0,
        "pipeline_id": 1,
        "pipeline_code": "AKK-SEC1",
        "pipeline_name": "Ajaokuta\u2013Kaduna\u2013Kano (AKK) Gas Pipeline \u2014 Kogi Corridor",
        "latitude": 7.810692,
        "longitude": 6.856739,
        "elevation": 43.0,
        "slope_deg": 0.11,
        "river_proximity_km": 5.7,
        "fault_distance_km": 24.75,
        "soil_type": "Corrosive Lowland Clay",
        "soil_risk": 1,
        "flooding_index": 0.411,
        "earthquake_factor": 0.073,
        "erosion_factor": 0.132,
        "landslide_index": 0.057,
        "soil_corrosivity_index": 0.756,
        "hoop_stress_ratio": 0.412,
        "pipe_diameter_inches": 40.0,
        "operating_pressure_psig": 1440.0,
        "pipe_material": "API 5L X80",
        "design_wall_thickness_mm": 22.2,
        "operational_age_years": 4.0,
        "corrosion_rate_mm_per_year": 0.35,
        "thickness_loss_mm": 1.4,
        "remaining_wall_thickness_mm": 20.8,
        "material_loss_percent": 6.3,
        "degradation_condition": "Normal",
        "failure_probability": 0.1745,
        "failure_probability_percent": 17.4,
        "risk_class": "Low",
        "primary_hazard": "Corrosive Soil & Anoxic Groundwater Degradation",
        "failure_code": "ERR-GEO-CORR-04",
        "diagnostic_message": "KP 36.0: High external corrosion hazard (17.4%) resulting from saturated groundwater (Corrosivity Index 0.756) and anaerobic clay soil. Coating breakdown risk is high.",
        "remediation_plan": "Upgrade Impressed Current Cathodic Protection (ICCP), apply 3LPE coating repair, and conduct smart-pig inline inspection."
      },
      "geometry": {
        "type": "Point",
        "coordinates": [
          6.856739,
          7.810692
        ]
      }
    },
    {
      "type": "Feature",
      "properties": {
        "kp": 37.0,
        "pipeline_id": 1,
        "pipeline_code": "AKK-SEC1",
        "pipeline_name": "Ajaokuta\u2013Kaduna\u2013Kano (AKK) Gas Pipeline \u2014 Kogi Corridor",
        "latitude": 7.817584,
        "longitude": 6.862571,
        "elevation": 42.0,
        "slope_deg": 0.23,
        "river_proximity_km": 4.7,
        "fault_distance_km": 25.6,
        "soil_type": "Corrosive Lowland Clay",
        "soil_risk": 1,
        "flooding_index": 0.416,
        "earthquake_factor": 0.049,
        "erosion_factor": 0.097,
        "landslide_index": 0.074,
        "soil_corrosivity_index": 0.763,
        "hoop_stress_ratio": 0.412,
        "pipe_diameter_inches": 40.0,
        "operating_pressure_psig": 1440.0,
        "pipe_material": "API 5L X80",
        "design_wall_thickness_mm": 22.2,
        "operational_age_years": 4.0,
        "corrosion_rate_mm_per_year": 0.346,
        "thickness_loss_mm": 1.38,
        "remaining_wall_thickness_mm": 20.82,
        "material_loss_percent": 6.2,
        "degradation_condition": "Normal",
        "failure_probability": 0.1724,
        "failure_probability_percent": 17.2,
        "risk_class": "Low",
        "primary_hazard": "Corrosive Soil & Anoxic Groundwater Degradation",
        "failure_code": "ERR-GEO-CORR-04",
        "diagnostic_message": "KP 37.0: High external corrosion hazard (17.2%) resulting from saturated groundwater (Corrosivity Index 0.763) and anaerobic clay soil. Coating breakdown risk is high.",
        "remediation_plan": "Upgrade Impressed Current Cathodic Protection (ICCP), apply 3LPE coating repair, and conduct smart-pig inline inspection."
      },
      "geometry": {
        "type": "Point",
        "coordinates": [
          6.862571,
          7.817584
        ]
      }
    },
    {
      "type": "Feature",
      "properties": {
        "kp": 38.0,
        "pipeline_id": 1,
        "pipeline_code": "AKK-SEC1",
        "pipeline_name": "Ajaokuta\u2013Kaduna\u2013Kano (AKK) Gas Pipeline \u2014 Kogi Corridor",
        "latitude": 7.824475,
        "longitude": 6.868402,
        "elevation": 39.0,
        "slope_deg": 0.06,
        "river_proximity_km": 3.7,
        "fault_distance_km": 27.08,
        "soil_type": "Corrosive Lowland Clay",
        "soil_risk": 1,
        "flooding_index": 0.468,
        "earthquake_factor": 0.079,
        "erosion_factor": 0.13,
        "landslide_index": 0.05,
        "soil_corrosivity_index": 0.776,
        "hoop_stress_ratio": 0.412,
        "pipe_diameter_inches": 40.0,
        "operating_pressure_psig": 1440.0,
        "pipe_material": "API 5L X80",
        "design_wall_thickness_mm": 22.2,
        "operational_age_years": 4.0,
        "corrosion_rate_mm_per_year": 0.355,
        "thickness_loss_mm": 1.42,
        "remaining_wall_thickness_mm": 20.78,
        "material_loss_percent": 6.4,
        "degradation_condition": "Normal",
        "failure_probability": 0.1863,
        "failure_probability_percent": 18.6,
        "risk_class": "Low",
        "primary_hazard": "Corrosive Soil & Anoxic Groundwater Degradation",
        "failure_code": "ERR-GEO-CORR-04",
        "diagnostic_message": "KP 38.0: High external corrosion hazard (18.6%) resulting from saturated groundwater (Corrosivity Index 0.776) and anaerobic clay soil. Coating breakdown risk is high.",
        "remediation_plan": "Upgrade Impressed Current Cathodic Protection (ICCP), apply 3LPE coating repair, and conduct smart-pig inline inspection."
      },
      "geometry": {
        "type": "Point",
        "coordinates": [
          6.868402,
          7.824475
        ]
      }
    },
    {
      "type": "Feature",
      "properties": {
        "kp": 39.0,
        "pipeline_id": 1,
        "pipeline_code": "AKK-SEC1",
        "pipeline_name": "Ajaokuta\u2013Kaduna\u2013Kano (AKK) Gas Pipeline \u2014 Kogi Corridor",
        "latitude": 7.831367,
        "longitude": 6.874234,
        "elevation": 41.0,
        "slope_deg": 0.11,
        "river_proximity_km": 2.7,
        "fault_distance_km": 27.66,
        "soil_type": "Corrosive Lowland Clay",
        "soil_risk": 1,
        "flooding_index": 0.528,
        "earthquake_factor": 0.047,
        "erosion_factor": 0.118,
        "landslide_index": 0.056,
        "soil_corrosivity_index": 0.786,
        "hoop_stress_ratio": 0.412,
        "pipe_diameter_inches": 40.0,
        "operating_pressure_psig": 1440.0,
        "pipe_material": "API 5L X80",
        "design_wall_thickness_mm": 22.2,
        "operational_age_years": 4.0,
        "corrosion_rate_mm_per_year": 0.346,
        "thickness_loss_mm": 1.38,
        "remaining_wall_thickness_mm": 20.82,
        "material_loss_percent": 6.2,
        "degradation_condition": "Normal",
        "failure_probability": 0.1938,
        "failure_probability_percent": 19.4,
        "risk_class": "Low",
        "primary_hazard": "Corrosive Soil & Anoxic Groundwater Degradation",
        "failure_code": "ERR-GEO-CORR-04",
        "diagnostic_message": "KP 39.0: High external corrosion hazard (19.4%) resulting from saturated groundwater (Corrosivity Index 0.786) and anaerobic clay soil. Coating breakdown risk is high.",
        "remediation_plan": "Upgrade Impressed Current Cathodic Protection (ICCP), apply 3LPE coating repair, and conduct smart-pig inline inspection."
      },
      "geometry": {
        "type": "Point",
        "coordinates": [
          6.874234,
          7.831367
        ]
      }
    },
    {
      "type": "Feature",
      "properties": {
        "kp": 40.0,
        "pipeline_id": 1,
        "pipeline_code": "AKK-SEC1",
        "pipeline_name": "Ajaokuta\u2013Kaduna\u2013Kano (AKK) Gas Pipeline \u2014 Kogi Corridor",
        "latitude": 7.838259,
        "longitude": 6.880065,
        "elevation": 41.0,
        "slope_deg": 0.0,
        "river_proximity_km": 1.7,
        "fault_distance_km": 29.11,
        "soil_type": "Corrosive Lowland Clay",
        "soil_risk": 1,
        "flooding_index": 0.657,
        "earthquake_factor": 0.084,
        "erosion_factor": 0.19,
        "landslide_index": 0.026,
        "soil_corrosivity_index": 0.788,
        "hoop_stress_ratio": 0.412,
        "pipe_diameter_inches": 40.0,
        "operating_pressure_psig": 1440.0,
        "pipe_material": "API 5L X80",
        "design_wall_thickness_mm": 22.2,
        "operational_age_years": 4.0,
        "corrosion_rate_mm_per_year": 0.377,
        "thickness_loss_mm": 1.51,
        "remaining_wall_thickness_mm": 20.69,
        "material_loss_percent": 6.8,
        "degradation_condition": "Normal",
        "failure_probability": 0.2242,
        "failure_probability_percent": 22.4,
        "risk_class": "Medium",
        "primary_hazard": "Corrosive Soil & Anoxic Groundwater Degradation",
        "failure_code": "ERR-GEO-CORR-04",
        "diagnostic_message": "KP 40.0: High external corrosion hazard (22.4%) resulting from saturated groundwater (Corrosivity Index 0.788) and anaerobic clay soil. Coating breakdown risk is high.",
        "remediation_plan": "Upgrade Impressed Current Cathodic Protection (ICCP), apply 3LPE coating repair, and conduct smart-pig inline inspection."
      },
      "geometry": {
        "type": "Point",
        "coordinates": [
          6.880065,
          7.838259
        ]
      }
    },
    {
      "type": "Feature",
      "properties": {
        "kp": 41.0,
        "pipeline_id": 1,
        "pipeline_code": "AKK-SEC1",
        "pipeline_name": "Ajaokuta\u2013Kaduna\u2013Kano (AKK) Gas Pipeline \u2014 Kogi Corridor",
        "latitude": 7.84515,
        "longitude": 6.885897,
        "elevation": 41.0,
        "slope_deg": 0.0,
        "river_proximity_km": 0.7,
        "fault_distance_km": 29.8,
        "soil_type": "Saturated Alluvial Silty Clay",
        "soil_risk": 2,
        "flooding_index": 0.98,
        "earthquake_factor": 0.086,
        "erosion_factor": 0.335,
        "landslide_index": 0.037,
        "soil_corrosivity_index": 0.97,
        "hoop_stress_ratio": 0.412,
        "pipe_diameter_inches": 40.0,
        "operating_pressure_psig": 1440.0,
        "pipe_material": "API 5L X80",
        "design_wall_thickness_mm": 22.2,
        "operational_age_years": 4.0,
        "corrosion_rate_mm_per_year": 0.424,
        "thickness_loss_mm": 1.7,
        "remaining_wall_thickness_mm": 20.5,
        "material_loss_percent": 7.7,
        "degradation_condition": "Normal",
        "failure_probability": 0.315,
        "failure_probability_percent": 31.5,
        "risk_class": "Medium",
        "primary_hazard": "Hydrodynamic River Scour & Flood Inundation",
        "failure_code": "ERR-GEO-HYDRO-01",
        "diagnostic_message": "KP 41.0: High failure probability (31.5%) driven by severe River Niger flood inundation (Flood Index 0.98, 0.7 km proximity). Current scour threatens to un-seat buried pipe.",
        "remediation_plan": "Perform Horizontal Directional Drilling (HDD) deep riverbed re-burial & install concrete articulated weighting mats."
      },
      "geometry": {
        "type": "Point",
        "coordinates": [
          6.885897,
          7.84515
        ]
      }
    },
    {
      "type": "Feature",
      "properties": {
        "kp": 42.0,
        "pipeline_id": 1,
        "pipeline_code": "AKK-SEC1",
        "pipeline_name": "Ajaokuta\u2013Kaduna\u2013Kano (AKK) Gas Pipeline \u2014 Kogi Corridor",
        "latitude": 7.851893,
        "longitude": 6.891893,
        "elevation": 41.0,
        "slope_deg": 0.0,
        "river_proximity_km": 0.3,
        "fault_distance_km": 31.05,
        "soil_type": "Saturated Alluvial Silty Clay",
        "soil_risk": 2,
        "flooding_index": 0.98,
        "earthquake_factor": 0.037,
        "erosion_factor": 0.408,
        "landslide_index": 0.063,
        "soil_corrosivity_index": 0.97,
        "hoop_stress_ratio": 0.412,
        "pipe_diameter_inches": 40.0,
        "operating_pressure_psig": 1440.0,
        "pipe_material": "API 5L X80",
        "design_wall_thickness_mm": 22.2,
        "operational_age_years": 4.0,
        "corrosion_rate_mm_per_year": 0.436,
        "thickness_loss_mm": 1.74,
        "remaining_wall_thickness_mm": 20.46,
        "material_loss_percent": 7.8,
        "degradation_condition": "Normal",
        "failure_probability": 0.3194,
        "failure_probability_percent": 31.9,
        "risk_class": "Medium",
        "primary_hazard": "Hydrodynamic River Scour & Flood Inundation",
        "failure_code": "ERR-GEO-HYDRO-01",
        "diagnostic_message": "KP 42.0: High failure probability (31.9%) driven by severe River Niger flood inundation (Flood Index 0.98, 0.3 km proximity). Current scour threatens to un-seat buried pipe.",
        "remediation_plan": "Perform Horizontal Directional Drilling (HDD) deep riverbed re-burial & install concrete articulated weighting mats."
      },
      "geometry": {
        "type": "Point",
        "coordinates": [
          6.891893,
          7.851893
        ]
      }
    },
    {
      "type": "Feature",
      "properties": {
        "kp": 43.0,
        "pipeline_id": 1,
        "pipeline_code": "AKK-SEC1",
        "pipeline_name": "Ajaokuta\u2013Kaduna\u2013Kano (AKK) Gas Pipeline \u2014 Kogi Corridor",
        "latitude": 7.858283,
        "longitude": 6.898283,
        "elevation": 41.0,
        "slope_deg": 0.0,
        "river_proximity_km": 1.3,
        "fault_distance_km": 31.88,
        "soil_type": "Saturated Alluvial Silty Clay",
        "soil_risk": 2,
        "flooding_index": 0.701,
        "earthquake_factor": 0.063,
        "erosion_factor": 0.27,
        "landslide_index": 0.031,
        "soil_corrosivity_index": 0.97,
        "hoop_stress_ratio": 0.412,
        "pipe_diameter_inches": 40.0,
        "operating_pressure_psig": 1440.0,
        "pipe_material": "API 5L X80",
        "design_wall_thickness_mm": 22.2,
        "operational_age_years": 4.0,
        "corrosion_rate_mm_per_year": 0.429,
        "thickness_loss_mm": 1.72,
        "remaining_wall_thickness_mm": 20.48,
        "material_loss_percent": 7.7,
        "degradation_condition": "Normal",
        "failure_probability": 0.2542,
        "failure_probability_percent": 25.4,
        "risk_class": "Medium",
        "primary_hazard": "Corrosive Soil & Anoxic Groundwater Degradation",
        "failure_code": "ERR-GEO-CORR-04",
        "diagnostic_message": "KP 43.0: High external corrosion hazard (25.4%) resulting from saturated groundwater (Corrosivity Index 0.97) and anaerobic clay soil. Coating breakdown risk is high.",
        "remediation_plan": "Upgrade Impressed Current Cathodic Protection (ICCP), apply 3LPE coating repair, and conduct smart-pig inline inspection."
      },
      "geometry": {
        "type": "Point",
        "coordinates": [
          6.898283,
          7.858283
        ]
      }
    },
    {
      "type": "Feature",
      "properties": {
        "kp": 44.0,
        "pipeline_id": 1,
        "pipeline_code": "AKK-SEC1",
        "pipeline_name": "Ajaokuta\u2013Kaduna\u2013Kano (AKK) Gas Pipeline \u2014 Kogi Corridor",
        "latitude": 7.864672,
        "longitude": 6.904672,
        "elevation": 41.0,
        "slope_deg": 0.11,
        "river_proximity_km": 2.3,
        "fault_distance_km": 33.06,
        "soil_type": "Corrosive Lowland Clay",
        "soil_risk": 1,
        "flooding_index": 0.565,
        "earthquake_factor": 0.067,
        "erosion_factor": 0.187,
        "landslide_index": 0.044,
        "soil_corrosivity_index": 0.788,
        "hoop_stress_ratio": 0.412,
        "pipe_diameter_inches": 40.0,
        "operating_pressure_psig": 1440.0,
        "pipe_material": "API 5L X80",
        "design_wall_thickness_mm": 22.2,
        "operational_age_years": 4.0,
        "corrosion_rate_mm_per_year": 0.351,
        "thickness_loss_mm": 1.4,
        "remaining_wall_thickness_mm": 20.8,
        "material_loss_percent": 6.3,
        "degradation_condition": "Normal",
        "failure_probability": 0.2078,
        "failure_probability_percent": 20.8,
        "risk_class": "Medium",
        "primary_hazard": "Corrosive Soil & Anoxic Groundwater Degradation",
        "failure_code": "ERR-GEO-CORR-04",
        "diagnostic_message": "KP 44.0: High external corrosion hazard (20.8%) resulting from saturated groundwater (Corrosivity Index 0.788) and anaerobic clay soil. Coating breakdown risk is high.",
        "remediation_plan": "Upgrade Impressed Current Cathodic Protection (ICCP), apply 3LPE coating repair, and conduct smart-pig inline inspection."
      },
      "geometry": {
        "type": "Point",
        "coordinates": [
          6.904672,
          7.864672
        ]
      }
    },
    {
      "type": "Feature",
      "properties": {
        "kp": 45.0,
        "pipeline_id": 1,
        "pipeline_code": "AKK-SEC1",
        "pipeline_name": "Ajaokuta\u2013Kaduna\u2013Kano (AKK) Gas Pipeline \u2014 Kogi Corridor",
        "latitude": 7.871062,
        "longitude": 6.911062,
        "elevation": 43.0,
        "slope_deg": 0.23,
        "river_proximity_km": 3.3,
        "fault_distance_km": 33.06,
        "soil_type": "Corrosive Lowland Clay",
        "soil_risk": 1,
        "flooding_index": 0.492,
        "earthquake_factor": 0.077,
        "erosion_factor": 0.175,
        "landslide_index": 0.056,
        "soil_corrosivity_index": 0.774,
        "hoop_stress_ratio": 0.412,
        "pipe_diameter_inches": 40.0,
        "operating_pressure_psig": 1440.0,
        "pipe_material": "API 5L X80",
        "design_wall_thickness_mm": 22.2,
        "operational_age_years": 4.0,
        "corrosion_rate_mm_per_year": 0.354,
        "thickness_loss_mm": 1.42,
        "remaining_wall_thickness_mm": 20.78,
        "material_loss_percent": 6.4,
        "degradation_condition": "Normal",
        "failure_probability": 0.1952,
        "failure_probability_percent": 19.5,
        "risk_class": "Low",
        "primary_hazard": "Corrosive Soil & Anoxic Groundwater Degradation",
        "failure_code": "ERR-GEO-CORR-04",
        "diagnostic_message": "KP 45.0: High external corrosion hazard (19.5%) resulting from saturated groundwater (Corrosivity Index 0.774) and anaerobic clay soil. Coating breakdown risk is high.",
        "remediation_plan": "Upgrade Impressed Current Cathodic Protection (ICCP), apply 3LPE coating repair, and conduct smart-pig inline inspection."
      },
      "geometry": {
        "type": "Point",
        "coordinates": [
          6.911062,
          7.871062
        ]
      }
    },
    {
      "type": "Feature",
      "properties": {
        "kp": 46.0,
        "pipeline_id": 1,
        "pipeline_code": "AKK-SEC1",
        "pipeline_name": "Ajaokuta\u2013Kaduna\u2013Kano (AKK) Gas Pipeline \u2014 Kogi Corridor",
        "latitude": 7.877451,
        "longitude": 6.917451,
        "elevation": 45.0,
        "slope_deg": 0.0,
        "river_proximity_km": 4.3,
        "fault_distance_km": 32.06,
        "soil_type": "Corrosive Lowland Clay",
        "soil_risk": 1,
        "flooding_index": 0.44,
        "earthquake_factor": 0.068,
        "erosion_factor": 0.142,
        "landslide_index": 0.064,
        "soil_corrosivity_index": 0.76,
        "hoop_stress_ratio": 0.412,
        "pipe_diameter_inches": 40.0,
        "operating_pressure_psig": 1440.0,
        "pipe_material": "API 5L X80",
        "design_wall_thickness_mm": 22.2,
        "operational_age_years": 4.0,
        "corrosion_rate_mm_per_year": 0.342,
        "thickness_loss_mm": 1.37,
        "remaining_wall_thickness_mm": 20.83,
        "material_loss_percent": 6.2,
        "degradation_condition": "Normal",
        "failure_probability": 0.1815,
        "failure_probability_percent": 18.1,
        "risk_class": "Low",
        "primary_hazard": "Corrosive Soil & Anoxic Groundwater Degradation",
        "failure_code": "ERR-GEO-CORR-04",
        "diagnostic_message": "KP 46.0: High external corrosion hazard (18.1%) resulting from saturated groundwater (Corrosivity Index 0.76) and anaerobic clay soil. Coating breakdown risk is high.",
        "remediation_plan": "Upgrade Impressed Current Cathodic Protection (ICCP), apply 3LPE coating repair, and conduct smart-pig inline inspection."
      },
      "geometry": {
        "type": "Point",
        "coordinates": [
          6.917451,
          7.877451
        ]
      }
    },
    {
      "type": "Feature",
      "properties": {
        "kp": 47.0,
        "pipeline_id": 1,
        "pipeline_code": "AKK-SEC1",
        "pipeline_name": "Ajaokuta\u2013Kaduna\u2013Kano (AKK) Gas Pipeline \u2014 Kogi Corridor",
        "latitude": 7.883841,
        "longitude": 6.923841,
        "elevation": 43.0,
        "slope_deg": 0.0,
        "river_proximity_km": 5.3,
        "fault_distance_km": 30.81,
        "soil_type": "Corrosive Lowland Clay",
        "soil_risk": 1,
        "flooding_index": 0.387,
        "earthquake_factor": 0.062,
        "erosion_factor": 0.068,
        "landslide_index": 0.045,
        "soil_corrosivity_index": 0.757,
        "hoop_stress_ratio": 0.412,
        "pipe_diameter_inches": 40.0,
        "operating_pressure_psig": 1440.0,
        "pipe_material": "API 5L X80",
        "design_wall_thickness_mm": 22.2,
        "operational_age_years": 4.0,
        "corrosion_rate_mm_per_year": 0.349,
        "thickness_loss_mm": 1.4,
        "remaining_wall_thickness_mm": 20.8,
        "material_loss_percent": 6.3,
        "degradation_condition": "Normal",
        "failure_probability": 0.1611,
        "failure_probability_percent": 16.1,
        "risk_class": "Low",
        "primary_hazard": "Corrosive Soil & Anoxic Groundwater Degradation",
        "failure_code": "ERR-GEO-CORR-04",
        "diagnostic_message": "KP 47.0: High external corrosion hazard (16.1%) resulting from saturated groundwater (Corrosivity Index 0.757) and anaerobic clay soil. Coating breakdown risk is high.",
        "remediation_plan": "Upgrade Impressed Current Cathodic Protection (ICCP), apply 3LPE coating repair, and conduct smart-pig inline inspection."
      },
      "geometry": {
        "type": "Point",
        "coordinates": [
          6.923841,
          7.883841
        ]
      }
    },
    {
      "type": "Feature",
      "properties": {
        "kp": 48.0,
        "pipeline_id": 1,
        "pipeline_code": "AKK-SEC1",
        "pipeline_name": "Ajaokuta\u2013Kaduna\u2013Kano (AKK) Gas Pipeline \u2014 Kogi Corridor",
        "latitude": 7.890231,
        "longitude": 6.930231,
        "elevation": 45.0,
        "slope_deg": 0.06,
        "river_proximity_km": 6.3,
        "fault_distance_km": 29.76,
        "soil_type": "Corrosive Lowland Clay",
        "soil_risk": 1,
        "flooding_index": 0.391,
        "earthquake_factor": 0.03,
        "erosion_factor": 0.061,
        "landslide_index": 0.063,
        "soil_corrosivity_index": 0.75,
        "hoop_stress_ratio": 0.412,
        "pipe_diameter_inches": 40.0,
        "operating_pressure_psig": 1440.0,
        "pipe_material": "API 5L X80",
        "design_wall_thickness_mm": 22.2,
        "operational_age_years": 4.0,
        "corrosion_rate_mm_per_year": 0.339,
        "thickness_loss_mm": 1.36,
        "remaining_wall_thickness_mm": 20.84,
        "material_loss_percent": 6.1,
        "degradation_condition": "Normal",
        "failure_probability": 0.1592,
        "failure_probability_percent": 15.9,
        "risk_class": "Low",
        "primary_hazard": "Corrosive Soil & Anoxic Groundwater Degradation",
        "failure_code": "ERR-GEO-CORR-04",
        "diagnostic_message": "KP 48.0: High external corrosion hazard (15.9%) resulting from saturated groundwater (Corrosivity Index 0.75) and anaerobic clay soil. Coating breakdown risk is high.",
        "remediation_plan": "Upgrade Impressed Current Cathodic Protection (ICCP), apply 3LPE coating repair, and conduct smart-pig inline inspection."
      },
      "geometry": {
        "type": "Point",
        "coordinates": [
          6.930231,
          7.890231
        ]
      }
    },
    {
      "type": "Feature",
      "properties": {
        "kp": 49.0,
        "pipeline_id": 1,
        "pipeline_code": "AKK-SEC1",
        "pipeline_name": "Ajaokuta\u2013Kaduna\u2013Kano (AKK) Gas Pipeline \u2014 Kogi Corridor",
        "latitude": 7.89662,
        "longitude": 6.93662,
        "elevation": 44.0,
        "slope_deg": 0.11,
        "river_proximity_km": 7.3,
        "fault_distance_km": 28.67,
        "soil_type": "Corrosive Lowland Clay",
        "soil_risk": 1,
        "flooding_index": 0.374,
        "earthquake_factor": 0.075,
        "erosion_factor": 0.069,
        "landslide_index": 0.057,
        "soil_corrosivity_index": 0.748,
        "hoop_stress_ratio": 0.412,
        "pipe_diameter_inches": 40.0,
        "operating_pressure_psig": 1440.0,
        "pipe_material": "API 5L X80",
        "design_wall_thickness_mm": 22.2,
        "operational_age_years": 4.0,
        "corrosion_rate_mm_per_year": 0.328,
        "thickness_loss_mm": 1.31,
        "remaining_wall_thickness_mm": 20.89,
        "material_loss_percent": 5.9,
        "degradation_condition": "Normal",
        "failure_probability": 0.1615,
        "failure_probability_percent": 16.2,
        "risk_class": "Low",
        "primary_hazard": "Corrosive Soil & Anoxic Groundwater Degradation",
        "failure_code": "ERR-GEO-CORR-04",
        "diagnostic_message": "KP 49.0: High external corrosion hazard (16.2%) resulting from saturated groundwater (Corrosivity Index 0.748) and anaerobic clay soil. Coating breakdown risk is high.",
        "remediation_plan": "Upgrade Impressed Current Cathodic Protection (ICCP), apply 3LPE coating repair, and conduct smart-pig inline inspection."
      },
      "geometry": {
        "type": "Point",
        "coordinates": [
          6.93662,
          7.89662
        ]
      }
    },
    {
      "type": "Feature",
      "properties": {
        "kp": 50.0,
        "pipeline_id": 1,
        "pipeline_code": "AKK-SEC1",
        "pipeline_name": "Ajaokuta\u2013Kaduna\u2013Kano (AKK) Gas Pipeline \u2014 Kogi Corridor",
        "latitude": 7.90301,
        "longitude": 6.94301,
        "elevation": 43.0,
        "slope_deg": 0.11,
        "river_proximity_km": 8.3,
        "fault_distance_km": 27.63,
        "soil_type": "Corrosive Lowland Clay",
        "soil_risk": 1,
        "flooding_index": 0.365,
        "earthquake_factor": 0.063,
        "erosion_factor": 0.097,
        "landslide_index": 0.06,
        "soil_corrosivity_index": 0.747,
        "hoop_stress_ratio": 0.412,
        "pipe_diameter_inches": 40.0,
        "operating_pressure_psig": 1440.0,
        "pipe_material": "API 5L X80",
        "design_wall_thickness_mm": 22.2,
        "operational_age_years": 4.0,
        "corrosion_rate_mm_per_year": 0.363,
        "thickness_loss_mm": 1.45,
        "remaining_wall_thickness_mm": 20.75,
        "material_loss_percent": 6.5,
        "degradation_condition": "Normal",
        "failure_probability": 0.1613,
        "failure_probability_percent": 16.1,
        "risk_class": "Low",
        "primary_hazard": "Corrosive Soil & Anoxic Groundwater Degradation",
        "failure_code": "ERR-GEO-CORR-04",
        "diagnostic_message": "KP 50.0: High external corrosion hazard (16.1%) resulting from saturated groundwater (Corrosivity Index 0.747) and anaerobic clay soil. Coating breakdown risk is high.",
        "remediation_plan": "Upgrade Impressed Current Cathodic Protection (ICCP), apply 3LPE coating repair, and conduct smart-pig inline inspection."
      },
      "geometry": {
        "type": "Point",
        "coordinates": [
          6.94301,
          7.90301
        ]
      }
    },
    {
      "type": "Feature",
      "properties": {
        "kp": 51.0,
        "pipeline_id": 1,
        "pipeline_code": "AKK-SEC1",
        "pipeline_name": "Ajaokuta\u2013Kaduna\u2013Kano (AKK) Gas Pipeline \u2014 Kogi Corridor",
        "latitude": 7.909399,
        "longitude": 6.949399,
        "elevation": 42.0,
        "slope_deg": 0.06,
        "river_proximity_km": 9.3,
        "fault_distance_km": 26.92,
        "soil_type": "Corrosive Lowland Clay",
        "soil_risk": 1,
        "flooding_index": 0.347,
        "earthquake_factor": 0.079,
        "erosion_factor": 0.062,
        "landslide_index": 0.046,
        "soil_corrosivity_index": 0.747,
        "hoop_stress_ratio": 0.412,
        "pipe_diameter_inches": 40.0,
        "operating_pressure_psig": 1440.0,
        "pipe_material": "API 5L X80",
        "design_wall_thickness_mm": 22.2,
        "operational_age_years": 4.0,
        "corrosion_rate_mm_per_year": 0.327,
        "thickness_loss_mm": 1.31,
        "remaining_wall_thickness_mm": 20.89,
        "material_loss_percent": 5.9,
        "degradation_condition": "Normal",
        "failure_probability": 0.1547,
        "failure_probability_percent": 15.5,
        "risk_class": "Low",
        "primary_hazard": "Corrosive Soil & Anoxic Groundwater Degradation",
        "failure_code": "ERR-GEO-CORR-04",
        "diagnostic_message": "KP 51.0: High external corrosion hazard (15.5%) resulting from saturated groundwater (Corrosivity Index 0.747) and anaerobic clay soil. Coating breakdown risk is high.",
        "remediation_plan": "Upgrade Impressed Current Cathodic Protection (ICCP), apply 3LPE coating repair, and conduct smart-pig inline inspection."
      },
      "geometry": {
        "type": "Point",
        "coordinates": [
          6.949399,
          7.909399
        ]
      }
    },
    {
      "type": "Feature",
      "properties": {
        "kp": 52.0,
        "pipeline_id": 1,
        "pipeline_code": "AKK-SEC1",
        "pipeline_name": "Ajaokuta\u2013Kaduna\u2013Kano (AKK) Gas Pipeline \u2014 Kogi Corridor",
        "latitude": 7.915789,
        "longitude": 6.955789,
        "elevation": 42.0,
        "slope_deg": 0.06,
        "river_proximity_km": 10.3,
        "fault_distance_km": 25.63,
        "soil_type": "Corrosive Lowland Clay",
        "soil_risk": 1,
        "flooding_index": 0.372,
        "earthquake_factor": 0.083,
        "erosion_factor": 0.093,
        "landslide_index": 0.045,
        "soil_corrosivity_index": 0.745,
        "hoop_stress_ratio": 0.412,
        "pipe_diameter_inches": 40.0,
        "operating_pressure_psig": 1440.0,
        "pipe_material": "API 5L X80",
        "design_wall_thickness_mm": 22.2,
        "operational_age_years": 4.0,
        "corrosion_rate_mm_per_year": 0.33,
        "thickness_loss_mm": 1.32,
        "remaining_wall_thickness_mm": 20.88,
        "material_loss_percent": 5.9,
        "degradation_condition": "Normal",
        "failure_probability": 0.1623,
        "failure_probability_percent": 16.2,
        "risk_class": "Low",
        "primary_hazard": "Corrosive Soil & Anoxic Groundwater Degradation",
        "failure_code": "ERR-GEO-CORR-04",
        "diagnostic_message": "KP 52.0: High external corrosion hazard (16.2%) resulting from saturated groundwater (Corrosivity Index 0.745) and anaerobic clay soil. Coating breakdown risk is high.",
        "remediation_plan": "Upgrade Impressed Current Cathodic Protection (ICCP), apply 3LPE coating repair, and conduct smart-pig inline inspection."
      },
      "geometry": {
        "type": "Point",
        "coordinates": [
          6.955789,
          7.915789
        ]
      }
    },
    {
      "type": "Feature",
      "properties": {
        "kp": 53.0,
        "pipeline_id": 1,
        "pipeline_code": "AKK-SEC1",
        "pipeline_name": "Ajaokuta\u2013Kaduna\u2013Kano (AKK) Gas Pipeline \u2014 Kogi Corridor",
        "latitude": 7.922178,
        "longitude": 6.962178,
        "elevation": 43.0,
        "slope_deg": 2.18,
        "river_proximity_km": 11.3,
        "fault_distance_km": 24.72,
        "soil_type": "Corrosive Lowland Clay",
        "soil_risk": 1,
        "flooding_index": 0.33,
        "earthquake_factor": 0.067,
        "erosion_factor": 0.134,
        "landslide_index": 0.135,
        "soil_corrosivity_index": 0.742,
        "hoop_stress_ratio": 0.412,
        "pipe_diameter_inches": 40.0,
        "operating_pressure_psig": 1440.0,
        "pipe_material": "API 5L X80",
        "design_wall_thickness_mm": 22.2,
        "operational_age_years": 4.0,
        "corrosion_rate_mm_per_year": 0.333,
        "thickness_loss_mm": 1.33,
        "remaining_wall_thickness_mm": 20.87,
        "material_loss_percent": 6.0,
        "degradation_condition": "Normal",
        "failure_probability": 0.1701,
        "failure_probability_percent": 17.0,
        "risk_class": "Low",
        "primary_hazard": "Corrosive Soil & Anoxic Groundwater Degradation",
        "failure_code": "ERR-GEO-CORR-04",
        "diagnostic_message": "KP 53.0: High external corrosion hazard (17.0%) resulting from saturated groundwater (Corrosivity Index 0.742) and anaerobic clay soil. Coating breakdown risk is high.",
        "remediation_plan": "Upgrade Impressed Current Cathodic Protection (ICCP), apply 3LPE coating repair, and conduct smart-pig inline inspection."
      },
      "geometry": {
        "type": "Point",
        "coordinates": [
          6.962178,
          7.922178
        ]
      }
    },
    {
      "type": "Feature",
      "properties": {
        "kp": 54.0,
        "pipeline_id": 1,
        "pipeline_code": "AKK-SEC1",
        "pipeline_name": "Ajaokuta\u2013Kaduna\u2013Kano (AKK) Gas Pipeline \u2014 Kogi Corridor",
        "latitude": 7.928568,
        "longitude": 6.968568,
        "elevation": 80.0,
        "slope_deg": 1.03,
        "river_proximity_km": 12.3,
        "fault_distance_km": 24.21,
        "soil_type": "Stable Sandy Loam",
        "soil_risk": 0,
        "flooding_index": 0.312,
        "earthquake_factor": 0.068,
        "erosion_factor": 0.1,
        "landslide_index": 0.105,
        "soil_corrosivity_index": 0.477,
        "hoop_stress_ratio": 0.412,
        "pipe_diameter_inches": 40.0,
        "operating_pressure_psig": 1440.0,
        "pipe_material": "API 5L X80",
        "design_wall_thickness_mm": 22.2,
        "operational_age_years": 4.0,
        "corrosion_rate_mm_per_year": 0.231,
        "thickness_loss_mm": 0.92,
        "remaining_wall_thickness_mm": 21.28,
        "material_loss_percent": 4.1,
        "degradation_condition": "Normal",
        "failure_probability": 0.1349,
        "failure_probability_percent": 13.5,
        "risk_class": "Low",
        "primary_hazard": "Corrosive Soil & Anoxic Groundwater Degradation",
        "failure_code": "ERR-GEO-CORR-04",
        "diagnostic_message": "KP 54.0: High external corrosion hazard (13.5%) resulting from saturated groundwater (Corrosivity Index 0.477) and anaerobic clay soil. Coating breakdown risk is high.",
        "remediation_plan": "Upgrade Impressed Current Cathodic Protection (ICCP), apply 3LPE coating repair, and conduct smart-pig inline inspection."
      },
      "geometry": {
        "type": "Point",
        "coordinates": [
          6.968568,
          7.928568
        ]
      }
    },
    {
      "type": "Feature",
      "properties": {
        "kp": 55.0,
        "pipeline_id": 1,
        "pipeline_code": "AKK-SEC1",
        "pipeline_name": "Ajaokuta\u2013Kaduna\u2013Kano (AKK) Gas Pipeline \u2014 Kogi Corridor",
        "latitude": 7.934957,
        "longitude": 6.974957,
        "elevation": 61.0,
        "slope_deg": 0.52,
        "river_proximity_km": 13.3,
        "fault_distance_km": 22.86,
        "soil_type": "Corrosive Lowland Clay",
        "soil_risk": 1,
        "flooding_index": 0.328,
        "earthquake_factor": 0.037,
        "erosion_factor": 0.05,
        "landslide_index": 0.059,
        "soil_corrosivity_index": 0.708,
        "hoop_stress_ratio": 0.412,
        "pipe_diameter_inches": 40.0,
        "operating_pressure_psig": 1440.0,
        "pipe_material": "API 5L X80",
        "design_wall_thickness_mm": 22.2,
        "operational_age_years": 4.0,
        "corrosion_rate_mm_per_year": 0.311,
        "thickness_loss_mm": 1.24,
        "remaining_wall_thickness_mm": 20.96,
        "material_loss_percent": 5.6,
        "degradation_condition": "Normal",
        "failure_probability": 0.1431,
        "failure_probability_percent": 14.3,
        "risk_class": "Low",
        "primary_hazard": "Corrosive Soil & Anoxic Groundwater Degradation",
        "failure_code": "ERR-GEO-CORR-04",
        "diagnostic_message": "KP 55.0: High external corrosion hazard (14.3%) resulting from saturated groundwater (Corrosivity Index 0.708) and anaerobic clay soil. Coating breakdown risk is high.",
        "remediation_plan": "Upgrade Impressed Current Cathodic Protection (ICCP), apply 3LPE coating repair, and conduct smart-pig inline inspection."
      },
      "geometry": {
        "type": "Point",
        "coordinates": [
          6.974957,
          7.934957
        ]
      }
    },
    {
      "type": "Feature",
      "properties": {
        "kp": 56.0,
        "pipeline_id": 1,
        "pipeline_code": "AKK-SEC1",
        "pipeline_name": "Ajaokuta\u2013Kaduna\u2013Kano (AKK) Gas Pipeline \u2014 Kogi Corridor",
        "latitude": 7.941347,
        "longitude": 6.981347,
        "elevation": 71.0,
        "slope_deg": 0.74,
        "river_proximity_km": 14.3,
        "fault_distance_km": 22.17,
        "soil_type": "Corrosive Lowland Clay",
        "soil_risk": 1,
        "flooding_index": 0.312,
        "earthquake_factor": 0.066,
        "erosion_factor": 0.05,
        "landslide_index": 0.092,
        "soil_corrosivity_index": 0.69,
        "hoop_stress_ratio": 0.412,
        "pipe_diameter_inches": 40.0,
        "operating_pressure_psig": 1440.0,
        "pipe_material": "API 5L X80",
        "design_wall_thickness_mm": 22.2,
        "operational_age_years": 4.0,
        "corrosion_rate_mm_per_year": 0.321,
        "thickness_loss_mm": 1.28,
        "remaining_wall_thickness_mm": 20.92,
        "material_loss_percent": 5.8,
        "degradation_condition": "Normal",
        "failure_probability": 0.1475,
        "failure_probability_percent": 14.8,
        "risk_class": "Low",
        "primary_hazard": "Corrosive Soil & Anoxic Groundwater Degradation",
        "failure_code": "ERR-GEO-CORR-04",
        "diagnostic_message": "KP 56.0: High external corrosion hazard (14.8%) resulting from saturated groundwater (Corrosivity Index 0.69) and anaerobic clay soil. Coating breakdown risk is high.",
        "remediation_plan": "Upgrade Impressed Current Cathodic Protection (ICCP), apply 3LPE coating repair, and conduct smart-pig inline inspection."
      },
      "geometry": {
        "type": "Point",
        "coordinates": [
          6.981347,
          7.941347
        ]
      }
    },
    {
      "type": "Feature",
      "properties": {
        "kp": 57.0,
        "pipeline_id": 1,
        "pipeline_code": "AKK-SEC1",
        "pipeline_name": "Ajaokuta\u2013Kaduna\u2013Kano (AKK) Gas Pipeline \u2014 Kogi Corridor",
        "latitude": 7.947736,
        "longitude": 6.987736,
        "elevation": 74.0,
        "slope_deg": 0.34,
        "river_proximity_km": 15.3,
        "fault_distance_km": 20.77,
        "soil_type": "Corrosive Lowland Clay",
        "soil_risk": 1,
        "flooding_index": 0.293,
        "earthquake_factor": 0.064,
        "erosion_factor": 0.081,
        "landslide_index": 0.084,
        "soil_corrosivity_index": 0.685,
        "hoop_stress_ratio": 0.412,
        "pipe_diameter_inches": 40.0,
        "operating_pressure_psig": 1440.0,
        "pipe_material": "API 5L X80",
        "design_wall_thickness_mm": 22.2,
        "operational_age_years": 4.0,
        "corrosion_rate_mm_per_year": 0.302,
        "thickness_loss_mm": 1.21,
        "remaining_wall_thickness_mm": 20.99,
        "material_loss_percent": 5.5,
        "degradation_condition": "Normal",
        "failure_probability": 0.1449,
        "failure_probability_percent": 14.5,
        "risk_class": "Low",
        "primary_hazard": "Corrosive Soil & Anoxic Groundwater Degradation",
        "failure_code": "ERR-GEO-CORR-04",
        "diagnostic_message": "KP 57.0: High external corrosion hazard (14.5%) resulting from saturated groundwater (Corrosivity Index 0.685) and anaerobic clay soil. Coating breakdown risk is high.",
        "remediation_plan": "Upgrade Impressed Current Cathodic Protection (ICCP), apply 3LPE coating repair, and conduct smart-pig inline inspection."
      },
      "geometry": {
        "type": "Point",
        "coordinates": [
          6.987736,
          7.947736
        ]
      }
    },
    {
      "type": "Feature",
      "properties": {
        "kp": 58.0,
        "pipeline_id": 1,
        "pipeline_code": "AKK-SEC1",
        "pipeline_name": "Ajaokuta\u2013Kaduna\u2013Kano (AKK) Gas Pipeline \u2014 Kogi Corridor",
        "latitude": 7.954126,
        "longitude": 6.994126,
        "elevation": 77.0,
        "slope_deg": 1.03,
        "river_proximity_km": 16.3,
        "fault_distance_km": 19.9,
        "soil_type": "Corrosive Lowland Clay",
        "soil_risk": 1,
        "flooding_index": 0.296,
        "earthquake_factor": 0.072,
        "erosion_factor": 0.113,
        "landslide_index": 0.113,
        "soil_corrosivity_index": 0.679,
        "hoop_stress_ratio": 0.412,
        "pipe_diameter_inches": 40.0,
        "operating_pressure_psig": 1440.0,
        "pipe_material": "API 5L X80",
        "design_wall_thickness_mm": 22.2,
        "operational_age_years": 4.0,
        "corrosion_rate_mm_per_year": 0.305,
        "thickness_loss_mm": 1.22,
        "remaining_wall_thickness_mm": 20.98,
        "material_loss_percent": 5.5,
        "degradation_condition": "Normal",
        "failure_probability": 0.1534,
        "failure_probability_percent": 15.3,
        "risk_class": "Low",
        "primary_hazard": "Corrosive Soil & Anoxic Groundwater Degradation",
        "failure_code": "ERR-GEO-CORR-04",
        "diagnostic_message": "KP 58.0: High external corrosion hazard (15.3%) resulting from saturated groundwater (Corrosivity Index 0.679) and anaerobic clay soil. Coating breakdown risk is high.",
        "remediation_plan": "Upgrade Impressed Current Cathodic Protection (ICCP), apply 3LPE coating repair, and conduct smart-pig inline inspection."
      },
      "geometry": {
        "type": "Point",
        "coordinates": [
          6.994126,
          7.954126
        ]
      }
    },
    {
      "type": "Feature",
      "properties": {
        "kp": 59.0,
        "pipeline_id": 1,
        "pipeline_code": "AKK-SEC1",
        "pipeline_name": "Ajaokuta\u2013Kaduna\u2013Kano (AKK) Gas Pipeline \u2014 Kogi Corridor",
        "latitude": 7.960515,
        "longitude": 7.000515,
        "elevation": 92.0,
        "slope_deg": 2.06,
        "river_proximity_km": 17.3,
        "fault_distance_km": 18.73,
        "soil_type": "Stable Sandy Loam",
        "soil_risk": 0,
        "flooding_index": 0.28,
        "earthquake_factor": 0.046,
        "erosion_factor": 0.11,
        "landslide_index": 0.172,
        "soil_corrosivity_index": 0.452,
        "hoop_stress_ratio": 0.412,
        "pipe_diameter_inches": 40.0,
        "operating_pressure_psig": 1440.0,
        "pipe_material": "API 5L X80",
        "design_wall_thickness_mm": 22.2,
        "operational_age_years": 4.0,
        "corrosion_rate_mm_per_year": 0.235,
        "thickness_loss_mm": 0.94,
        "remaining_wall_thickness_mm": 21.26,
        "material_loss_percent": 4.2,
        "degradation_condition": "Normal",
        "failure_probability": 0.1353,
        "failure_probability_percent": 13.5,
        "risk_class": "Low",
        "primary_hazard": "Corrosive Soil & Anoxic Groundwater Degradation",
        "failure_code": "ERR-GEO-CORR-04",
        "diagnostic_message": "KP 59.0: High external corrosion hazard (13.5%) resulting from saturated groundwater (Corrosivity Index 0.452) and anaerobic clay soil. Coating breakdown risk is high.",
        "remediation_plan": "Upgrade Impressed Current Cathodic Protection (ICCP), apply 3LPE coating repair, and conduct smart-pig inline inspection."
      },
      "geometry": {
        "type": "Point",
        "coordinates": [
          7.000515,
          7.960515
        ]
      }
    },
    {
      "type": "Feature",
      "properties": {
        "kp": 60.0,
        "pipeline_id": 1,
        "pipeline_code": "AKK-SEC1",
        "pipeline_name": "Ajaokuta\u2013Kaduna\u2013Kano (AKK) Gas Pipeline \u2014 Kogi Corridor",
        "latitude": 7.966905,
        "longitude": 7.006905,
        "elevation": 113.0,
        "slope_deg": 1.55,
        "river_proximity_km": 18.3,
        "fault_distance_km": 17.94,
        "soil_type": "Stable Sandy Loam",
        "soil_risk": 0,
        "flooding_index": 0.257,
        "earthquake_factor": 0.074,
        "erosion_factor": 0.096,
        "landslide_index": 0.166,
        "soil_corrosivity_index": 0.416,
        "hoop_stress_ratio": 0.412,
        "pipe_diameter_inches": 40.0,
        "operating_pressure_psig": 1440.0,
        "pipe_material": "API 5L X80",
        "design_wall_thickness_mm": 22.2,
        "operational_age_years": 4.0,
        "corrosion_rate_mm_per_year": 0.214,
        "thickness_loss_mm": 0.86,
        "remaining_wall_thickness_mm": 21.34,
        "material_loss_percent": 3.9,
        "degradation_condition": "Normal",
        "failure_probability": 0.1293,
        "failure_probability_percent": 12.9,
        "risk_class": "Low",
        "primary_hazard": "Low Geo-Hazard Stress (Nominal Operational)",
        "failure_code": "NOMINAL-00",
        "diagnostic_message": "KP 60.0: Stable terrain conditions (12.9% PoF). Operating within normal design parameters under standard Catholic Protection monitoring.",
        "remediation_plan": "Maintain standard periodic aerial Right-of-Way surveillance and annual CP survey."
      },
      "geometry": {
        "type": "Point",
        "coordinates": [
          7.006905,
          7.966905
        ]
      }
    },
    {
      "type": "Feature",
      "properties": {
        "kp": 61.0,
        "pipeline_id": 1,
        "pipeline_code": "AKK-SEC1",
        "pipeline_name": "Ajaokuta\u2013Kaduna\u2013Kano (AKK) Gas Pipeline \u2014 Kogi Corridor",
        "latitude": 7.973294,
        "longitude": 7.013294,
        "elevation": 119.0,
        "slope_deg": 1.72,
        "river_proximity_km": 19.3,
        "fault_distance_km": 17.3,
        "soil_type": "Stable Sandy Loam",
        "soil_risk": 0,
        "flooding_index": 0.262,
        "earthquake_factor": 0.06,
        "erosion_factor": 0.06,
        "landslide_index": 0.143,
        "soil_corrosivity_index": 0.405,
        "hoop_stress_ratio": 0.412,
        "pipe_diameter_inches": 40.0,
        "operating_pressure_psig": 1440.0,
        "pipe_material": "API 5L X80",
        "design_wall_thickness_mm": 22.2,
        "operational_age_years": 4.0,
        "corrosion_rate_mm_per_year": 0.195,
        "thickness_loss_mm": 0.78,
        "remaining_wall_thickness_mm": 21.42,
        "material_loss_percent": 3.5,
        "degradation_condition": "Normal",
        "failure_probability": 0.1205,
        "failure_probability_percent": 12.0,
        "risk_class": "Low",
        "primary_hazard": "Low Geo-Hazard Stress (Nominal Operational)",
        "failure_code": "NOMINAL-00",
        "diagnostic_message": "KP 61.0: Stable terrain conditions (12.0% PoF). Operating within normal design parameters under standard Catholic Protection monitoring.",
        "remediation_plan": "Maintain standard periodic aerial Right-of-Way surveillance and annual CP survey."
      },
      "geometry": {
        "type": "Point",
        "coordinates": [
          7.013294,
          7.973294
        ]
      }
    },
    {
      "type": "Feature",
      "properties": {
        "kp": 62.0,
        "pipeline_id": 1,
        "pipeline_code": "AKK-SEC1",
        "pipeline_name": "Ajaokuta\u2013Kaduna\u2013Kano (AKK) Gas Pipeline \u2014 Kogi Corridor",
        "latitude": 7.979684,
        "longitude": 7.019684,
        "elevation": 83.0,
        "slope_deg": 0.57,
        "river_proximity_km": 20.3,
        "fault_distance_km": 15.79,
        "soil_type": "Stable Sandy Loam",
        "soil_risk": 0,
        "flooding_index": 0.285,
        "earthquake_factor": 0.057,
        "erosion_factor": 0.056,
        "landslide_index": 0.107,
        "soil_corrosivity_index": 0.466,
        "hoop_stress_ratio": 0.412,
        "pipe_diameter_inches": 40.0,
        "operating_pressure_psig": 1440.0,
        "pipe_material": "API 5L X80",
        "design_wall_thickness_mm": 22.2,
        "operational_age_years": 4.0,
        "corrosion_rate_mm_per_year": 0.218,
        "thickness_loss_mm": 0.87,
        "remaining_wall_thickness_mm": 21.33,
        "material_loss_percent": 3.9,
        "degradation_condition": "Normal",
        "failure_probability": 0.1238,
        "failure_probability_percent": 12.4,
        "risk_class": "Low",
        "primary_hazard": "Corrosive Soil & Anoxic Groundwater Degradation",
        "failure_code": "ERR-GEO-CORR-04",
        "diagnostic_message": "KP 62.0: High external corrosion hazard (12.4%) resulting from saturated groundwater (Corrosivity Index 0.466) and anaerobic clay soil. Coating breakdown risk is high.",
        "remediation_plan": "Upgrade Impressed Current Cathodic Protection (ICCP), apply 3LPE coating repair, and conduct smart-pig inline inspection."
      },
      "geometry": {
        "type": "Point",
        "coordinates": [
          7.019684,
          7.979684
        ]
      }
    },
    {
      "type": "Feature",
      "properties": {
        "kp": 63.0,
        "pipeline_id": 1,
        "pipeline_code": "AKK-SEC1",
        "pipeline_name": "Ajaokuta\u2013Kaduna\u2013Kano (AKK) Gas Pipeline \u2014 Kogi Corridor",
        "latitude": 7.986293,
        "longitude": 7.025843,
        "elevation": 109.0,
        "slope_deg": 1.6,
        "river_proximity_km": 21.3,
        "fault_distance_km": 15.24,
        "soil_type": "Stable Sandy Loam",
        "soil_risk": 0,
        "flooding_index": 0.238,
        "earthquake_factor": 0.061,
        "erosion_factor": 0.106,
        "landslide_index": 0.153,
        "soil_corrosivity_index": 0.421,
        "hoop_stress_ratio": 0.412,
        "pipe_diameter_inches": 40.0,
        "operating_pressure_psig": 1440.0,
        "pipe_material": "API 5L X80",
        "design_wall_thickness_mm": 22.2,
        "operational_age_years": 4.0,
        "corrosion_rate_mm_per_year": 0.235,
        "thickness_loss_mm": 0.94,
        "remaining_wall_thickness_mm": 21.26,
        "material_loss_percent": 4.2,
        "degradation_condition": "Normal",
        "failure_probability": 0.1234,
        "failure_probability_percent": 12.3,
        "risk_class": "Low",
        "primary_hazard": "Low Geo-Hazard Stress (Nominal Operational)",
        "failure_code": "NOMINAL-00",
        "diagnostic_message": "KP 63.0: Stable terrain conditions (12.3% PoF). Operating within normal design parameters under standard Catholic Protection monitoring.",
        "remediation_plan": "Maintain standard periodic aerial Right-of-Way surveillance and annual CP survey."
      },
      "geometry": {
        "type": "Point",
        "coordinates": [
          7.025843,
          7.986293
        ]
      }
    },
    {
      "type": "Feature",
      "properties": {
        "kp": 64.0,
        "pipeline_id": 1,
        "pipeline_code": "AKK-SEC1",
        "pipeline_name": "Ajaokuta\u2013Kaduna\u2013Kano (AKK) Gas Pipeline \u2014 Kogi Corridor",
        "latitude": 7.992913,
        "longitude": 7.031991,
        "elevation": 111.0,
        "slope_deg": 0.06,
        "river_proximity_km": 22.3,
        "fault_distance_km": 14.21,
        "soil_type": "Stable Sandy Loam",
        "soil_risk": 0,
        "flooding_index": 0.26,
        "earthquake_factor": 0.075,
        "erosion_factor": 0.05,
        "landslide_index": 0.102,
        "soil_corrosivity_index": 0.418,
        "hoop_stress_ratio": 0.412,
        "pipe_diameter_inches": 40.0,
        "operating_pressure_psig": 1440.0,
        "pipe_material": "API 5L X80",
        "design_wall_thickness_mm": 22.2,
        "operational_age_years": 4.0,
        "corrosion_rate_mm_per_year": 0.231,
        "thickness_loss_mm": 0.92,
        "remaining_wall_thickness_mm": 21.28,
        "material_loss_percent": 4.1,
        "degradation_condition": "Normal",
        "failure_probability": 0.1159,
        "failure_probability_percent": 11.6,
        "risk_class": "Low",
        "primary_hazard": "Low Geo-Hazard Stress (Nominal Operational)",
        "failure_code": "NOMINAL-00",
        "diagnostic_message": "KP 64.0: Stable terrain conditions (11.6% PoF). Operating within normal design parameters under standard Catholic Protection monitoring.",
        "remediation_plan": "Maintain standard periodic aerial Right-of-Way surveillance and annual CP survey."
      },
      "geometry": {
        "type": "Point",
        "coordinates": [
          7.031991,
          7.992913
        ]
      }
    },
    {
      "type": "Feature",
      "properties": {
        "kp": 65.0,
        "pipeline_id": 1,
        "pipeline_code": "AKK-SEC1",
        "pipeline_name": "Ajaokuta\u2013Kaduna\u2013Kano (AKK) Gas Pipeline \u2014 Kogi Corridor",
        "latitude": 7.999533,
        "longitude": 7.038138,
        "elevation": 110.0,
        "slope_deg": 1.32,
        "river_proximity_km": 23.29,
        "fault_distance_km": 13.38,
        "soil_type": "Stable Sandy Loam",
        "soil_risk": 0,
        "flooding_index": 0.24,
        "earthquake_factor": 0.084,
        "erosion_factor": 0.105,
        "landslide_index": 0.132,
        "soil_corrosivity_index": 0.419,
        "hoop_stress_ratio": 0.412,
        "pipe_diameter_inches": 40.0,
        "operating_pressure_psig": 1440.0,
        "pipe_material": "API 5L X80",
        "design_wall_thickness_mm": 22.2,
        "operational_age_years": 4.0,
        "corrosion_rate_mm_per_year": 0.236,
        "thickness_loss_mm": 0.94,
        "remaining_wall_thickness_mm": 21.26,
        "material_loss_percent": 4.2,
        "degradation_condition": "Normal",
        "failure_probability": 0.1232,
        "failure_probability_percent": 12.3,
        "risk_class": "Low",
        "primary_hazard": "Low Geo-Hazard Stress (Nominal Operational)",
        "failure_code": "NOMINAL-00",
        "diagnostic_message": "KP 65.0: Stable terrain conditions (12.3% PoF). Operating within normal design parameters under standard Catholic Protection monitoring.",
        "remediation_plan": "Maintain standard periodic aerial Right-of-Way surveillance and annual CP survey."
      },
      "geometry": {
        "type": "Point",
        "coordinates": [
          7.038138,
          7.999533
        ]
      }
    },
    {
      "type": "Feature",
      "properties": {
        "kp": 66.0,
        "pipeline_id": 1,
        "pipeline_code": "AKK-SEC1",
        "pipeline_name": "Ajaokuta\u2013Kaduna\u2013Kano (AKK) Gas Pipeline \u2014 Kogi Corridor",
        "latitude": 8.006154,
        "longitude": 7.044286,
        "elevation": 134.0,
        "slope_deg": 0.92,
        "river_proximity_km": 24.29,
        "fault_distance_km": 12.32,
        "soil_type": "Stable Sandy Loam",
        "soil_risk": 0,
        "flooding_index": 0.216,
        "earthquake_factor": 0.112,
        "erosion_factor": 0.095,
        "landslide_index": 0.122,
        "soil_corrosivity_index": 0.377,
        "hoop_stress_ratio": 0.412,
        "pipe_diameter_inches": 40.0,
        "operating_pressure_psig": 1440.0,
        "pipe_material": "API 5L X80",
        "design_wall_thickness_mm": 22.2,
        "operational_age_years": 4.0,
        "corrosion_rate_mm_per_year": 0.219,
        "thickness_loss_mm": 0.88,
        "remaining_wall_thickness_mm": 21.32,
        "material_loss_percent": 4.0,
        "degradation_condition": "Normal",
        "failure_probability": 0.1162,
        "failure_probability_percent": 11.6,
        "risk_class": "Low",
        "primary_hazard": "Low Geo-Hazard Stress (Nominal Operational)",
        "failure_code": "NOMINAL-00",
        "diagnostic_message": "KP 66.0: Stable terrain conditions (11.6% PoF). Operating within normal design parameters under standard Catholic Protection monitoring.",
        "remediation_plan": "Maintain standard periodic aerial Right-of-Way surveillance and annual CP survey."
      },
      "geometry": {
        "type": "Point",
        "coordinates": [
          7.044286,
          8.006154
        ]
      }
    },
    {
      "type": "Feature",
      "properties": {
        "kp": 67.0,
        "pipeline_id": 1,
        "pipeline_code": "AKK-SEC1",
        "pipeline_name": "Ajaokuta\u2013Kaduna\u2013Kano (AKK) Gas Pipeline \u2014 Kogi Corridor",
        "latitude": 8.012774,
        "longitude": 7.050433,
        "elevation": 126.0,
        "slope_deg": 2.23,
        "river_proximity_km": 25.29,
        "fault_distance_km": 11.13,
        "soil_type": "Stable Sandy Loam",
        "soil_risk": 0,
        "flooding_index": 0.243,
        "earthquake_factor": 0.093,
        "erosion_factor": 0.132,
        "landslide_index": 0.178,
        "soil_corrosivity_index": 0.391,
        "hoop_stress_ratio": 0.412,
        "pipe_diameter_inches": 40.0,
        "operating_pressure_psig": 1440.0,
        "pipe_material": "API 5L X80",
        "design_wall_thickness_mm": 22.2,
        "operational_age_years": 4.0,
        "corrosion_rate_mm_per_year": 0.189,
        "thickness_loss_mm": 0.76,
        "remaining_wall_thickness_mm": 21.44,
        "material_loss_percent": 3.4,
        "degradation_condition": "Normal",
        "failure_probability": 0.1321,
        "failure_probability_percent": 13.2,
        "risk_class": "Low",
        "primary_hazard": "Low Geo-Hazard Stress (Nominal Operational)",
        "failure_code": "NOMINAL-00",
        "diagnostic_message": "KP 67.0: Stable terrain conditions (13.2% PoF). Operating within normal design parameters under standard Catholic Protection monitoring.",
        "remediation_plan": "Maintain standard periodic aerial Right-of-Way surveillance and annual CP survey."
      },
      "geometry": {
        "type": "Point",
        "coordinates": [
          7.050433,
          8.012774
        ]
      }
    },
    {
      "type": "Feature",
      "properties": {
        "kp": 68.0,
        "pipeline_id": 1,
        "pipeline_code": "AKK-SEC1",
        "pipeline_name": "Ajaokuta\u2013Kaduna\u2013Kano (AKK) Gas Pipeline \u2014 Kogi Corridor",
        "latitude": 8.019394,
        "longitude": 7.05658,
        "elevation": 173.0,
        "slope_deg": 1.6,
        "river_proximity_km": 26.29,
        "fault_distance_km": 10.4,
        "soil_type": "Stable Sandy Loam",
        "soil_risk": 0,
        "flooding_index": 0.158,
        "earthquake_factor": 0.098,
        "erosion_factor": 0.123,
        "landslide_index": 0.206,
        "soil_corrosivity_index": 0.31,
        "hoop_stress_ratio": 0.412,
        "pipe_diameter_inches": 40.0,
        "operating_pressure_psig": 1440.0,
        "pipe_material": "API 5L X80",
        "design_wall_thickness_mm": 22.2,
        "operational_age_years": 4.0,
        "corrosion_rate_mm_per_year": 0.181,
        "thickness_loss_mm": 0.72,
        "remaining_wall_thickness_mm": 21.48,
        "material_loss_percent": 3.2,
        "degradation_condition": "Normal",
        "failure_probability": 0.1134,
        "failure_probability_percent": 11.3,
        "risk_class": "Low",
        "primary_hazard": "Low Geo-Hazard Stress (Nominal Operational)",
        "failure_code": "NOMINAL-00",
        "diagnostic_message": "KP 68.0: Stable terrain conditions (11.3% PoF). Operating within normal design parameters under standard Catholic Protection monitoring.",
        "remediation_plan": "Maintain standard periodic aerial Right-of-Way surveillance and annual CP survey."
      },
      "geometry": {
        "type": "Point",
        "coordinates": [
          7.05658,
          8.019394
        ]
      }
    },
    {
      "type": "Feature",
      "properties": {
        "kp": 69.0,
        "pipeline_id": 1,
        "pipeline_code": "AKK-SEC1",
        "pipeline_name": "Ajaokuta\u2013Kaduna\u2013Kano (AKK) Gas Pipeline \u2014 Kogi Corridor",
        "latitude": 8.026015,
        "longitude": 7.062728,
        "elevation": 154.0,
        "slope_deg": 1.89,
        "river_proximity_km": 27.29,
        "fault_distance_km": 9.27,
        "soil_type": "Stable Sandy Loam",
        "soil_risk": 0,
        "flooding_index": 0.194,
        "earthquake_factor": 0.105,
        "erosion_factor": 0.078,
        "landslide_index": 0.194,
        "soil_corrosivity_index": 0.343,
        "hoop_stress_ratio": 0.412,
        "pipe_diameter_inches": 40.0,
        "operating_pressure_psig": 1440.0,
        "pipe_material": "API 5L X80",
        "design_wall_thickness_mm": 22.2,
        "operational_age_years": 4.0,
        "corrosion_rate_mm_per_year": 0.2,
        "thickness_loss_mm": 0.8,
        "remaining_wall_thickness_mm": 21.4,
        "material_loss_percent": 3.6,
        "degradation_condition": "Normal",
        "failure_probability": 0.1179,
        "failure_probability_percent": 11.8,
        "risk_class": "Low",
        "primary_hazard": "Low Geo-Hazard Stress (Nominal Operational)",
        "failure_code": "NOMINAL-00",
        "diagnostic_message": "KP 69.0: Stable terrain conditions (11.8% PoF). Operating within normal design parameters under standard Catholic Protection monitoring.",
        "remediation_plan": "Maintain standard periodic aerial Right-of-Way surveillance and annual CP survey."
      },
      "geometry": {
        "type": "Point",
        "coordinates": [
          7.062728,
          8.026015
        ]
      }
    },
    {
      "type": "Feature",
      "properties": {
        "kp": 70.0,
        "pipeline_id": 1,
        "pipeline_code": "AKK-SEC1",
        "pipeline_name": "Ajaokuta\u2013Kaduna\u2013Kano (AKK) Gas Pipeline \u2014 Kogi Corridor",
        "latitude": 8.032635,
        "longitude": 7.068875,
        "elevation": 140.0,
        "slope_deg": 1.6,
        "river_proximity_km": 28.29,
        "fault_distance_km": 8.41,
        "soil_type": "Stable Sandy Loam",
        "soil_risk": 0,
        "flooding_index": 0.224,
        "earthquake_factor": 0.102,
        "erosion_factor": 0.085,
        "landslide_index": 0.15,
        "soil_corrosivity_index": 0.366,
        "hoop_stress_ratio": 0.412,
        "pipe_diameter_inches": 40.0,
        "operating_pressure_psig": 1440.0,
        "pipe_material": "API 5L X80",
        "design_wall_thickness_mm": 22.2,
        "operational_age_years": 4.0,
        "corrosion_rate_mm_per_year": 0.201,
        "thickness_loss_mm": 0.8,
        "remaining_wall_thickness_mm": 21.4,
        "material_loss_percent": 3.6,
        "degradation_condition": "Normal",
        "failure_probability": 0.1188,
        "failure_probability_percent": 11.9,
        "risk_class": "Low",
        "primary_hazard": "Low Geo-Hazard Stress (Nominal Operational)",
        "failure_code": "NOMINAL-00",
        "diagnostic_message": "KP 70.0: Stable terrain conditions (11.9% PoF). Operating within normal design parameters under standard Catholic Protection monitoring.",
        "remediation_plan": "Maintain standard periodic aerial Right-of-Way surveillance and annual CP survey."
      },
      "geometry": {
        "type": "Point",
        "coordinates": [
          7.068875,
          8.032635
        ]
      }
    },
    {
      "type": "Feature",
      "properties": {
        "kp": 71.0,
        "pipeline_id": 1,
        "pipeline_code": "AKK-SEC1",
        "pipeline_name": "Ajaokuta\u2013Kaduna\u2013Kano (AKK) Gas Pipeline \u2014 Kogi Corridor",
        "latitude": 8.039255,
        "longitude": 7.075023,
        "elevation": 182.0,
        "slope_deg": 5.88,
        "river_proximity_km": 29.29,
        "fault_distance_km": 7.26,
        "soil_type": "Stable Sandy Loam",
        "soil_risk": 0,
        "flooding_index": 0.186,
        "earthquake_factor": 0.132,
        "erosion_factor": 0.14,
        "landslide_index": 0.34,
        "soil_corrosivity_index": 0.294,
        "hoop_stress_ratio": 0.412,
        "pipe_diameter_inches": 40.0,
        "operating_pressure_psig": 1440.0,
        "pipe_material": "API 5L X80",
        "design_wall_thickness_mm": 22.2,
        "operational_age_years": 4.0,
        "corrosion_rate_mm_per_year": 0.182,
        "thickness_loss_mm": 0.73,
        "remaining_wall_thickness_mm": 21.47,
        "material_loss_percent": 3.3,
        "degradation_condition": "Normal",
        "failure_probability": 0.144,
        "failure_probability_percent": 14.4,
        "risk_class": "Low",
        "primary_hazard": "Low Geo-Hazard Stress (Nominal Operational)",
        "failure_code": "NOMINAL-00",
        "diagnostic_message": "KP 71.0: Stable terrain conditions (14.4% PoF). Operating within normal design parameters under standard Catholic Protection monitoring.",
        "remediation_plan": "Maintain standard periodic aerial Right-of-Way surveillance and annual CP survey."
      },
      "geometry": {
        "type": "Point",
        "coordinates": [
          7.075023,
          8.039255
        ]
      }
    },
    {
      "type": "Feature",
      "properties": {
        "kp": 72.0,
        "pipeline_id": 1,
        "pipeline_code": "AKK-SEC1",
        "pipeline_name": "Ajaokuta\u2013Kaduna\u2013Kano (AKK) Gas Pipeline \u2014 Kogi Corridor",
        "latitude": 8.045875,
        "longitude": 7.08117,
        "elevation": 243.0,
        "slope_deg": 1.78,
        "river_proximity_km": 30.29,
        "fault_distance_km": 6.44,
        "soil_type": "Expansive Shale & Rocky Outcrop",
        "soil_risk": 2,
        "flooding_index": 0.085,
        "earthquake_factor": 0.129,
        "erosion_factor": 0.105,
        "landslide_index": 0.222,
        "soil_corrosivity_index": 0.589,
        "hoop_stress_ratio": 0.412,
        "pipe_diameter_inches": 40.0,
        "operating_pressure_psig": 1440.0,
        "pipe_material": "API 5L X80",
        "design_wall_thickness_mm": 22.2,
        "operational_age_years": 4.0,
        "corrosion_rate_mm_per_year": 0.297,
        "thickness_loss_mm": 1.19,
        "remaining_wall_thickness_mm": 21.01,
        "material_loss_percent": 5.4,
        "degradation_condition": "Normal",
        "failure_probability": 0.1304,
        "failure_probability_percent": 13.0,
        "risk_class": "Low",
        "primary_hazard": "Corrosive Soil & Anoxic Groundwater Degradation",
        "failure_code": "ERR-GEO-CORR-04",
        "diagnostic_message": "KP 72.0: High external corrosion hazard (13.0%) resulting from saturated groundwater (Corrosivity Index 0.589) and anaerobic clay soil. Coating breakdown risk is high.",
        "remediation_plan": "Upgrade Impressed Current Cathodic Protection (ICCP), apply 3LPE coating repair, and conduct smart-pig inline inspection."
      },
      "geometry": {
        "type": "Point",
        "coordinates": [
          7.08117,
          8.045875
        ]
      }
    },
    {
      "type": "Feature",
      "properties": {
        "kp": 73.0,
        "pipeline_id": 1,
        "pipeline_code": "AKK-SEC1",
        "pipeline_name": "Ajaokuta\u2013Kaduna\u2013Kano (AKK) Gas Pipeline \u2014 Kogi Corridor",
        "latitude": 8.052496,
        "longitude": 7.087317,
        "elevation": 213.0,
        "slope_deg": 3.03,
        "river_proximity_km": 31.29,
        "fault_distance_km": 5.59,
        "soil_type": "Expansive Shale & Rocky Outcrop",
        "soil_risk": 2,
        "flooding_index": 0.113,
        "earthquake_factor": 0.147,
        "erosion_factor": 0.152,
        "landslide_index": 0.262,
        "soil_corrosivity_index": 0.641,
        "hoop_stress_ratio": 0.412,
        "pipe_diameter_inches": 40.0,
        "operating_pressure_psig": 1440.0,
        "pipe_material": "API 5L X80",
        "design_wall_thickness_mm": 22.2,
        "operational_age_years": 4.0,
        "corrosion_rate_mm_per_year": 0.298,
        "thickness_loss_mm": 1.19,
        "remaining_wall_thickness_mm": 21.01,
        "material_loss_percent": 5.4,
        "degradation_condition": "Normal",
        "failure_probability": 0.1532,
        "failure_probability_percent": 15.3,
        "risk_class": "Low",
        "primary_hazard": "Corrosive Soil & Anoxic Groundwater Degradation",
        "failure_code": "ERR-GEO-CORR-04",
        "diagnostic_message": "KP 73.0: High external corrosion hazard (15.3%) resulting from saturated groundwater (Corrosivity Index 0.641) and anaerobic clay soil. Coating breakdown risk is high.",
        "remediation_plan": "Upgrade Impressed Current Cathodic Protection (ICCP), apply 3LPE coating repair, and conduct smart-pig inline inspection."
      },
      "geometry": {
        "type": "Point",
        "coordinates": [
          7.087317,
          8.052496
        ]
      }
    },
    {
      "type": "Feature",
      "properties": {
        "kp": 74.0,
        "pipeline_id": 1,
        "pipeline_code": "AKK-SEC1",
        "pipeline_name": "Ajaokuta\u2013Kaduna\u2013Kano (AKK) Gas Pipeline \u2014 Kogi Corridor",
        "latitude": 8.059116,
        "longitude": 7.093465,
        "elevation": 190.0,
        "slope_deg": 2.46,
        "river_proximity_km": 32.29,
        "fault_distance_km": 4.79,
        "soil_type": "Stable Sandy Loam",
        "soil_risk": 0,
        "flooding_index": 0.179,
        "earthquake_factor": 0.223,
        "erosion_factor": 0.122,
        "landslide_index": 0.226,
        "soil_corrosivity_index": 0.28,
        "hoop_stress_ratio": 0.412,
        "pipe_diameter_inches": 40.0,
        "operating_pressure_psig": 1440.0,
        "pipe_material": "API 5L X80",
        "design_wall_thickness_mm": 22.2,
        "operational_age_years": 4.0,
        "corrosion_rate_mm_per_year": 0.15,
        "thickness_loss_mm": 0.6,
        "remaining_wall_thickness_mm": 21.6,
        "material_loss_percent": 2.7,
        "degradation_condition": "Normal",
        "failure_probability": 0.1338,
        "failure_probability_percent": 13.4,
        "risk_class": "Low",
        "primary_hazard": "Low Geo-Hazard Stress (Nominal Operational)",
        "failure_code": "NOMINAL-00",
        "diagnostic_message": "KP 74.0: Stable terrain conditions (13.4% PoF). Operating within normal design parameters under standard Catholic Protection monitoring.",
        "remediation_plan": "Maintain standard periodic aerial Right-of-Way surveillance and annual CP survey."
      },
      "geometry": {
        "type": "Point",
        "coordinates": [
          7.093465,
          8.059116
        ]
      }
    },
    {
      "type": "Feature",
      "properties": {
        "kp": 75.0,
        "pipeline_id": 1,
        "pipeline_code": "AKK-SEC1",
        "pipeline_name": "Ajaokuta\u2013Kaduna\u2013Kano (AKK) Gas Pipeline \u2014 Kogi Corridor",
        "latitude": 8.065736,
        "longitude": 7.099612,
        "elevation": 170.0,
        "slope_deg": 0.8,
        "river_proximity_km": 33.29,
        "fault_distance_km": 3.98,
        "soil_type": "Stable Sandy Loam",
        "soil_risk": 0,
        "flooding_index": 0.179,
        "earthquake_factor": 0.22,
        "erosion_factor": 0.1,
        "landslide_index": 0.141,
        "soil_corrosivity_index": 0.314,
        "hoop_stress_ratio": 0.412,
        "pipe_diameter_inches": 40.0,
        "operating_pressure_psig": 1440.0,
        "pipe_material": "API 5L X80",
        "design_wall_thickness_mm": 22.2,
        "operational_age_years": 4.0,
        "corrosion_rate_mm_per_year": 0.179,
        "thickness_loss_mm": 0.72,
        "remaining_wall_thickness_mm": 21.48,
        "material_loss_percent": 3.2,
        "degradation_condition": "Normal",
        "failure_probability": 0.1212,
        "failure_probability_percent": 12.1,
        "risk_class": "Low",
        "primary_hazard": "Low Geo-Hazard Stress (Nominal Operational)",
        "failure_code": "NOMINAL-00",
        "diagnostic_message": "KP 75.0: Stable terrain conditions (12.1% PoF). Operating within normal design parameters under standard Catholic Protection monitoring.",
        "remediation_plan": "Maintain standard periodic aerial Right-of-Way surveillance and annual CP survey."
      },
      "geometry": {
        "type": "Point",
        "coordinates": [
          7.099612,
          8.065736
        ]
      }
    },
    {
      "type": "Feature",
      "properties": {
        "kp": 76.0,
        "pipeline_id": 1,
        "pipeline_code": "AKK-SEC1",
        "pipeline_name": "Ajaokuta\u2013Kaduna\u2013Kano (AKK) Gas Pipeline \u2014 Kogi Corridor",
        "latitude": 8.072357,
        "longitude": 7.10576,
        "elevation": 176.0,
        "slope_deg": 0.86,
        "river_proximity_km": 34.29,
        "fault_distance_km": 2.85,
        "soil_type": "Stable Sandy Loam",
        "soil_risk": 0,
        "flooding_index": 0.168,
        "earthquake_factor": 0.265,
        "erosion_factor": 0.05,
        "landslide_index": 0.147,
        "soil_corrosivity_index": 0.304,
        "hoop_stress_ratio": 0.412,
        "pipe_diameter_inches": 40.0,
        "operating_pressure_psig": 1440.0,
        "pipe_material": "API 5L X80",
        "design_wall_thickness_mm": 22.2,
        "operational_age_years": 4.0,
        "corrosion_rate_mm_per_year": 0.181,
        "thickness_loss_mm": 0.72,
        "remaining_wall_thickness_mm": 21.48,
        "material_loss_percent": 3.2,
        "degradation_condition": "Normal",
        "failure_probability": 0.1205,
        "failure_probability_percent": 12.0,
        "risk_class": "Low",
        "primary_hazard": "Low Geo-Hazard Stress (Nominal Operational)",
        "failure_code": "NOMINAL-00",
        "diagnostic_message": "KP 76.0: Stable terrain conditions (12.0% PoF). Operating within normal design parameters under standard Catholic Protection monitoring.",
        "remediation_plan": "Maintain standard periodic aerial Right-of-Way surveillance and annual CP survey."
      },
      "geometry": {
        "type": "Point",
        "coordinates": [
          7.10576,
          8.072357
        ]
      }
    },
    {
      "type": "Feature",
      "properties": {
        "kp": 77.0,
        "pipeline_id": 1,
        "pipeline_code": "AKK-SEC1",
        "pipeline_name": "Ajaokuta\u2013Kaduna\u2013Kano (AKK) Gas Pipeline \u2014 Kogi Corridor",
        "latitude": 8.078977,
        "longitude": 7.111907,
        "elevation": 155.0,
        "slope_deg": 0.8,
        "river_proximity_km": 35.29,
        "fault_distance_km": 2.83,
        "soil_type": "Stable Sandy Loam",
        "soil_risk": 0,
        "flooding_index": 0.194,
        "earthquake_factor": 0.321,
        "erosion_factor": 0.057,
        "landslide_index": 0.138,
        "soil_corrosivity_index": 0.34,
        "hoop_stress_ratio": 0.412,
        "pipe_diameter_inches": 40.0,
        "operating_pressure_psig": 1440.0,
        "pipe_material": "API 5L X80",
        "design_wall_thickness_mm": 22.2,
        "operational_age_years": 4.0,
        "corrosion_rate_mm_per_year": 0.204,
        "thickness_loss_mm": 0.82,
        "remaining_wall_thickness_mm": 21.38,
        "material_loss_percent": 3.7,
        "degradation_condition": "Normal",
        "failure_probability": 0.1351,
        "failure_probability_percent": 13.5,
        "risk_class": "Low",
        "primary_hazard": "Low Geo-Hazard Stress (Nominal Operational)",
        "failure_code": "NOMINAL-00",
        "diagnostic_message": "KP 77.0: Stable terrain conditions (13.5% PoF). Operating within normal design parameters under standard Catholic Protection monitoring.",
        "remediation_plan": "Maintain standard periodic aerial Right-of-Way surveillance and annual CP survey."
      },
      "geometry": {
        "type": "Point",
        "coordinates": [
          7.111907,
          8.078977
        ]
      }
    },
    {
      "type": "Feature",
      "properties": {
        "kp": 78.0,
        "pipeline_id": 1,
        "pipeline_code": "AKK-SEC1",
        "pipeline_name": "Ajaokuta\u2013Kaduna\u2013Kano (AKK) Gas Pipeline \u2014 Kogi Corridor",
        "latitude": 8.085597,
        "longitude": 7.118055,
        "elevation": 162.0,
        "slope_deg": 2.0,
        "river_proximity_km": 36.29,
        "fault_distance_km": 2.39,
        "soil_type": "Stable Sandy Loam",
        "soil_risk": 0,
        "flooding_index": 0.205,
        "earthquake_factor": 0.305,
        "erosion_factor": 0.128,
        "landslide_index": 0.178,
        "soil_corrosivity_index": 0.327,
        "hoop_stress_ratio": 0.412,
        "pipe_diameter_inches": 40.0,
        "operating_pressure_psig": 1440.0,
        "pipe_material": "API 5L X80",
        "design_wall_thickness_mm": 22.2,
        "operational_age_years": 4.0,
        "corrosion_rate_mm_per_year": 0.2,
        "thickness_loss_mm": 0.8,
        "remaining_wall_thickness_mm": 21.4,
        "material_loss_percent": 3.6,
        "degradation_condition": "Normal",
        "failure_probability": 0.1466,
        "failure_probability_percent": 14.7,
        "risk_class": "Low",
        "primary_hazard": "Low Geo-Hazard Stress (Nominal Operational)",
        "failure_code": "NOMINAL-00",
        "diagnostic_message": "KP 78.0: Stable terrain conditions (14.7% PoF). Operating within normal design parameters under standard Catholic Protection monitoring.",
        "remediation_plan": "Maintain standard periodic aerial Right-of-Way surveillance and annual CP survey."
      },
      "geometry": {
        "type": "Point",
        "coordinates": [
          7.118055,
          8.085597
        ]
      }
    },
    {
      "type": "Feature",
      "properties": {
        "kp": 79.0,
        "pipeline_id": 1,
        "pipeline_code": "AKK-SEC1",
        "pipeline_name": "Ajaokuta\u2013Kaduna\u2013Kano (AKK) Gas Pipeline \u2014 Kogi Corridor",
        "latitude": 8.092218,
        "longitude": 7.124202,
        "elevation": 190.0,
        "slope_deg": 1.03,
        "river_proximity_km": 37.29,
        "fault_distance_km": 2.82,
        "soil_type": "Stable Sandy Loam",
        "soil_risk": 0,
        "flooding_index": 0.178,
        "earthquake_factor": 0.268,
        "erosion_factor": 0.075,
        "landslide_index": 0.196,
        "soil_corrosivity_index": 0.279,
        "hoop_stress_ratio": 0.412,
        "pipe_diameter_inches": 40.0,
        "operating_pressure_psig": 1440.0,
        "pipe_material": "API 5L X80",
        "design_wall_thickness_mm": 22.2,
        "operational_age_years": 4.0,
        "corrosion_rate_mm_per_year": 0.167,
        "thickness_loss_mm": 0.67,
        "remaining_wall_thickness_mm": 21.53,
        "material_loss_percent": 3.0,
        "degradation_condition": "Normal",
        "failure_probability": 0.1304,
        "failure_probability_percent": 13.0,
        "risk_class": "Low",
        "primary_hazard": "Low Geo-Hazard Stress (Nominal Operational)",
        "failure_code": "NOMINAL-00",
        "diagnostic_message": "KP 79.0: Stable terrain conditions (13.0% PoF). Operating within normal design parameters under standard Catholic Protection monitoring.",
        "remediation_plan": "Maintain standard periodic aerial Right-of-Way surveillance and annual CP survey."
      },
      "geometry": {
        "type": "Point",
        "coordinates": [
          7.124202,
          8.092218
        ]
      }
    },
    {
      "type": "Feature",
      "properties": {
        "kp": 80.0,
        "pipeline_id": 1,
        "pipeline_code": "AKK-SEC1",
        "pipeline_name": "Ajaokuta\u2013Kaduna\u2013Kano (AKK) Gas Pipeline \u2014 Kogi Corridor",
        "latitude": 8.098838,
        "longitude": 7.130349,
        "elevation": 180.0,
        "slope_deg": 2.75,
        "river_proximity_km": 38.29,
        "fault_distance_km": 3.42,
        "soil_type": "Stable Sandy Loam",
        "soil_risk": 0,
        "flooding_index": 0.173,
        "earthquake_factor": 0.25,
        "erosion_factor": 0.115,
        "landslide_index": 0.239,
        "soil_corrosivity_index": 0.296,
        "hoop_stress_ratio": 0.412,
        "pipe_diameter_inches": 40.0,
        "operating_pressure_psig": 1440.0,
        "pipe_material": "API 5L X80",
        "design_wall_thickness_mm": 22.2,
        "operational_age_years": 4.0,
        "corrosion_rate_mm_per_year": 0.189,
        "thickness_loss_mm": 0.76,
        "remaining_wall_thickness_mm": 21.44,
        "material_loss_percent": 3.4,
        "degradation_condition": "Normal",
        "failure_probability": 0.1391,
        "failure_probability_percent": 13.9,
        "risk_class": "Low",
        "primary_hazard": "Low Geo-Hazard Stress (Nominal Operational)",
        "failure_code": "NOMINAL-00",
        "diagnostic_message": "KP 80.0: Stable terrain conditions (13.9% PoF). Operating within normal design parameters under standard Catholic Protection monitoring.",
        "remediation_plan": "Maintain standard periodic aerial Right-of-Way surveillance and annual CP survey."
      },
      "geometry": {
        "type": "Point",
        "coordinates": [
          7.130349,
          8.098838
        ]
      }
    },
    {
      "type": "Feature",
      "properties": {
        "kp": 81.0,
        "pipeline_id": 1,
        "pipeline_code": "AKK-SEC1",
        "pipeline_name": "Ajaokuta\u2013Kaduna\u2013Kano (AKK) Gas Pipeline \u2014 Kogi Corridor",
        "latitude": 8.105458,
        "longitude": 7.136497,
        "elevation": 142.0,
        "slope_deg": 1.55,
        "river_proximity_km": 39.29,
        "fault_distance_km": 3.79,
        "soil_type": "Stable Sandy Loam",
        "soil_risk": 0,
        "flooding_index": 0.19,
        "earthquake_factor": 0.26,
        "erosion_factor": 0.112,
        "landslide_index": 0.165,
        "soil_corrosivity_index": 0.361,
        "hoop_stress_ratio": 0.412,
        "pipe_diameter_inches": 40.0,
        "operating_pressure_psig": 1440.0,
        "pipe_material": "API 5L X80",
        "design_wall_thickness_mm": 22.2,
        "operational_age_years": 4.0,
        "corrosion_rate_mm_per_year": 0.202,
        "thickness_loss_mm": 0.81,
        "remaining_wall_thickness_mm": 21.39,
        "material_loss_percent": 3.6,
        "degradation_condition": "Normal",
        "failure_probability": 0.1376,
        "failure_probability_percent": 13.8,
        "risk_class": "Low",
        "primary_hazard": "Low Geo-Hazard Stress (Nominal Operational)",
        "failure_code": "NOMINAL-00",
        "diagnostic_message": "KP 81.0: Stable terrain conditions (13.8% PoF). Operating within normal design parameters under standard Catholic Protection monitoring.",
        "remediation_plan": "Maintain standard periodic aerial Right-of-Way surveillance and annual CP survey."
      },
      "geometry": {
        "type": "Point",
        "coordinates": [
          7.136497,
          8.105458
        ]
      }
    },
    {
      "type": "Feature",
      "properties": {
        "kp": 82.0,
        "pipeline_id": 1,
        "pipeline_code": "AKK-SEC1",
        "pipeline_name": "Ajaokuta\u2013Kaduna\u2013Kano (AKK) Gas Pipeline \u2014 Kogi Corridor",
        "latitude": 8.112078,
        "longitude": 7.142644,
        "elevation": 153.0,
        "slope_deg": 0.52,
        "river_proximity_km": 40.29,
        "fault_distance_km": 4.75,
        "soil_type": "Stable Sandy Loam",
        "soil_risk": 0,
        "flooding_index": 0.174,
        "earthquake_factor": 0.193,
        "erosion_factor": 0.05,
        "landslide_index": 0.138,
        "soil_corrosivity_index": 0.342,
        "hoop_stress_ratio": 0.412,
        "pipe_diameter_inches": 40.0,
        "operating_pressure_psig": 1440.0,
        "pipe_material": "API 5L X80",
        "design_wall_thickness_mm": 22.2,
        "operational_age_years": 4.0,
        "corrosion_rate_mm_per_year": 0.173,
        "thickness_loss_mm": 0.69,
        "remaining_wall_thickness_mm": 21.51,
        "material_loss_percent": 3.1,
        "degradation_condition": "Normal",
        "failure_probability": 0.1143,
        "failure_probability_percent": 11.4,
        "risk_class": "Low",
        "primary_hazard": "Low Geo-Hazard Stress (Nominal Operational)",
        "failure_code": "NOMINAL-00",
        "diagnostic_message": "KP 82.0: Stable terrain conditions (11.4% PoF). Operating within normal design parameters under standard Catholic Protection monitoring.",
        "remediation_plan": "Maintain standard periodic aerial Right-of-Way surveillance and annual CP survey."
      },
      "geometry": {
        "type": "Point",
        "coordinates": [
          7.142644,
          8.112078
        ]
      }
    },
    {
      "type": "Feature",
      "properties": {
        "kp": 83.0,
        "pipeline_id": 1,
        "pipeline_code": "AKK-SEC1",
        "pipeline_name": "Ajaokuta\u2013Kaduna\u2013Kano (AKK) Gas Pipeline \u2014 Kogi Corridor",
        "latitude": 8.118699,
        "longitude": 7.148792,
        "elevation": 151.0,
        "slope_deg": 0.06,
        "river_proximity_km": 41.29,
        "fault_distance_km": 6.04,
        "soil_type": "Stable Sandy Loam",
        "soil_risk": 0,
        "flooding_index": 0.215,
        "earthquake_factor": 0.174,
        "erosion_factor": 0.054,
        "landslide_index": 0.109,
        "soil_corrosivity_index": 0.346,
        "hoop_stress_ratio": 0.412,
        "pipe_diameter_inches": 40.0,
        "operating_pressure_psig": 1440.0,
        "pipe_material": "API 5L X80",
        "design_wall_thickness_mm": 22.2,
        "operational_age_years": 4.0,
        "corrosion_rate_mm_per_year": 0.204,
        "thickness_loss_mm": 0.82,
        "remaining_wall_thickness_mm": 21.38,
        "material_loss_percent": 3.7,
        "degradation_condition": "Normal",
        "failure_probability": 0.1155,
        "failure_probability_percent": 11.6,
        "risk_class": "Low",
        "primary_hazard": "Low Geo-Hazard Stress (Nominal Operational)",
        "failure_code": "NOMINAL-00",
        "diagnostic_message": "KP 83.0: Stable terrain conditions (11.6% PoF). Operating within normal design parameters under standard Catholic Protection monitoring.",
        "remediation_plan": "Maintain standard periodic aerial Right-of-Way surveillance and annual CP survey."
      },
      "geometry": {
        "type": "Point",
        "coordinates": [
          7.148792,
          8.118699
        ]
      }
    },
    {
      "type": "Feature",
      "properties": {
        "kp": 84.0,
        "pipeline_id": 1,
        "pipeline_code": "AKK-SEC1",
        "pipeline_name": "Ajaokuta\u2013Kaduna\u2013Kano (AKK) Gas Pipeline \u2014 Kogi Corridor",
        "latitude": 8.126572,
        "longitude": 7.153033,
        "elevation": 154.0,
        "slope_deg": 0.69,
        "river_proximity_km": 42.25,
        "fault_distance_km": 6.65,
        "soil_type": "Stable Sandy Loam",
        "soil_risk": 0,
        "flooding_index": 0.171,
        "earthquake_factor": 0.175,
        "erosion_factor": 0.089,
        "landslide_index": 0.16,
        "soil_corrosivity_index": 0.34,
        "hoop_stress_ratio": 0.412,
        "pipe_diameter_inches": 40.0,
        "operating_pressure_psig": 1440.0,
        "pipe_material": "API 5L X80",
        "design_wall_thickness_mm": 22.2,
        "operational_age_years": 4.0,
        "corrosion_rate_mm_per_year": 0.198,
        "thickness_loss_mm": 0.79,
        "remaining_wall_thickness_mm": 21.41,
        "material_loss_percent": 3.6,
        "degradation_condition": "Normal",
        "failure_probability": 0.1182,
        "failure_probability_percent": 11.8,
        "risk_class": "Low",
        "primary_hazard": "Low Geo-Hazard Stress (Nominal Operational)",
        "failure_code": "NOMINAL-00",
        "diagnostic_message": "KP 84.0: Stable terrain conditions (11.8% PoF). Operating within normal design parameters under standard Catholic Protection monitoring.",
        "remediation_plan": "Maintain standard periodic aerial Right-of-Way surveillance and annual CP survey."
      },
      "geometry": {
        "type": "Point",
        "coordinates": [
          7.153033,
          8.126572
        ]
      }
    },
    {
      "type": "Feature",
      "properties": {
        "kp": 85.0,
        "pipeline_id": 1,
        "pipeline_code": "AKK-SEC1",
        "pipeline_name": "Ajaokuta\u2013Kaduna\u2013Kano (AKK) Gas Pipeline \u2014 Kogi Corridor",
        "latitude": 8.134752,
        "longitude": 7.156809,
        "elevation": 163.0,
        "slope_deg": 1.6,
        "river_proximity_km": 43.19,
        "fault_distance_km": 7.42,
        "soil_type": "Stable Sandy Loam",
        "soil_risk": 0,
        "flooding_index": 0.174,
        "earthquake_factor": 0.165,
        "erosion_factor": 0.11,
        "landslide_index": 0.164,
        "soil_corrosivity_index": 0.325,
        "hoop_stress_ratio": 0.412,
        "pipe_diameter_inches": 40.0,
        "operating_pressure_psig": 1440.0,
        "pipe_material": "API 5L X80",
        "design_wall_thickness_mm": 22.2,
        "operational_age_years": 4.0,
        "corrosion_rate_mm_per_year": 0.165,
        "thickness_loss_mm": 0.66,
        "remaining_wall_thickness_mm": 21.54,
        "material_loss_percent": 3.0,
        "degradation_condition": "Normal",
        "failure_probability": 0.1186,
        "failure_probability_percent": 11.9,
        "risk_class": "Low",
        "primary_hazard": "Low Geo-Hazard Stress (Nominal Operational)",
        "failure_code": "NOMINAL-00",
        "diagnostic_message": "KP 85.0: Stable terrain conditions (11.9% PoF). Operating within normal design parameters under standard Catholic Protection monitoring.",
        "remediation_plan": "Maintain standard periodic aerial Right-of-Way surveillance and annual CP survey."
      },
      "geometry": {
        "type": "Point",
        "coordinates": [
          7.156809,
          8.134752
        ]
      }
    },
    {
      "type": "Feature",
      "properties": {
        "kp": 86.0,
        "pipeline_id": 1,
        "pipeline_code": "AKK-SEC1",
        "pipeline_name": "Ajaokuta\u2013Kaduna\u2013Kano (AKK) Gas Pipeline \u2014 Kogi Corridor",
        "latitude": 8.142932,
        "longitude": 7.160584,
        "elevation": 182.0,
        "slope_deg": 2.92,
        "river_proximity_km": 44.14,
        "fault_distance_km": 8.13,
        "soil_type": "Stable Sandy Loam",
        "soil_risk": 0,
        "flooding_index": 0.174,
        "earthquake_factor": 0.159,
        "erosion_factor": 0.079,
        "landslide_index": 0.247,
        "soil_corrosivity_index": 0.292,
        "hoop_stress_ratio": 0.412,
        "pipe_diameter_inches": 40.0,
        "operating_pressure_psig": 1440.0,
        "pipe_material": "API 5L X80",
        "design_wall_thickness_mm": 22.2,
        "operational_age_years": 4.0,
        "corrosion_rate_mm_per_year": 0.166,
        "thickness_loss_mm": 0.66,
        "remaining_wall_thickness_mm": 21.54,
        "material_loss_percent": 3.0,
        "degradation_condition": "Normal",
        "failure_probability": 0.125,
        "failure_probability_percent": 12.5,
        "risk_class": "Low",
        "primary_hazard": "Low Geo-Hazard Stress (Nominal Operational)",
        "failure_code": "NOMINAL-00",
        "diagnostic_message": "KP 86.0: Stable terrain conditions (12.5% PoF). Operating within normal design parameters under standard Catholic Protection monitoring.",
        "remediation_plan": "Maintain standard periodic aerial Right-of-Way surveillance and annual CP survey."
      },
      "geometry": {
        "type": "Point",
        "coordinates": [
          7.160584,
          8.142932
        ]
      }
    },
    {
      "type": "Feature",
      "properties": {
        "kp": 87.0,
        "pipeline_id": 1,
        "pipeline_code": "AKK-SEC1",
        "pipeline_name": "Ajaokuta\u2013Kaduna\u2013Kano (AKK) Gas Pipeline \u2014 Kogi Corridor",
        "latitude": 8.151112,
        "longitude": 7.16436,
        "elevation": 214.0,
        "slope_deg": 2.69,
        "river_proximity_km": 45.1,
        "fault_distance_km": 9.36,
        "soil_type": "Expansive Shale & Rocky Outcrop",
        "soil_risk": 2,
        "flooding_index": 0.144,
        "earthquake_factor": 0.137,
        "erosion_factor": 0.1,
        "landslide_index": 0.251,
        "soil_corrosivity_index": 0.637,
        "hoop_stress_ratio": 0.412,
        "pipe_diameter_inches": 40.0,
        "operating_pressure_psig": 1440.0,
        "pipe_material": "API 5L X80",
        "design_wall_thickness_mm": 22.2,
        "operational_age_years": 4.0,
        "corrosion_rate_mm_per_year": 0.293,
        "thickness_loss_mm": 1.17,
        "remaining_wall_thickness_mm": 21.03,
        "material_loss_percent": 5.3,
        "degradation_condition": "Normal",
        "failure_probability": 0.1507,
        "failure_probability_percent": 15.1,
        "risk_class": "Low",
        "primary_hazard": "Corrosive Soil & Anoxic Groundwater Degradation",
        "failure_code": "ERR-GEO-CORR-04",
        "diagnostic_message": "KP 87.0: High external corrosion hazard (15.1%) resulting from saturated groundwater (Corrosivity Index 0.637) and anaerobic clay soil. Coating breakdown risk is high.",
        "remediation_plan": "Upgrade Impressed Current Cathodic Protection (ICCP), apply 3LPE coating repair, and conduct smart-pig inline inspection."
      },
      "geometry": {
        "type": "Point",
        "coordinates": [
          7.16436,
          8.151112
        ]
      }
    },
    {
      "type": "Feature",
      "properties": {
        "kp": 88.0,
        "pipeline_id": 1,
        "pipeline_code": "AKK-SEC1",
        "pipeline_name": "Ajaokuta\u2013Kaduna\u2013Kano (AKK) Gas Pipeline \u2014 Kogi Corridor",
        "latitude": 8.159292,
        "longitude": 7.168135,
        "elevation": 229.0,
        "slope_deg": 1.09,
        "river_proximity_km": 46.05,
        "fault_distance_km": 9.72,
        "soil_type": "Expansive Shale & Rocky Outcrop",
        "soil_risk": 2,
        "flooding_index": 0.129,
        "earthquake_factor": 0.133,
        "erosion_factor": 0.11,
        "landslide_index": 0.224,
        "soil_corrosivity_index": 0.611,
        "hoop_stress_ratio": 0.412,
        "pipe_diameter_inches": 40.0,
        "operating_pressure_psig": 1440.0,
        "pipe_material": "API 5L X80",
        "design_wall_thickness_mm": 22.2,
        "operational_age_years": 4.0,
        "corrosion_rate_mm_per_year": 0.294,
        "thickness_loss_mm": 1.18,
        "remaining_wall_thickness_mm": 21.02,
        "material_loss_percent": 5.3,
        "degradation_condition": "Normal",
        "failure_probability": 0.1418,
        "failure_probability_percent": 14.2,
        "risk_class": "Low",
        "primary_hazard": "Corrosive Soil & Anoxic Groundwater Degradation",
        "failure_code": "ERR-GEO-CORR-04",
        "diagnostic_message": "KP 88.0: High external corrosion hazard (14.2%) resulting from saturated groundwater (Corrosivity Index 0.611) and anaerobic clay soil. Coating breakdown risk is high.",
        "remediation_plan": "Upgrade Impressed Current Cathodic Protection (ICCP), apply 3LPE coating repair, and conduct smart-pig inline inspection."
      },
      "geometry": {
        "type": "Point",
        "coordinates": [
          7.168135,
          8.159292
        ]
      }
    },
    {
      "type": "Feature",
      "properties": {
        "kp": 89.0,
        "pipeline_id": 1,
        "pipeline_code": "AKK-SEC1",
        "pipeline_name": "Ajaokuta\u2013Kaduna\u2013Kano (AKK) Gas Pipeline \u2014 Kogi Corridor",
        "latitude": 8.167472,
        "longitude": 7.17191,
        "elevation": 233.0,
        "slope_deg": 0.57,
        "river_proximity_km": 47.01,
        "fault_distance_km": 11.07,
        "soil_type": "Expansive Shale & Rocky Outcrop",
        "soil_risk": 2,
        "flooding_index": 0.129,
        "earthquake_factor": 0.125,
        "erosion_factor": 0.05,
        "landslide_index": 0.185,
        "soil_corrosivity_index": 0.605,
        "hoop_stress_ratio": 0.412,
        "pipe_diameter_inches": 40.0,
        "operating_pressure_psig": 1440.0,
        "pipe_material": "API 5L X80",
        "design_wall_thickness_mm": 22.2,
        "operational_age_years": 4.0,
        "corrosion_rate_mm_per_year": 0.275,
        "thickness_loss_mm": 1.1,
        "remaining_wall_thickness_mm": 21.1,
        "material_loss_percent": 5.0,
        "degradation_condition": "Normal",
        "failure_probability": 0.1286,
        "failure_probability_percent": 12.9,
        "risk_class": "Low",
        "primary_hazard": "Corrosive Soil & Anoxic Groundwater Degradation",
        "failure_code": "ERR-GEO-CORR-04",
        "diagnostic_message": "KP 89.0: High external corrosion hazard (12.9%) resulting from saturated groundwater (Corrosivity Index 0.605) and anaerobic clay soil. Coating breakdown risk is high.",
        "remediation_plan": "Upgrade Impressed Current Cathodic Protection (ICCP), apply 3LPE coating repair, and conduct smart-pig inline inspection."
      },
      "geometry": {
        "type": "Point",
        "coordinates": [
          7.17191,
          8.167472
        ]
      }
    },
    {
      "type": "Feature",
      "properties": {
        "kp": 90.0,
        "pipeline_id": 1,
        "pipeline_code": "AKK-SEC1",
        "pipeline_name": "Ajaokuta\u2013Kaduna\u2013Kano (AKK) Gas Pipeline \u2014 Kogi Corridor",
        "latitude": 8.175652,
        "longitude": 7.175686,
        "elevation": 219.0,
        "slope_deg": 1.72,
        "river_proximity_km": 47.97,
        "fault_distance_km": 12.11,
        "soil_type": "Expansive Shale & Rocky Outcrop",
        "soil_risk": 2,
        "flooding_index": 0.126,
        "earthquake_factor": 0.082,
        "erosion_factor": 0.096,
        "landslide_index": 0.226,
        "soil_corrosivity_index": 0.628,
        "hoop_stress_ratio": 0.412,
        "pipe_diameter_inches": 40.0,
        "operating_pressure_psig": 1440.0,
        "pipe_material": "API 5L X80",
        "design_wall_thickness_mm": 22.2,
        "operational_age_years": 4.0,
        "corrosion_rate_mm_per_year": 0.293,
        "thickness_loss_mm": 1.17,
        "remaining_wall_thickness_mm": 21.03,
        "material_loss_percent": 5.3,
        "degradation_condition": "Normal",
        "failure_probability": 0.1351,
        "failure_probability_percent": 13.5,
        "risk_class": "Low",
        "primary_hazard": "Corrosive Soil & Anoxic Groundwater Degradation",
        "failure_code": "ERR-GEO-CORR-04",
        "diagnostic_message": "KP 90.0: High external corrosion hazard (13.5%) resulting from saturated groundwater (Corrosivity Index 0.628) and anaerobic clay soil. Coating breakdown risk is high.",
        "remediation_plan": "Upgrade Impressed Current Cathodic Protection (ICCP), apply 3LPE coating repair, and conduct smart-pig inline inspection."
      },
      "geometry": {
        "type": "Point",
        "coordinates": [
          7.175686,
          8.175652
        ]
      }
    },
    {
      "type": "Feature",
      "properties": {
        "kp": 91.0,
        "pipeline_id": 1,
        "pipeline_code": "AKK-SEC1",
        "pipeline_name": "Ajaokuta\u2013Kaduna\u2013Kano (AKK) Gas Pipeline \u2014 Kogi Corridor",
        "latitude": 8.183832,
        "longitude": 7.179461,
        "elevation": 203.0,
        "slope_deg": 1.72,
        "river_proximity_km": 48.93,
        "fault_distance_km": 12.55,
        "soil_type": "Expansive Shale & Rocky Outcrop",
        "soil_risk": 2,
        "flooding_index": 0.145,
        "earthquake_factor": 0.097,
        "erosion_factor": 0.104,
        "landslide_index": 0.212,
        "soil_corrosivity_index": 0.656,
        "hoop_stress_ratio": 0.412,
        "pipe_diameter_inches": 40.0,
        "operating_pressure_psig": 1440.0,
        "pipe_material": "API 5L X80",
        "design_wall_thickness_mm": 22.2,
        "operational_age_years": 4.0,
        "corrosion_rate_mm_per_year": 0.323,
        "thickness_loss_mm": 1.29,
        "remaining_wall_thickness_mm": 20.91,
        "material_loss_percent": 5.8,
        "degradation_condition": "Normal",
        "failure_probability": 0.1417,
        "failure_probability_percent": 14.2,
        "risk_class": "Low",
        "primary_hazard": "Corrosive Soil & Anoxic Groundwater Degradation",
        "failure_code": "ERR-GEO-CORR-04",
        "diagnostic_message": "KP 91.0: High external corrosion hazard (14.2%) resulting from saturated groundwater (Corrosivity Index 0.656) and anaerobic clay soil. Coating breakdown risk is high.",
        "remediation_plan": "Upgrade Impressed Current Cathodic Protection (ICCP), apply 3LPE coating repair, and conduct smart-pig inline inspection."
      },
      "geometry": {
        "type": "Point",
        "coordinates": [
          7.179461,
          8.183832
        ]
      }
    },
    {
      "type": "Feature",
      "properties": {
        "kp": 92.0,
        "pipeline_id": 1,
        "pipeline_code": "AKK-SEC1",
        "pipeline_name": "Ajaokuta\u2013Kaduna\u2013Kano (AKK) Gas Pipeline \u2014 Kogi Corridor",
        "latitude": 8.192013,
        "longitude": 7.183237,
        "elevation": 189.0,
        "slope_deg": 2.23,
        "river_proximity_km": 49.89,
        "fault_distance_km": 13.77,
        "soil_type": "Stable Sandy Loam",
        "soil_risk": 0,
        "flooding_index": 0.153,
        "earthquake_factor": 0.113,
        "erosion_factor": 0.085,
        "landslide_index": 0.207,
        "soil_corrosivity_index": 0.28,
        "hoop_stress_ratio": 0.412,
        "pipe_diameter_inches": 40.0,
        "operating_pressure_psig": 1440.0,
        "pipe_material": "API 5L X80",
        "design_wall_thickness_mm": 22.2,
        "operational_age_years": 4.0,
        "corrosion_rate_mm_per_year": 0.148,
        "thickness_loss_mm": 0.59,
        "remaining_wall_thickness_mm": 21.61,
        "material_loss_percent": 2.7,
        "degradation_condition": "Normal",
        "failure_probability": 0.1084,
        "failure_probability_percent": 10.8,
        "risk_class": "Low",
        "primary_hazard": "Low Geo-Hazard Stress (Nominal Operational)",
        "failure_code": "NOMINAL-00",
        "diagnostic_message": "KP 92.0: Stable terrain conditions (10.8% PoF). Operating within normal design parameters under standard Catholic Protection monitoring.",
        "remediation_plan": "Maintain standard periodic aerial Right-of-Way surveillance and annual CP survey."
      },
      "geometry": {
        "type": "Point",
        "coordinates": [
          7.183237,
          8.192013
        ]
      }
    },
    {
      "type": "Feature",
      "properties": {
        "kp": 93.0,
        "pipeline_id": 1,
        "pipeline_code": "AKK-SEC1",
        "pipeline_name": "Ajaokuta\u2013Kaduna\u2013Kano (AKK) Gas Pipeline \u2014 Kogi Corridor",
        "latitude": 8.200193,
        "longitude": 7.187012,
        "elevation": 164.0,
        "slope_deg": 1.72,
        "river_proximity_km": 50.85,
        "fault_distance_km": 14.84,
        "soil_type": "Stable Sandy Loam",
        "soil_risk": 0,
        "flooding_index": 0.181,
        "earthquake_factor": 0.098,
        "erosion_factor": 0.059,
        "landslide_index": 0.172,
        "soil_corrosivity_index": 0.322,
        "hoop_stress_ratio": 0.412,
        "pipe_diameter_inches": 40.0,
        "operating_pressure_psig": 1440.0,
        "pipe_material": "API 5L X80",
        "design_wall_thickness_mm": 22.2,
        "operational_age_years": 4.0,
        "corrosion_rate_mm_per_year": 0.163,
        "thickness_loss_mm": 0.65,
        "remaining_wall_thickness_mm": 21.55,
        "material_loss_percent": 2.9,
        "degradation_condition": "Normal",
        "failure_probability": 0.1075,
        "failure_probability_percent": 10.8,
        "risk_class": "Low",
        "primary_hazard": "Low Geo-Hazard Stress (Nominal Operational)",
        "failure_code": "NOMINAL-00",
        "diagnostic_message": "KP 93.0: Stable terrain conditions (10.8% PoF). Operating within normal design parameters under standard Catholic Protection monitoring.",
        "remediation_plan": "Maintain standard periodic aerial Right-of-Way surveillance and annual CP survey."
      },
      "geometry": {
        "type": "Point",
        "coordinates": [
          7.187012,
          8.200193
        ]
      }
    },
    {
      "type": "Feature",
      "properties": {
        "kp": 94.0,
        "pipeline_id": 1,
        "pipeline_code": "AKK-SEC1",
        "pipeline_name": "Ajaokuta\u2013Kaduna\u2013Kano (AKK) Gas Pipeline \u2014 Kogi Corridor",
        "latitude": 8.208373,
        "longitude": 7.190787,
        "elevation": 159.0,
        "slope_deg": 0.69,
        "river_proximity_km": 51.81,
        "fault_distance_km": 15.57,
        "soil_type": "Stable Sandy Loam",
        "soil_risk": 0,
        "flooding_index": 0.184,
        "earthquake_factor": 0.077,
        "erosion_factor": 0.056,
        "landslide_index": 0.161,
        "soil_corrosivity_index": 0.331,
        "hoop_stress_ratio": 0.412,
        "pipe_diameter_inches": 40.0,
        "operating_pressure_psig": 1440.0,
        "pipe_material": "API 5L X80",
        "design_wall_thickness_mm": 22.2,
        "operational_age_years": 4.0,
        "corrosion_rate_mm_per_year": 0.18,
        "thickness_loss_mm": 0.72,
        "remaining_wall_thickness_mm": 21.48,
        "material_loss_percent": 3.2,
        "degradation_condition": "Normal",
        "failure_probability": 0.1041,
        "failure_probability_percent": 10.4,
        "risk_class": "Low",
        "primary_hazard": "Low Geo-Hazard Stress (Nominal Operational)",
        "failure_code": "NOMINAL-00",
        "diagnostic_message": "KP 94.0: Stable terrain conditions (10.4% PoF). Operating within normal design parameters under standard Catholic Protection monitoring.",
        "remediation_plan": "Maintain standard periodic aerial Right-of-Way surveillance and annual CP survey."
      },
      "geometry": {
        "type": "Point",
        "coordinates": [
          7.190787,
          8.208373
        ]
      }
    },
    {
      "type": "Feature",
      "properties": {
        "kp": 95.0,
        "pipeline_id": 1,
        "pipeline_code": "AKK-SEC1",
        "pipeline_name": "Ajaokuta\u2013Kaduna\u2013Kano (AKK) Gas Pipeline \u2014 Kogi Corridor",
        "latitude": 8.216553,
        "longitude": 7.194563,
        "elevation": 176.0,
        "slope_deg": 1.03,
        "river_proximity_km": 52.78,
        "fault_distance_km": 16.63,
        "soil_type": "Stable Sandy Loam",
        "soil_risk": 0,
        "flooding_index": 0.176,
        "earthquake_factor": 0.074,
        "erosion_factor": 0.078,
        "landslide_index": 0.183,
        "soil_corrosivity_index": 0.302,
        "hoop_stress_ratio": 0.412,
        "pipe_diameter_inches": 40.0,
        "operating_pressure_psig": 1440.0,
        "pipe_material": "API 5L X80",
        "design_wall_thickness_mm": 22.2,
        "operational_age_years": 4.0,
        "corrosion_rate_mm_per_year": 0.193,
        "thickness_loss_mm": 0.77,
        "remaining_wall_thickness_mm": 21.43,
        "material_loss_percent": 3.5,
        "degradation_condition": "Normal",
        "failure_probability": 0.1051,
        "failure_probability_percent": 10.5,
        "risk_class": "Low",
        "primary_hazard": "Low Geo-Hazard Stress (Nominal Operational)",
        "failure_code": "NOMINAL-00",
        "diagnostic_message": "KP 95.0: Stable terrain conditions (10.5% PoF). Operating within normal design parameters under standard Catholic Protection monitoring.",
        "remediation_plan": "Maintain standard periodic aerial Right-of-Way surveillance and annual CP survey."
      },
      "geometry": {
        "type": "Point",
        "coordinates": [
          7.194563,
          8.216553
        ]
      }
    },
    {
      "type": "Feature",
      "properties": {
        "kp": 96.0,
        "pipeline_id": 1,
        "pipeline_code": "AKK-SEC1",
        "pipeline_name": "Ajaokuta\u2013Kaduna\u2013Kano (AKK) Gas Pipeline \u2014 Kogi Corridor",
        "latitude": 8.224733,
        "longitude": 7.198338,
        "elevation": 177.0,
        "slope_deg": 0.46,
        "river_proximity_km": 53.75,
        "fault_distance_km": 17.38,
        "soil_type": "Stable Sandy Loam",
        "soil_risk": 0,
        "flooding_index": 0.182,
        "earthquake_factor": 0.077,
        "erosion_factor": 0.05,
        "landslide_index": 0.146,
        "soil_corrosivity_index": 0.3,
        "hoop_stress_ratio": 0.412,
        "pipe_diameter_inches": 40.0,
        "operating_pressure_psig": 1440.0,
        "pipe_material": "API 5L X80",
        "design_wall_thickness_mm": 22.2,
        "operational_age_years": 4.0,
        "corrosion_rate_mm_per_year": 0.193,
        "thickness_loss_mm": 0.77,
        "remaining_wall_thickness_mm": 21.43,
        "material_loss_percent": 3.5,
        "degradation_condition": "Normal",
        "failure_probability": 0.0981,
        "failure_probability_percent": 9.8,
        "risk_class": "Low",
        "primary_hazard": "Low Geo-Hazard Stress (Nominal Operational)",
        "failure_code": "NOMINAL-00",
        "diagnostic_message": "KP 96.0: Stable terrain conditions (9.8% PoF). Operating within normal design parameters under standard Catholic Protection monitoring.",
        "remediation_plan": "Maintain standard periodic aerial Right-of-Way surveillance and annual CP survey."
      },
      "geometry": {
        "type": "Point",
        "coordinates": [
          7.198338,
          8.224733
        ]
      }
    },
    {
      "type": "Feature",
      "properties": {
        "kp": 97.0,
        "pipeline_id": 1,
        "pipeline_code": "AKK-SEC1",
        "pipeline_name": "Ajaokuta\u2013Kaduna\u2013Kano (AKK) Gas Pipeline \u2014 Kogi Corridor",
        "latitude": 8.232913,
        "longitude": 7.202114,
        "elevation": 168.0,
        "slope_deg": 0.8,
        "river_proximity_km": 54.72,
        "fault_distance_km": 18.56,
        "soil_type": "Stable Sandy Loam",
        "soil_risk": 0,
        "flooding_index": 0.161,
        "earthquake_factor": 0.083,
        "erosion_factor": 0.05,
        "landslide_index": 0.138,
        "soil_corrosivity_index": 0.315,
        "hoop_stress_ratio": 0.412,
        "pipe_diameter_inches": 40.0,
        "operating_pressure_psig": 1440.0,
        "pipe_material": "API 5L X80",
        "design_wall_thickness_mm": 22.2,
        "operational_age_years": 4.0,
        "corrosion_rate_mm_per_year": 0.165,
        "thickness_loss_mm": 0.66,
        "remaining_wall_thickness_mm": 21.54,
        "material_loss_percent": 3.0,
        "degradation_condition": "Normal",
        "failure_probability": 0.0951,
        "failure_probability_percent": 9.5,
        "risk_class": "Low",
        "primary_hazard": "Low Geo-Hazard Stress (Nominal Operational)",
        "failure_code": "NOMINAL-00",
        "diagnostic_message": "KP 97.0: Stable terrain conditions (9.5% PoF). Operating within normal design parameters under standard Catholic Protection monitoring.",
        "remediation_plan": "Maintain standard periodic aerial Right-of-Way surveillance and annual CP survey."
      },
      "geometry": {
        "type": "Point",
        "coordinates": [
          7.202114,
          8.232913
        ]
      }
    },
    {
      "type": "Feature",
      "properties": {
        "kp": 98.0,
        "pipeline_id": 1,
        "pipeline_code": "AKK-SEC1",
        "pipeline_name": "Ajaokuta\u2013Kaduna\u2013Kano (AKK) Gas Pipeline \u2014 Kogi Corridor",
        "latitude": 8.241093,
        "longitude": 7.205889,
        "elevation": 163.0,
        "slope_deg": 1.2,
        "river_proximity_km": 55.68,
        "fault_distance_km": 19.32,
        "soil_type": "Stable Sandy Loam",
        "soil_risk": 0,
        "flooding_index": 0.157,
        "earthquake_factor": 0.051,
        "erosion_factor": 0.082,
        "landslide_index": 0.154,
        "soil_corrosivity_index": 0.324,
        "hoop_stress_ratio": 0.412,
        "pipe_diameter_inches": 40.0,
        "operating_pressure_psig": 1440.0,
        "pipe_material": "API 5L X80",
        "design_wall_thickness_mm": 22.2,
        "operational_age_years": 4.0,
        "corrosion_rate_mm_per_year": 0.177,
        "thickness_loss_mm": 0.71,
        "remaining_wall_thickness_mm": 21.49,
        "material_loss_percent": 3.2,
        "degradation_condition": "Normal",
        "failure_probability": 0.0965,
        "failure_probability_percent": 9.7,
        "risk_class": "Low",
        "primary_hazard": "Low Geo-Hazard Stress (Nominal Operational)",
        "failure_code": "NOMINAL-00",
        "diagnostic_message": "KP 98.0: Stable terrain conditions (9.7% PoF). Operating within normal design parameters under standard Catholic Protection monitoring.",
        "remediation_plan": "Maintain standard periodic aerial Right-of-Way surveillance and annual CP survey."
      },
      "geometry": {
        "type": "Point",
        "coordinates": [
          7.205889,
          8.241093
        ]
      }
    },
    {
      "type": "Feature",
      "properties": {
        "kp": 99.0,
        "pipeline_id": 1,
        "pipeline_code": "AKK-SEC1",
        "pipeline_name": "Ajaokuta\u2013Kaduna\u2013Kano (AKK) Gas Pipeline \u2014 Kogi Corridor",
        "latitude": 8.249273,
        "longitude": 7.209664,
        "elevation": 189.0,
        "slope_deg": 3.84,
        "river_proximity_km": 56.65,
        "fault_distance_km": 20.76,
        "soil_type": "Stable Sandy Loam",
        "soil_risk": 0,
        "flooding_index": 0.147,
        "earthquake_factor": 0.08,
        "erosion_factor": 0.098,
        "landslide_index": 0.27,
        "soil_corrosivity_index": 0.279,
        "hoop_stress_ratio": 0.412,
        "pipe_diameter_inches": 40.0,
        "operating_pressure_psig": 1440.0,
        "pipe_material": "API 5L X80",
        "design_wall_thickness_mm": 22.2,
        "operational_age_years": 4.0,
        "corrosion_rate_mm_per_year": 0.148,
        "thickness_loss_mm": 0.59,
        "remaining_wall_thickness_mm": 21.61,
        "material_loss_percent": 2.7,
        "degradation_condition": "Normal",
        "failure_probability": 0.1139,
        "failure_probability_percent": 11.4,
        "risk_class": "Low",
        "primary_hazard": "Low Geo-Hazard Stress (Nominal Operational)",
        "failure_code": "NOMINAL-00",
        "diagnostic_message": "KP 99.0: Stable terrain conditions (11.4% PoF). Operating within normal design parameters under standard Catholic Protection monitoring.",
        "remediation_plan": "Maintain standard periodic aerial Right-of-Way surveillance and annual CP survey."
      },
      "geometry": {
        "type": "Point",
        "coordinates": [
          7.209664,
          8.249273
        ]
      }
    },
    {
      "type": "Feature",
      "properties": {
        "kp": 100.0,
        "pipeline_id": 1,
        "pipeline_code": "AKK-SEC1",
        "pipeline_name": "Ajaokuta\u2013Kaduna\u2013Kano (AKK) Gas Pipeline \u2014 Kogi Corridor",
        "latitude": 8.257923,
        "longitude": 7.212113,
        "elevation": 230.0,
        "slope_deg": 4.35,
        "river_proximity_km": 57.58,
        "fault_distance_km": 21.26,
        "soil_type": "Expansive Shale & Rocky Outcrop",
        "soil_risk": 2,
        "flooding_index": 0.096,
        "earthquake_factor": 0.05,
        "erosion_factor": 0.101,
        "landslide_index": 0.312,
        "soil_corrosivity_index": 0.609,
        "hoop_stress_ratio": 0.412,
        "pipe_diameter_inches": 40.0,
        "operating_pressure_psig": 1440.0,
        "pipe_material": "API 5L X80",
        "design_wall_thickness_mm": 22.2,
        "operational_age_years": 4.0,
        "corrosion_rate_mm_per_year": 0.29,
        "thickness_loss_mm": 1.16,
        "remaining_wall_thickness_mm": 21.04,
        "material_loss_percent": 5.2,
        "degradation_condition": "Normal",
        "failure_probability": 0.1377,
        "failure_probability_percent": 13.8,
        "risk_class": "Low",
        "primary_hazard": "Corrosive Soil & Anoxic Groundwater Degradation",
        "failure_code": "ERR-GEO-CORR-04",
        "diagnostic_message": "KP 100.0: High external corrosion hazard (13.8%) resulting from saturated groundwater (Corrosivity Index 0.609) and anaerobic clay soil. Coating breakdown risk is high.",
        "remediation_plan": "Upgrade Impressed Current Cathodic Protection (ICCP), apply 3LPE coating repair, and conduct smart-pig inline inspection."
      },
      "geometry": {
        "type": "Point",
        "coordinates": [
          7.212113,
          8.257923
        ]
      }
    },
    {
      "type": "Feature",
      "properties": {
        "kp": 101.0,
        "pipeline_id": 1,
        "pipeline_code": "AKK-SEC1",
        "pipeline_name": "Ajaokuta\u2013Kaduna\u2013Kano (AKK) Gas Pipeline \u2014 Kogi Corridor",
        "latitude": 8.266618,
        "longitude": 7.214432,
        "elevation": 265.0,
        "slope_deg": 0.23,
        "river_proximity_km": 58.5,
        "fault_distance_km": 22.23,
        "soil_type": "Expansive Shale & Rocky Outcrop",
        "soil_risk": 2,
        "flooding_index": 0.065,
        "earthquake_factor": 0.068,
        "erosion_factor": 0.067,
        "landslide_index": 0.176,
        "soil_corrosivity_index": 0.549,
        "hoop_stress_ratio": 0.412,
        "pipe_diameter_inches": 40.0,
        "operating_pressure_psig": 1440.0,
        "pipe_material": "API 5L X80",
        "design_wall_thickness_mm": 22.2,
        "operational_age_years": 4.0,
        "corrosion_rate_mm_per_year": 0.281,
        "thickness_loss_mm": 1.12,
        "remaining_wall_thickness_mm": 21.08,
        "material_loss_percent": 5.0,
        "degradation_condition": "Normal",
        "failure_probability": 0.1045,
        "failure_probability_percent": 10.4,
        "risk_class": "Low",
        "primary_hazard": "Corrosive Soil & Anoxic Groundwater Degradation",
        "failure_code": "ERR-GEO-CORR-04",
        "diagnostic_message": "KP 101.0: High external corrosion hazard (10.4%) resulting from saturated groundwater (Corrosivity Index 0.549) and anaerobic clay soil. Coating breakdown risk is high.",
        "remediation_plan": "Upgrade Impressed Current Cathodic Protection (ICCP), apply 3LPE coating repair, and conduct smart-pig inline inspection."
      },
      "geometry": {
        "type": "Point",
        "coordinates": [
          7.214432,
          8.266618
        ]
      }
    },
    {
      "type": "Feature",
      "properties": {
        "kp": 102.0,
        "pipeline_id": 1,
        "pipeline_code": "AKK-SEC1",
        "pipeline_name": "Ajaokuta\u2013Kaduna\u2013Kano (AKK) Gas Pipeline \u2014 Kogi Corridor",
        "latitude": 8.275314,
        "longitude": 7.21675,
        "elevation": 234.0,
        "slope_deg": 3.32,
        "river_proximity_km": 59.42,
        "fault_distance_km": 23.42,
        "soil_type": "Expansive Shale & Rocky Outcrop",
        "soil_risk": 2,
        "flooding_index": 0.082,
        "earthquake_factor": 0.088,
        "erosion_factor": 0.147,
        "landslide_index": 0.273,
        "soil_corrosivity_index": 0.602,
        "hoop_stress_ratio": 0.412,
        "pipe_diameter_inches": 40.0,
        "operating_pressure_psig": 1440.0,
        "pipe_material": "API 5L X80",
        "design_wall_thickness_mm": 22.2,
        "operational_age_years": 4.0,
        "corrosion_rate_mm_per_year": 0.28,
        "thickness_loss_mm": 1.12,
        "remaining_wall_thickness_mm": 21.08,
        "material_loss_percent": 5.0,
        "degradation_condition": "Normal",
        "failure_probability": 0.1375,
        "failure_probability_percent": 13.8,
        "risk_class": "Low",
        "primary_hazard": "Corrosive Soil & Anoxic Groundwater Degradation",
        "failure_code": "ERR-GEO-CORR-04",
        "diagnostic_message": "KP 102.0: High external corrosion hazard (13.8%) resulting from saturated groundwater (Corrosivity Index 0.602) and anaerobic clay soil. Coating breakdown risk is high.",
        "remediation_plan": "Upgrade Impressed Current Cathodic Protection (ICCP), apply 3LPE coating repair, and conduct smart-pig inline inspection."
      },
      "geometry": {
        "type": "Point",
        "coordinates": [
          7.21675,
          8.275314
        ]
      }
    },
    {
      "type": "Feature",
      "properties": {
        "kp": 103.0,
        "pipeline_id": 1,
        "pipeline_code": "AKK-SEC1",
        "pipeline_name": "Ajaokuta\u2013Kaduna\u2013Kano (AKK) Gas Pipeline \u2014 Kogi Corridor",
        "latitude": 8.284009,
        "longitude": 7.219069,
        "elevation": 207.0,
        "slope_deg": 1.89,
        "river_proximity_km": 60.34,
        "fault_distance_km": 24.48,
        "soil_type": "Expansive Shale & Rocky Outcrop",
        "soil_risk": 2,
        "flooding_index": 0.142,
        "earthquake_factor": 0.045,
        "erosion_factor": 0.061,
        "landslide_index": 0.215,
        "soil_corrosivity_index": 0.648,
        "hoop_stress_ratio": 0.412,
        "pipe_diameter_inches": 40.0,
        "operating_pressure_psig": 1440.0,
        "pipe_material": "API 5L X80",
        "design_wall_thickness_mm": 22.2,
        "operational_age_years": 4.0,
        "corrosion_rate_mm_per_year": 0.306,
        "thickness_loss_mm": 1.22,
        "remaining_wall_thickness_mm": 20.98,
        "material_loss_percent": 5.5,
        "degradation_condition": "Normal",
        "failure_probability": 0.1301,
        "failure_probability_percent": 13.0,
        "risk_class": "Low",
        "primary_hazard": "Corrosive Soil & Anoxic Groundwater Degradation",
        "failure_code": "ERR-GEO-CORR-04",
        "diagnostic_message": "KP 103.0: High external corrosion hazard (13.0%) resulting from saturated groundwater (Corrosivity Index 0.648) and anaerobic clay soil. Coating breakdown risk is high.",
        "remediation_plan": "Upgrade Impressed Current Cathodic Protection (ICCP), apply 3LPE coating repair, and conduct smart-pig inline inspection."
      },
      "geometry": {
        "type": "Point",
        "coordinates": [
          7.219069,
          8.284009
        ]
      }
    },
    {
      "type": "Feature",
      "properties": {
        "kp": 104.0,
        "pipeline_id": 1,
        "pipeline_code": "AKK-SEC1",
        "pipeline_name": "Ajaokuta\u2013Kaduna\u2013Kano (AKK) Gas Pipeline \u2014 Kogi Corridor",
        "latitude": 8.292705,
        "longitude": 7.221388,
        "elevation": 201.0,
        "slope_deg": 2.4,
        "river_proximity_km": 61.27,
        "fault_distance_km": 25.32,
        "soil_type": "Expansive Shale & Rocky Outcrop",
        "soil_risk": 2,
        "flooding_index": 0.129,
        "earthquake_factor": 0.061,
        "erosion_factor": 0.114,
        "landslide_index": 0.217,
        "soil_corrosivity_index": 0.659,
        "hoop_stress_ratio": 0.412,
        "pipe_diameter_inches": 40.0,
        "operating_pressure_psig": 1440.0,
        "pipe_material": "API 5L X80",
        "design_wall_thickness_mm": 22.2,
        "operational_age_years": 4.0,
        "corrosion_rate_mm_per_year": 0.301,
        "thickness_loss_mm": 1.2,
        "remaining_wall_thickness_mm": 21.0,
        "material_loss_percent": 5.4,
        "degradation_condition": "Normal",
        "failure_probability": 0.136,
        "failure_probability_percent": 13.6,
        "risk_class": "Low",
        "primary_hazard": "Corrosive Soil & Anoxic Groundwater Degradation",
        "failure_code": "ERR-GEO-CORR-04",
        "diagnostic_message": "KP 104.0: High external corrosion hazard (13.6%) resulting from saturated groundwater (Corrosivity Index 0.659) and anaerobic clay soil. Coating breakdown risk is high.",
        "remediation_plan": "Upgrade Impressed Current Cathodic Protection (ICCP), apply 3LPE coating repair, and conduct smart-pig inline inspection."
      },
      "geometry": {
        "type": "Point",
        "coordinates": [
          7.221388,
          8.292705
        ]
      }
    },
    {
      "type": "Feature",
      "properties": {
        "kp": 105.0,
        "pipeline_id": 1,
        "pipeline_code": "AKK-SEC1",
        "pipeline_name": "Ajaokuta\u2013Kaduna\u2013Kano (AKK) Gas Pipeline \u2014 Kogi Corridor",
        "latitude": 8.301401,
        "longitude": 7.223707,
        "elevation": 165.0,
        "slope_deg": 0.29,
        "river_proximity_km": 62.2,
        "fault_distance_km": 26.34,
        "soil_type": "Stable Sandy Loam",
        "soil_risk": 0,
        "flooding_index": 0.191,
        "earthquake_factor": 0.062,
        "erosion_factor": 0.055,
        "landslide_index": 0.118,
        "soil_corrosivity_index": 0.32,
        "hoop_stress_ratio": 0.412,
        "pipe_diameter_inches": 40.0,
        "operating_pressure_psig": 1440.0,
        "pipe_material": "API 5L X80",
        "design_wall_thickness_mm": 22.2,
        "operational_age_years": 4.0,
        "corrosion_rate_mm_per_year": 0.179,
        "thickness_loss_mm": 0.72,
        "remaining_wall_thickness_mm": 21.48,
        "material_loss_percent": 3.2,
        "degradation_condition": "Normal",
        "failure_probability": 0.0956,
        "failure_probability_percent": 9.6,
        "risk_class": "Low",
        "primary_hazard": "Low Geo-Hazard Stress (Nominal Operational)",
        "failure_code": "NOMINAL-00",
        "diagnostic_message": "KP 105.0: Stable terrain conditions (9.6% PoF). Operating within normal design parameters under standard Catholic Protection monitoring.",
        "remediation_plan": "Maintain standard periodic aerial Right-of-Way surveillance and annual CP survey."
      },
      "geometry": {
        "type": "Point",
        "coordinates": [
          7.223707,
          8.301401
        ]
      }
    },
    {
      "type": "Feature",
      "properties": {
        "kp": 106.0,
        "pipeline_id": 1,
        "pipeline_code": "AKK-SEC1",
        "pipeline_name": "Ajaokuta\u2013Kaduna\u2013Kano (AKK) Gas Pipeline \u2014 Kogi Corridor",
        "latitude": 8.310096,
        "longitude": 7.226026,
        "elevation": 206.0,
        "slope_deg": 1.49,
        "river_proximity_km": 63.13,
        "fault_distance_km": 27.19,
        "soil_type": "Expansive Shale & Rocky Outcrop",
        "soil_risk": 2,
        "flooding_index": 0.117,
        "earthquake_factor": 0.047,
        "erosion_factor": 0.066,
        "landslide_index": 0.185,
        "soil_corrosivity_index": 0.65,
        "hoop_stress_ratio": 0.412,
        "pipe_diameter_inches": 40.0,
        "operating_pressure_psig": 1440.0,
        "pipe_material": "API 5L X80",
        "design_wall_thickness_mm": 22.2,
        "operational_age_years": 4.0,
        "corrosion_rate_mm_per_year": 0.3,
        "thickness_loss_mm": 1.2,
        "remaining_wall_thickness_mm": 21.0,
        "material_loss_percent": 5.4,
        "degradation_condition": "Normal",
        "failure_probability": 0.1218,
        "failure_probability_percent": 12.2,
        "risk_class": "Low",
        "primary_hazard": "Corrosive Soil & Anoxic Groundwater Degradation",
        "failure_code": "ERR-GEO-CORR-04",
        "diagnostic_message": "KP 106.0: High external corrosion hazard (12.2%) resulting from saturated groundwater (Corrosivity Index 0.65) and anaerobic clay soil. Coating breakdown risk is high.",
        "remediation_plan": "Upgrade Impressed Current Cathodic Protection (ICCP), apply 3LPE coating repair, and conduct smart-pig inline inspection."
      },
      "geometry": {
        "type": "Point",
        "coordinates": [
          7.226026,
          8.310096
        ]
      }
    },
    {
      "type": "Feature",
      "properties": {
        "kp": 107.0,
        "pipeline_id": 1,
        "pipeline_code": "AKK-SEC1",
        "pipeline_name": "Ajaokuta\u2013Kaduna\u2013Kano (AKK) Gas Pipeline \u2014 Kogi Corridor",
        "latitude": 8.318792,
        "longitude": 7.228345,
        "elevation": 191.0,
        "slope_deg": 0.86,
        "river_proximity_km": 64.07,
        "fault_distance_km": 27.96,
        "soil_type": "Stable Sandy Loam",
        "soil_risk": 0,
        "flooding_index": 0.136,
        "earthquake_factor": 0.037,
        "erosion_factor": 0.095,
        "landslide_index": 0.175,
        "soil_corrosivity_index": 0.275,
        "hoop_stress_ratio": 0.412,
        "pipe_diameter_inches": 40.0,
        "operating_pressure_psig": 1440.0,
        "pipe_material": "API 5L X80",
        "design_wall_thickness_mm": 22.2,
        "operational_age_years": 4.0,
        "corrosion_rate_mm_per_year": 0.172,
        "thickness_loss_mm": 0.69,
        "remaining_wall_thickness_mm": 21.51,
        "material_loss_percent": 3.1,
        "degradation_condition": "Normal",
        "failure_probability": 0.0908,
        "failure_probability_percent": 9.1,
        "risk_class": "Low",
        "primary_hazard": "Low Geo-Hazard Stress (Nominal Operational)",
        "failure_code": "NOMINAL-00",
        "diagnostic_message": "KP 107.0: Stable terrain conditions (9.1% PoF). Operating within normal design parameters under standard Catholic Protection monitoring.",
        "remediation_plan": "Maintain standard periodic aerial Right-of-Way surveillance and annual CP survey."
      },
      "geometry": {
        "type": "Point",
        "coordinates": [
          7.228345,
          8.318792
        ]
      }
    },
    {
      "type": "Feature",
      "properties": {
        "kp": 108.0,
        "pipeline_id": 1,
        "pipeline_code": "AKK-SEC1",
        "pipeline_name": "Ajaokuta\u2013Kaduna\u2013Kano (AKK) Gas Pipeline \u2014 Kogi Corridor",
        "latitude": 8.327488,
        "longitude": 7.230663,
        "elevation": 221.0,
        "slope_deg": 0.69,
        "river_proximity_km": 65.0,
        "fault_distance_km": 29.27,
        "soil_type": "Expansive Shale & Rocky Outcrop",
        "soil_risk": 2,
        "flooding_index": 0.115,
        "earthquake_factor": 0.034,
        "erosion_factor": 0.063,
        "landslide_index": 0.187,
        "soil_corrosivity_index": 0.624,
        "hoop_stress_ratio": 0.412,
        "pipe_diameter_inches": 40.0,
        "operating_pressure_psig": 1440.0,
        "pipe_material": "API 5L X80",
        "design_wall_thickness_mm": 22.2,
        "operational_age_years": 4.0,
        "corrosion_rate_mm_per_year": 0.307,
        "thickness_loss_mm": 1.23,
        "remaining_wall_thickness_mm": 20.97,
        "material_loss_percent": 5.5,
        "degradation_condition": "Normal",
        "failure_probability": 0.1174,
        "failure_probability_percent": 11.7,
        "risk_class": "Low",
        "primary_hazard": "Corrosive Soil & Anoxic Groundwater Degradation",
        "failure_code": "ERR-GEO-CORR-04",
        "diagnostic_message": "KP 108.0: High external corrosion hazard (11.7%) resulting from saturated groundwater (Corrosivity Index 0.624) and anaerobic clay soil. Coating breakdown risk is high.",
        "remediation_plan": "Upgrade Impressed Current Cathodic Protection (ICCP), apply 3LPE coating repair, and conduct smart-pig inline inspection."
      },
      "geometry": {
        "type": "Point",
        "coordinates": [
          7.230663,
          8.327488
        ]
      }
    },
    {
      "type": "Feature",
      "properties": {
        "kp": 109.0,
        "pipeline_id": 1,
        "pipeline_code": "AKK-SEC1",
        "pipeline_name": "Ajaokuta\u2013Kaduna\u2013Kano (AKK) Gas Pipeline \u2014 Kogi Corridor",
        "latitude": 8.336183,
        "longitude": 7.232982,
        "elevation": 203.0,
        "slope_deg": 0.52,
        "river_proximity_km": 65.94,
        "fault_distance_km": 30.02,
        "soil_type": "Expansive Shale & Rocky Outcrop",
        "soil_risk": 2,
        "flooding_index": 0.114,
        "earthquake_factor": 0.045,
        "erosion_factor": 0.05,
        "landslide_index": 0.172,
        "soil_corrosivity_index": 0.655,
        "hoop_stress_ratio": 0.412,
        "pipe_diameter_inches": 40.0,
        "operating_pressure_psig": 1440.0,
        "pipe_material": "API 5L X80",
        "design_wall_thickness_mm": 22.2,
        "operational_age_years": 4.0,
        "corrosion_rate_mm_per_year": 0.312,
        "thickness_loss_mm": 1.25,
        "remaining_wall_thickness_mm": 20.95,
        "material_loss_percent": 5.6,
        "degradation_condition": "Normal",
        "failure_probability": 0.1179,
        "failure_probability_percent": 11.8,
        "risk_class": "Low",
        "primary_hazard": "Corrosive Soil & Anoxic Groundwater Degradation",
        "failure_code": "ERR-GEO-CORR-04",
        "diagnostic_message": "KP 109.0: High external corrosion hazard (11.8%) resulting from saturated groundwater (Corrosivity Index 0.655) and anaerobic clay soil. Coating breakdown risk is high.",
        "remediation_plan": "Upgrade Impressed Current Cathodic Protection (ICCP), apply 3LPE coating repair, and conduct smart-pig inline inspection."
      },
      "geometry": {
        "type": "Point",
        "coordinates": [
          7.232982,
          8.336183
        ]
      }
    },
    {
      "type": "Feature",
      "properties": {
        "kp": 110.0,
        "pipeline_id": 1,
        "pipeline_code": "AKK-SEC1",
        "pipeline_name": "Ajaokuta\u2013Kaduna\u2013Kano (AKK) Gas Pipeline \u2014 Kogi Corridor",
        "latitude": 8.344879,
        "longitude": 7.235301,
        "elevation": 212.0,
        "slope_deg": 0.69,
        "river_proximity_km": 66.88,
        "fault_distance_km": 30.95,
        "soil_type": "Expansive Shale & Rocky Outcrop",
        "soil_risk": 2,
        "flooding_index": 0.148,
        "earthquake_factor": 0.063,
        "erosion_factor": 0.05,
        "landslide_index": 0.162,
        "soil_corrosivity_index": 0.639,
        "hoop_stress_ratio": 0.412,
        "pipe_diameter_inches": 40.0,
        "operating_pressure_psig": 1440.0,
        "pipe_material": "API 5L X80",
        "design_wall_thickness_mm": 22.2,
        "operational_age_years": 4.0,
        "corrosion_rate_mm_per_year": 0.289,
        "thickness_loss_mm": 1.16,
        "remaining_wall_thickness_mm": 21.04,
        "material_loss_percent": 5.2,
        "degradation_condition": "Normal",
        "failure_probability": 0.1235,
        "failure_probability_percent": 12.3,
        "risk_class": "Low",
        "primary_hazard": "Corrosive Soil & Anoxic Groundwater Degradation",
        "failure_code": "ERR-GEO-CORR-04",
        "diagnostic_message": "KP 110.0: High external corrosion hazard (12.3%) resulting from saturated groundwater (Corrosivity Index 0.639) and anaerobic clay soil. Coating breakdown risk is high.",
        "remediation_plan": "Upgrade Impressed Current Cathodic Protection (ICCP), apply 3LPE coating repair, and conduct smart-pig inline inspection."
      },
      "geometry": {
        "type": "Point",
        "coordinates": [
          7.235301,
          8.344879
        ]
      }
    },
    {
      "type": "Feature",
      "properties": {
        "kp": 111.0,
        "pipeline_id": 1,
        "pipeline_code": "AKK-SEC1",
        "pipeline_name": "Ajaokuta\u2013Kaduna\u2013Kano (AKK) Gas Pipeline \u2014 Kogi Corridor",
        "latitude": 8.353574,
        "longitude": 7.23762,
        "elevation": 215.0,
        "slope_deg": 0.52,
        "river_proximity_km": 67.82,
        "fault_distance_km": 31.85,
        "soil_type": "Expansive Shale & Rocky Outcrop",
        "soil_risk": 2,
        "flooding_index": 0.103,
        "earthquake_factor": 0.038,
        "erosion_factor": 0.05,
        "landslide_index": 0.161,
        "soil_corrosivity_index": 0.634,
        "hoop_stress_ratio": 0.412,
        "pipe_diameter_inches": 40.0,
        "operating_pressure_psig": 1440.0,
        "pipe_material": "API 5L X80",
        "design_wall_thickness_mm": 22.2,
        "operational_age_years": 4.0,
        "corrosion_rate_mm_per_year": 0.317,
        "thickness_loss_mm": 1.27,
        "remaining_wall_thickness_mm": 20.93,
        "material_loss_percent": 5.7,
        "degradation_condition": "Normal",
        "failure_probability": 0.1114,
        "failure_probability_percent": 11.1,
        "risk_class": "Low",
        "primary_hazard": "Corrosive Soil & Anoxic Groundwater Degradation",
        "failure_code": "ERR-GEO-CORR-04",
        "diagnostic_message": "KP 111.0: High external corrosion hazard (11.1%) resulting from saturated groundwater (Corrosivity Index 0.634) and anaerobic clay soil. Coating breakdown risk is high.",
        "remediation_plan": "Upgrade Impressed Current Cathodic Protection (ICCP), apply 3LPE coating repair, and conduct smart-pig inline inspection."
      },
      "geometry": {
        "type": "Point",
        "coordinates": [
          7.23762,
          8.353574
        ]
      }
    },
    {
      "type": "Feature",
      "properties": {
        "kp": 112.0,
        "pipeline_id": 1,
        "pipeline_code": "AKK-SEC1",
        "pipeline_name": "Ajaokuta\u2013Kaduna\u2013Kano (AKK) Gas Pipeline \u2014 Kogi Corridor",
        "latitude": 8.36227,
        "longitude": 7.239939,
        "elevation": 221.0,
        "slope_deg": 0.8,
        "river_proximity_km": 68.77,
        "fault_distance_km": 32.73,
        "soil_type": "Expansive Shale & Rocky Outcrop",
        "soil_risk": 2,
        "flooding_index": 0.115,
        "earthquake_factor": 0.05,
        "erosion_factor": 0.1,
        "landslide_index": 0.173,
        "soil_corrosivity_index": 0.624,
        "hoop_stress_ratio": 0.412,
        "pipe_diameter_inches": 40.0,
        "operating_pressure_psig": 1440.0,
        "pipe_material": "API 5L X80",
        "design_wall_thickness_mm": 22.2,
        "operational_age_years": 4.0,
        "corrosion_rate_mm_per_year": 0.293,
        "thickness_loss_mm": 1.17,
        "remaining_wall_thickness_mm": 21.03,
        "material_loss_percent": 5.3,
        "degradation_condition": "Normal",
        "failure_probability": 0.1207,
        "failure_probability_percent": 12.1,
        "risk_class": "Low",
        "primary_hazard": "Corrosive Soil & Anoxic Groundwater Degradation",
        "failure_code": "ERR-GEO-CORR-04",
        "diagnostic_message": "KP 112.0: High external corrosion hazard (12.1%) resulting from saturated groundwater (Corrosivity Index 0.624) and anaerobic clay soil. Coating breakdown risk is high.",
        "remediation_plan": "Upgrade Impressed Current Cathodic Protection (ICCP), apply 3LPE coating repair, and conduct smart-pig inline inspection."
      },
      "geometry": {
        "type": "Point",
        "coordinates": [
          7.239939,
          8.36227
        ]
      }
    },
    {
      "type": "Feature",
      "properties": {
        "kp": 113.0,
        "pipeline_id": 1,
        "pipeline_code": "AKK-SEC1",
        "pipeline_name": "Ajaokuta\u2013Kaduna\u2013Kano (AKK) Gas Pipeline \u2014 Kogi Corridor",
        "latitude": 8.370966,
        "longitude": 7.242257,
        "elevation": 201.0,
        "slope_deg": 2.06,
        "river_proximity_km": 69.71,
        "fault_distance_km": 34.24,
        "soil_type": "Expansive Shale & Rocky Outcrop",
        "soil_risk": 2,
        "flooding_index": 0.152,
        "earthquake_factor": 0.074,
        "erosion_factor": 0.068,
        "landslide_index": 0.21,
        "soil_corrosivity_index": 0.658,
        "hoop_stress_ratio": 0.412,
        "pipe_diameter_inches": 40.0,
        "operating_pressure_psig": 1440.0,
        "pipe_material": "API 5L X80",
        "design_wall_thickness_mm": 22.2,
        "operational_age_years": 4.0,
        "corrosion_rate_mm_per_year": 0.317,
        "thickness_loss_mm": 1.27,
        "remaining_wall_thickness_mm": 20.93,
        "material_loss_percent": 5.7,
        "degradation_condition": "Normal",
        "failure_probability": 0.1365,
        "failure_probability_percent": 13.7,
        "risk_class": "Low",
        "primary_hazard": "Corrosive Soil & Anoxic Groundwater Degradation",
        "failure_code": "ERR-GEO-CORR-04",
        "diagnostic_message": "KP 113.0: High external corrosion hazard (13.7%) resulting from saturated groundwater (Corrosivity Index 0.658) and anaerobic clay soil. Coating breakdown risk is high.",
        "remediation_plan": "Upgrade Impressed Current Cathodic Protection (ICCP), apply 3LPE coating repair, and conduct smart-pig inline inspection."
      },
      "geometry": {
        "type": "Point",
        "coordinates": [
          7.242257,
          8.370966
        ]
      }
    },
    {
      "type": "Feature",
      "properties": {
        "kp": 114.0,
        "pipeline_id": 1,
        "pipeline_code": "AKK-SEC1",
        "pipeline_name": "Ajaokuta\u2013Kaduna\u2013Kano (AKK) Gas Pipeline \u2014 Kogi Corridor",
        "latitude": 8.379661,
        "longitude": 7.244576,
        "elevation": 185.0,
        "slope_deg": 1.55,
        "river_proximity_km": 70.66,
        "fault_distance_km": 35.19,
        "soil_type": "Stable Sandy Loam",
        "soil_risk": 0,
        "flooding_index": 0.153,
        "earthquake_factor": 0.058,
        "erosion_factor": 0.059,
        "landslide_index": 0.205,
        "soil_corrosivity_index": 0.286,
        "hoop_stress_ratio": 0.412,
        "pipe_diameter_inches": 40.0,
        "operating_pressure_psig": 1440.0,
        "pipe_material": "API 5L X80",
        "design_wall_thickness_mm": 22.2,
        "operational_age_years": 4.0,
        "corrosion_rate_mm_per_year": 0.156,
        "thickness_loss_mm": 0.62,
        "remaining_wall_thickness_mm": 21.58,
        "material_loss_percent": 2.8,
        "degradation_condition": "Normal",
        "failure_probability": 0.0991,
        "failure_probability_percent": 9.9,
        "risk_class": "Low",
        "primary_hazard": "Low Geo-Hazard Stress (Nominal Operational)",
        "failure_code": "NOMINAL-00",
        "diagnostic_message": "KP 114.0: Stable terrain conditions (9.9% PoF). Operating within normal design parameters under standard Catholic Protection monitoring.",
        "remediation_plan": "Maintain standard periodic aerial Right-of-Way surveillance and annual CP survey."
      },
      "geometry": {
        "type": "Point",
        "coordinates": [
          7.244576,
          8.379661
        ]
      }
    },
    {
      "type": "Feature",
      "properties": {
        "kp": 115.0,
        "pipeline_id": 1,
        "pipeline_code": "AKK-SEC1",
        "pipeline_name": "Ajaokuta\u2013Kaduna\u2013Kano (AKK) Gas Pipeline \u2014 Kogi Corridor",
        "latitude": 8.388357,
        "longitude": 7.246895,
        "elevation": 174.0,
        "slope_deg": 1.37,
        "river_proximity_km": 71.6,
        "fault_distance_km": 35.8,
        "soil_type": "Stable Sandy Loam",
        "soil_risk": 0,
        "flooding_index": 0.157,
        "earthquake_factor": 0.054,
        "erosion_factor": 0.052,
        "landslide_index": 0.165,
        "soil_corrosivity_index": 0.304,
        "hoop_stress_ratio": 0.412,
        "pipe_diameter_inches": 40.0,
        "operating_pressure_psig": 1440.0,
        "pipe_material": "API 5L X80",
        "design_wall_thickness_mm": 22.2,
        "operational_age_years": 4.0,
        "corrosion_rate_mm_per_year": 0.18,
        "thickness_loss_mm": 0.72,
        "remaining_wall_thickness_mm": 21.48,
        "material_loss_percent": 3.2,
        "degradation_condition": "Normal",
        "failure_probability": 0.094,
        "failure_probability_percent": 9.4,
        "risk_class": "Low",
        "primary_hazard": "Low Geo-Hazard Stress (Nominal Operational)",
        "failure_code": "NOMINAL-00",
        "diagnostic_message": "KP 115.0: Stable terrain conditions (9.4% PoF). Operating within normal design parameters under standard Catholic Protection monitoring.",
        "remediation_plan": "Maintain standard periodic aerial Right-of-Way surveillance and annual CP survey."
      },
      "geometry": {
        "type": "Point",
        "coordinates": [
          7.246895,
          8.388357
        ]
      }
    },
    {
      "type": "Feature",
      "properties": {
        "kp": 116.0,
        "pipeline_id": 1,
        "pipeline_code": "AKK-SEC1",
        "pipeline_name": "Ajaokuta\u2013Kaduna\u2013Kano (AKK) Gas Pipeline \u2014 Kogi Corridor",
        "latitude": 8.397052,
        "longitude": 7.249214,
        "elevation": 161.0,
        "slope_deg": 2.53,
        "river_proximity_km": 72.55,
        "fault_distance_km": 36.76,
        "soil_type": "Stable Sandy Loam",
        "soil_risk": 0,
        "flooding_index": 0.178,
        "earthquake_factor": 0.032,
        "erosion_factor": 0.095,
        "landslide_index": 0.217,
        "soil_corrosivity_index": 0.326,
        "hoop_stress_ratio": 0.412,
        "pipe_diameter_inches": 40.0,
        "operating_pressure_psig": 1440.0,
        "pipe_material": "API 5L X80",
        "design_wall_thickness_mm": 22.2,
        "operational_age_years": 4.0,
        "corrosion_rate_mm_per_year": 0.166,
        "thickness_loss_mm": 0.66,
        "remaining_wall_thickness_mm": 21.54,
        "material_loss_percent": 3.0,
        "degradation_condition": "Normal",
        "failure_probability": 0.109,
        "failure_probability_percent": 10.9,
        "risk_class": "Low",
        "primary_hazard": "Low Geo-Hazard Stress (Nominal Operational)",
        "failure_code": "NOMINAL-00",
        "diagnostic_message": "KP 116.0: Stable terrain conditions (10.9% PoF). Operating within normal design parameters under standard Catholic Protection monitoring.",
        "remediation_plan": "Maintain standard periodic aerial Right-of-Way surveillance and annual CP survey."
      },
      "geometry": {
        "type": "Point",
        "coordinates": [
          7.249214,
          8.397052
        ]
      }
    },
    {
      "type": "Feature",
      "properties": {
        "kp": 116.3,
        "pipeline_id": 1,
        "pipeline_code": "AKK-SEC1",
        "pipeline_name": "Ajaokuta\u2013Kaduna\u2013Kano (AKK) Gas Pipeline \u2014 Kogi Corridor",
        "latitude": 8.4,
        "longitude": 7.25,
        "elevation": 159.0,
        "slope_deg": 1.15,
        "river_proximity_km": 72.87,
        "fault_distance_km": 37.12,
        "soil_type": "Stable Sandy Loam",
        "soil_risk": 0,
        "flooding_index": 0.157,
        "earthquake_factor": 0.03,
        "erosion_factor": 0.108,
        "landslide_index": 0.155,
        "soil_corrosivity_index": 0.33,
        "hoop_stress_ratio": 0.412,
        "pipe_diameter_inches": 40.0,
        "operating_pressure_psig": 1440.0,
        "pipe_material": "API 5L X80",
        "design_wall_thickness_mm": 22.2,
        "operational_age_years": 4.0,
        "corrosion_rate_mm_per_year": 0.198,
        "thickness_loss_mm": 0.79,
        "remaining_wall_thickness_mm": 21.41,
        "material_loss_percent": 3.6,
        "degradation_condition": "Normal",
        "failure_probability": 0.0968,
        "failure_probability_percent": 9.7,
        "risk_class": "Low",
        "primary_hazard": "Low Geo-Hazard Stress (Nominal Operational)",
        "failure_code": "NOMINAL-00",
        "diagnostic_message": "KP 116.3: Stable terrain conditions (9.7% PoF). Operating within normal design parameters under standard Catholic Protection monitoring.",
        "remediation_plan": "Maintain standard periodic aerial Right-of-Way surveillance and annual CP survey."
      },
      "geometry": {
        "type": "Point",
        "coordinates": [
          7.25,
          8.4
        ]
      }
    },
    {
      "type": "Feature",
      "properties": {
        "kp": 0.0,
        "pipeline_id": 2,
        "pipeline_code": "GER-FEED",
        "pipeline_name": "Geregu Power Plant Gas Supply Pipeline",
        "latitude": 7.5564,
        "longitude": 6.6552,
        "elevation": 70.0,
        "slope_deg": 1.6,
        "river_proximity_km": 0.05,
        "fault_distance_km": 11.37,
        "soil_type": "Saturated Alluvial Silty Clay",
        "soil_risk": 2,
        "flooding_index": 0.98,
        "earthquake_factor": 0.118,
        "erosion_factor": 0.55,
        "landslide_index": 0.123,
        "soil_corrosivity_index": 0.97,
        "hoop_stress_ratio": 0.328,
        "pipe_diameter_inches": 24.0,
        "operating_pressure_psig": 1000.0,
        "pipe_material": "API 5L X65",
        "design_wall_thickness_mm": 14.3,
        "operational_age_years": 12.0,
        "corrosion_rate_mm_per_year": 0.425,
        "thickness_loss_mm": 5.1,
        "remaining_wall_thickness_mm": 9.2,
        "material_loss_percent": 35.7,
        "degradation_condition": "Critical",
        "failure_probability": 0.341,
        "failure_probability_percent": 34.1,
        "risk_class": "Medium",
        "primary_hazard": "Hydrodynamic River Scour & Flood Inundation",
        "failure_code": "ERR-GEO-HYDRO-01",
        "diagnostic_message": "KP 0.0: High failure probability (34.1%) driven by severe River Niger flood inundation (Flood Index 0.98, 0.05 km proximity). Current scour threatens to un-seat buried pipe.",
        "remediation_plan": "Perform Horizontal Directional Drilling (HDD) deep riverbed re-burial & install concrete articulated weighting mats."
      },
      "geometry": {
        "type": "Point",
        "coordinates": [
          6.6552,
          7.5564
        ]
      }
    },
    {
      "type": "Feature",
      "properties": {
        "kp": 1.0,
        "pipeline_id": 2,
        "pipeline_code": "GER-FEED",
        "pipeline_name": "Geregu Power Plant Gas Supply Pipeline",
        "latitude": 7.547433,
        "longitude": 6.65589,
        "elevation": 98.0,
        "slope_deg": 1.72,
        "river_proximity_km": 1.0,
        "fault_distance_km": 12.31,
        "soil_type": "Saturated Alluvial Silty Clay",
        "soil_risk": 2,
        "flooding_index": 0.787,
        "earthquake_factor": 0.117,
        "erosion_factor": 0.334,
        "landslide_index": 0.131,
        "soil_corrosivity_index": 0.952,
        "hoop_stress_ratio": 0.328,
        "pipe_diameter_inches": 24.0,
        "operating_pressure_psig": 1000.0,
        "pipe_material": "API 5L X65",
        "design_wall_thickness_mm": 14.3,
        "operational_age_years": 12.0,
        "corrosion_rate_mm_per_year": 0.431,
        "thickness_loss_mm": 5.17,
        "remaining_wall_thickness_mm": 9.13,
        "material_loss_percent": 36.2,
        "degradation_condition": "Critical",
        "failure_probability": 0.2873,
        "failure_probability_percent": 28.7,
        "risk_class": "Medium",
        "primary_hazard": "Corrosive Soil & Anoxic Groundwater Degradation",
        "failure_code": "ERR-GEO-CORR-04",
        "diagnostic_message": "KP 1.0: High external corrosion hazard (28.7%) resulting from saturated groundwater (Corrosivity Index 0.952) and anaerobic clay soil. Coating breakdown risk is high.",
        "remediation_plan": "Upgrade Impressed Current Cathodic Protection (ICCP), apply 3LPE coating repair, and conduct smart-pig inline inspection."
      },
      "geometry": {
        "type": "Point",
        "coordinates": [
          6.65589,
          7.547433
        ]
      }
    },
    {
      "type": "Feature",
      "properties": {
        "kp": 2.0,
        "pipeline_id": 2,
        "pipeline_code": "GER-FEED",
        "pipeline_name": "Geregu Power Plant Gas Supply Pipeline",
        "latitude": 7.538466,
        "longitude": 6.65658,
        "elevation": 100.0,
        "slope_deg": 1.66,
        "river_proximity_km": 2.0,
        "fault_distance_km": 13.56,
        "soil_type": "Stable Sandy Loam",
        "soil_risk": 0,
        "flooding_index": 0.513,
        "earthquake_factor": 0.065,
        "erosion_factor": 0.235,
        "landslide_index": 0.148,
        "soil_corrosivity_index": 0.5,
        "hoop_stress_ratio": 0.328,
        "pipe_diameter_inches": 24.0,
        "operating_pressure_psig": 1000.0,
        "pipe_material": "API 5L X65",
        "design_wall_thickness_mm": 14.3,
        "operational_age_years": 12.0,
        "corrosion_rate_mm_per_year": 0.264,
        "thickness_loss_mm": 3.17,
        "remaining_wall_thickness_mm": 11.13,
        "material_loss_percent": 22.2,
        "degradation_condition": "Moderate",
        "failure_probability": 0.1862,
        "failure_probability_percent": 18.6,
        "risk_class": "Low",
        "primary_hazard": "Hydrodynamic River Scour & Flood Inundation",
        "failure_code": "ERR-GEO-HYDRO-01",
        "diagnostic_message": "KP 2.0: High failure probability (18.6%) driven by severe River Niger flood inundation (Flood Index 0.513, 2.0 km proximity). Current scour threatens to un-seat buried pipe.",
        "remediation_plan": "Perform Horizontal Directional Drilling (HDD) deep riverbed re-burial & install concrete articulated weighting mats."
      },
      "geometry": {
        "type": "Point",
        "coordinates": [
          6.65658,
          7.538466
        ]
      }
    },
    {
      "type": "Feature",
      "properties": {
        "kp": 3.0,
        "pipeline_id": 2,
        "pipeline_code": "GER-FEED",
        "pipeline_name": "Geregu Power Plant Gas Supply Pipeline",
        "latitude": 7.529498,
        "longitude": 6.657269,
        "elevation": 69.0,
        "slope_deg": 1.43,
        "river_proximity_km": 3.0,
        "fault_distance_km": 13.99,
        "soil_type": "Corrosive Lowland Clay",
        "soil_risk": 1,
        "flooding_index": 0.483,
        "earthquake_factor": 0.071,
        "erosion_factor": 0.147,
        "landslide_index": 0.103,
        "soil_corrosivity_index": 0.733,
        "hoop_stress_ratio": 0.328,
        "pipe_diameter_inches": 24.0,
        "operating_pressure_psig": 1000.0,
        "pipe_material": "API 5L X65",
        "design_wall_thickness_mm": 14.3,
        "operational_age_years": 12.0,
        "corrosion_rate_mm_per_year": 0.351,
        "thickness_loss_mm": 4.21,
        "remaining_wall_thickness_mm": 10.09,
        "material_loss_percent": 29.4,
        "degradation_condition": "Moderate",
        "failure_probability": 0.1877,
        "failure_probability_percent": 18.8,
        "risk_class": "Low",
        "primary_hazard": "Corrosive Soil & Anoxic Groundwater Degradation",
        "failure_code": "ERR-GEO-CORR-04",
        "diagnostic_message": "KP 3.0: High external corrosion hazard (18.8%) resulting from saturated groundwater (Corrosivity Index 0.733) and anaerobic clay soil. Coating breakdown risk is high.",
        "remediation_plan": "Upgrade Impressed Current Cathodic Protection (ICCP), apply 3LPE coating repair, and conduct smart-pig inline inspection."
      },
      "geometry": {
        "type": "Point",
        "coordinates": [
          6.657269,
          7.529498
        ]
      }
    },
    {
      "type": "Feature",
      "properties": {
        "kp": 4.0,
        "pipeline_id": 2,
        "pipeline_code": "GER-FEED",
        "pipeline_name": "Geregu Power Plant Gas Supply Pipeline",
        "latitude": 7.520531,
        "longitude": 6.657959,
        "elevation": 75.0,
        "slope_deg": 2.41,
        "river_proximity_km": 4.0,
        "fault_distance_km": 15.22,
        "soil_type": "Corrosive Lowland Clay",
        "soil_risk": 1,
        "flooding_index": 0.414,
        "earthquake_factor": 0.076,
        "erosion_factor": 0.202,
        "landslide_index": 0.153,
        "soil_corrosivity_index": 0.711,
        "hoop_stress_ratio": 0.328,
        "pipe_diameter_inches": 24.0,
        "operating_pressure_psig": 1000.0,
        "pipe_material": "API 5L X65",
        "design_wall_thickness_mm": 14.3,
        "operational_age_years": 12.0,
        "corrosion_rate_mm_per_year": 0.343,
        "thickness_loss_mm": 4.12,
        "remaining_wall_thickness_mm": 10.18,
        "material_loss_percent": 28.8,
        "degradation_condition": "Moderate",
        "failure_probability": 0.1866,
        "failure_probability_percent": 18.7,
        "risk_class": "Low",
        "primary_hazard": "Corrosive Soil & Anoxic Groundwater Degradation",
        "failure_code": "ERR-GEO-CORR-04",
        "diagnostic_message": "KP 4.0: High external corrosion hazard (18.7%) resulting from saturated groundwater (Corrosivity Index 0.711) and anaerobic clay soil. Coating breakdown risk is high.",
        "remediation_plan": "Upgrade Impressed Current Cathodic Protection (ICCP), apply 3LPE coating repair, and conduct smart-pig inline inspection."
      },
      "geometry": {
        "type": "Point",
        "coordinates": [
          6.657959,
          7.520531
        ]
      }
    },
    {
      "type": "Feature",
      "properties": {
        "kp": 5.0,
        "pipeline_id": 2,
        "pipeline_code": "GER-FEED",
        "pipeline_name": "Geregu Power Plant Gas Supply Pipeline",
        "latitude": 7.511546,
        "longitude": 6.658338,
        "elevation": 111.0,
        "slope_deg": 4.12,
        "river_proximity_km": 4.45,
        "fault_distance_km": 16.03,
        "soil_type": "Stable Sandy Loam",
        "soil_risk": 0,
        "flooding_index": 0.355,
        "earthquake_factor": 0.079,
        "erosion_factor": 0.183,
        "landslide_index": 0.254,
        "soil_corrosivity_index": 0.446,
        "hoop_stress_ratio": 0.328,
        "pipe_diameter_inches": 24.0,
        "operating_pressure_psig": 1000.0,
        "pipe_material": "API 5L X65",
        "design_wall_thickness_mm": 14.3,
        "operational_age_years": 12.0,
        "corrosion_rate_mm_per_year": 0.23,
        "thickness_loss_mm": 2.76,
        "remaining_wall_thickness_mm": 11.54,
        "material_loss_percent": 19.3,
        "degradation_condition": "Moderate",
        "failure_probability": 0.1668,
        "failure_probability_percent": 16.7,
        "risk_class": "Low",
        "primary_hazard": "Low Geo-Hazard Stress (Nominal Operational)",
        "failure_code": "NOMINAL-00",
        "diagnostic_message": "KP 5.0: Stable terrain conditions (16.7% PoF). Operating within normal design parameters under standard Catholic Protection monitoring.",
        "remediation_plan": "Maintain standard periodic aerial Right-of-Way surveillance and annual CP survey."
      },
      "geometry": {
        "type": "Point",
        "coordinates": [
          6.658338,
          7.511546
        ]
      }
    },
    {
      "type": "Feature",
      "properties": {
        "kp": 6.0,
        "pipeline_id": 2,
        "pipeline_code": "GER-FEED",
        "pipeline_name": "Geregu Power Plant Gas Supply Pipeline",
        "latitude": 7.50256,
        "longitude": 6.658698,
        "elevation": 147.0,
        "slope_deg": 2.12,
        "river_proximity_km": 3.45,
        "fault_distance_km": 16.85,
        "soil_type": "Stable Sandy Loam",
        "soil_risk": 0,
        "flooding_index": 0.385,
        "earthquake_factor": 0.072,
        "erosion_factor": 0.18,
        "landslide_index": 0.208,
        "soil_corrosivity_index": 0.394,
        "hoop_stress_ratio": 0.328,
        "pipe_diameter_inches": 24.0,
        "operating_pressure_psig": 1000.0,
        "pipe_material": "API 5L X65",
        "design_wall_thickness_mm": 14.3,
        "operational_age_years": 12.0,
        "corrosion_rate_mm_per_year": 0.215,
        "thickness_loss_mm": 2.58,
        "remaining_wall_thickness_mm": 11.72,
        "material_loss_percent": 18.0,
        "degradation_condition": "Moderate",
        "failure_probability": 0.1594,
        "failure_probability_percent": 15.9,
        "risk_class": "Low",
        "primary_hazard": "Low Geo-Hazard Stress (Nominal Operational)",
        "failure_code": "NOMINAL-00",
        "diagnostic_message": "KP 6.0: Stable terrain conditions (15.9% PoF). Operating within normal design parameters under standard Catholic Protection monitoring.",
        "remediation_plan": "Maintain standard periodic aerial Right-of-Way surveillance and annual CP survey."
      },
      "geometry": {
        "type": "Point",
        "coordinates": [
          6.658698,
          7.50256
        ]
      }
    },
    {
      "type": "Feature",
      "properties": {
        "kp": 7.0,
        "pipeline_id": 2,
        "pipeline_code": "GER-FEED",
        "pipeline_name": "Geregu Power Plant Gas Supply Pipeline",
        "latitude": 7.493575,
        "longitude": 6.659079,
        "elevation": 148.0,
        "slope_deg": 2.4,
        "river_proximity_km": 2.45,
        "fault_distance_km": 17.74,
        "soil_type": "Stable Sandy Loam",
        "soil_risk": 0,
        "flooding_index": 0.454,
        "earthquake_factor": 0.085,
        "erosion_factor": 0.198,
        "landslide_index": 0.188,
        "soil_corrosivity_index": 0.407,
        "hoop_stress_ratio": 0.328,
        "pipe_diameter_inches": 24.0,
        "operating_pressure_psig": 1000.0,
        "pipe_material": "API 5L X65",
        "design_wall_thickness_mm": 14.3,
        "operational_age_years": 12.0,
        "corrosion_rate_mm_per_year": 0.226,
        "thickness_loss_mm": 2.71,
        "remaining_wall_thickness_mm": 11.59,
        "material_loss_percent": 19.0,
        "degradation_condition": "Moderate",
        "failure_probability": 0.1729,
        "failure_probability_percent": 17.3,
        "risk_class": "Low",
        "primary_hazard": "Hydrodynamic River Scour & Flood Inundation",
        "failure_code": "ERR-GEO-HYDRO-01",
        "diagnostic_message": "KP 7.0: High failure probability (17.3%) driven by severe River Niger flood inundation (Flood Index 0.454, 2.45 km proximity). Current scour threatens to un-seat buried pipe.",
        "remediation_plan": "Perform Horizontal Directional Drilling (HDD) deep riverbed re-burial & install concrete articulated weighting mats."
      },
      "geometry": {
        "type": "Point",
        "coordinates": [
          6.659079,
          7.493575
        ]
      }
    },
    {
      "type": "Feature",
      "properties": {
        "kp": 8.0,
        "pipeline_id": 2,
        "pipeline_code": "GER-FEED",
        "pipeline_name": "Geregu Power Plant Gas Supply Pipeline",
        "latitude": 7.484595,
        "longitude": 6.659578,
        "elevation": 105.0,
        "slope_deg": 2.92,
        "river_proximity_km": 1.45,
        "fault_distance_km": 19.0,
        "soil_type": "Saturated Alluvial Silty Clay",
        "soil_risk": 2,
        "flooding_index": 0.622,
        "earthquake_factor": 0.097,
        "erosion_factor": 0.299,
        "landslide_index": 0.181,
        "soil_corrosivity_index": 0.912,
        "hoop_stress_ratio": 0.328,
        "pipe_diameter_inches": 24.0,
        "operating_pressure_psig": 1000.0,
        "pipe_material": "API 5L X65",
        "design_wall_thickness_mm": 14.3,
        "operational_age_years": 12.0,
        "corrosion_rate_mm_per_year": 0.399,
        "thickness_loss_mm": 4.79,
        "remaining_wall_thickness_mm": 9.51,
        "material_loss_percent": 33.5,
        "degradation_condition": "Moderate",
        "failure_probability": 0.2566,
        "failure_probability_percent": 25.7,
        "risk_class": "Medium",
        "primary_hazard": "Corrosive Soil & Anoxic Groundwater Degradation",
        "failure_code": "ERR-GEO-CORR-04",
        "diagnostic_message": "KP 8.0: High external corrosion hazard (25.7%) resulting from saturated groundwater (Corrosivity Index 0.912) and anaerobic clay soil. Coating breakdown risk is high.",
        "remediation_plan": "Upgrade Impressed Current Cathodic Protection (ICCP), apply 3LPE coating repair, and conduct smart-pig inline inspection."
      },
      "geometry": {
        "type": "Point",
        "coordinates": [
          6.659578,
          7.484595
        ]
      }
    },
    {
      "type": "Feature",
      "properties": {
        "kp": 9.0,
        "pipeline_id": 2,
        "pipeline_code": "GER-FEED",
        "pipeline_name": "Geregu Power Plant Gas Supply Pipeline",
        "latitude": 7.475616,
        "longitude": 6.660077,
        "elevation": 97.0,
        "slope_deg": 0.13,
        "river_proximity_km": 0.45,
        "fault_distance_km": 19.4,
        "soil_type": "Saturated Alluvial Silty Clay",
        "soil_risk": 2,
        "flooding_index": 0.98,
        "earthquake_factor": 0.045,
        "erosion_factor": 0.368,
        "landslide_index": 0.096,
        "soil_corrosivity_index": 0.97,
        "hoop_stress_ratio": 0.328,
        "pipe_diameter_inches": 24.0,
        "operating_pressure_psig": 1000.0,
        "pipe_material": "API 5L X65",
        "design_wall_thickness_mm": 14.3,
        "operational_age_years": 12.0,
        "corrosion_rate_mm_per_year": 0.444,
        "thickness_loss_mm": 5.33,
        "remaining_wall_thickness_mm": 8.97,
        "material_loss_percent": 37.3,
        "degradation_condition": "Critical",
        "failure_probability": 0.3117,
        "failure_probability_percent": 31.2,
        "risk_class": "Medium",
        "primary_hazard": "Hydrodynamic River Scour & Flood Inundation",
        "failure_code": "ERR-GEO-HYDRO-01",
        "diagnostic_message": "KP 9.0: High failure probability (31.2%) driven by severe River Niger flood inundation (Flood Index 0.98, 0.45 km proximity). Current scour threatens to un-seat buried pipe.",
        "remediation_plan": "Perform Horizontal Directional Drilling (HDD) deep riverbed re-burial & install concrete articulated weighting mats."
      },
      "geometry": {
        "type": "Point",
        "coordinates": [
          6.660077,
          7.475616
        ]
      }
    },
    {
      "type": "Feature",
      "properties": {
        "kp": 9.4,
        "pipeline_id": 2,
        "pipeline_code": "GER-FEED",
        "pipeline_name": "Geregu Power Plant Gas Supply Pipeline",
        "latitude": 7.4716,
        "longitude": 6.6603,
        "elevation": 104.0,
        "slope_deg": 4.0,
        "river_proximity_km": 0.05,
        "fault_distance_km": 19.29,
        "soil_type": "Saturated Alluvial Silty Clay",
        "soil_risk": 2,
        "flooding_index": 0.98,
        "earthquake_factor": 0.05,
        "erosion_factor": 0.618,
        "landslide_index": 0.22,
        "soil_corrosivity_index": 0.97,
        "hoop_stress_ratio": 0.328,
        "pipe_diameter_inches": 24.0,
        "operating_pressure_psig": 1000.0,
        "pipe_material": "API 5L X65",
        "design_wall_thickness_mm": 14.3,
        "operational_age_years": 12.0,
        "corrosion_rate_mm_per_year": 0.424,
        "thickness_loss_mm": 5.09,
        "remaining_wall_thickness_mm": 9.21,
        "material_loss_percent": 35.6,
        "degradation_condition": "Critical",
        "failure_probability": 0.3532,
        "failure_probability_percent": 35.3,
        "risk_class": "Medium",
        "primary_hazard": "Hydrodynamic River Scour & Flood Inundation",
        "failure_code": "ERR-GEO-HYDRO-01",
        "diagnostic_message": "KP 9.4: High failure probability (35.3%) driven by severe River Niger flood inundation (Flood Index 0.98, 0.05 km proximity). Current scour threatens to un-seat buried pipe.",
        "remediation_plan": "Perform Horizontal Directional Drilling (HDD) deep riverbed re-burial & install concrete articulated weighting mats."
      },
      "geometry": {
        "type": "Point",
        "coordinates": [
          6.6603,
          7.4716
        ]
      }
    },
    {
      "type": "Feature",
      "properties": {
        "kp": 0.0,
        "pipeline_id": 3,
        "pipeline_code": "OBJ-LINE",
        "pipeline_name": "Ajaokuta\u2013Obajana Gas Pipeline",
        "latitude": 7.5564,
        "longitude": 6.6552,
        "elevation": 70.0,
        "slope_deg": 1.32,
        "river_proximity_km": 0.05,
        "fault_distance_km": 11.7,
        "soil_type": "Saturated Alluvial Silty Clay",
        "soil_risk": 2,
        "flooding_index": 0.98,
        "earthquake_factor": 0.084,
        "erosion_factor": 0.555,
        "landslide_index": 0.122,
        "soil_corrosivity_index": 0.97,
        "hoop_stress_ratio": 0.314,
        "pipe_diameter_inches": 18.0,
        "operating_pressure_psig": 850.0,
        "pipe_material": "API 5L X52",
        "design_wall_thickness_mm": 11.9,
        "operational_age_years": 10.0,
        "corrosion_rate_mm_per_year": 0.434,
        "thickness_loss_mm": 4.34,
        "remaining_wall_thickness_mm": 7.56,
        "material_loss_percent": 36.5,
        "degradation_condition": "Critical",
        "failure_probability": 0.3352,
        "failure_probability_percent": 33.5,
        "risk_class": "Medium",
        "primary_hazard": "Hydrodynamic River Scour & Flood Inundation",
        "failure_code": "ERR-GEO-HYDRO-01",
        "diagnostic_message": "KP 0.0: High failure probability (33.5%) driven by severe River Niger flood inundation (Flood Index 0.98, 0.05 km proximity). Current scour threatens to un-seat buried pipe.",
        "remediation_plan": "Perform Horizontal Directional Drilling (HDD) deep riverbed re-burial & install concrete articulated weighting mats."
      },
      "geometry": {
        "type": "Point",
        "coordinates": [
          6.6552,
          7.5564
        ]
      }
    },
    {
      "type": "Feature",
      "properties": {
        "kp": 1.0,
        "pipeline_id": 3,
        "pipeline_code": "OBJ-LINE",
        "pipeline_name": "Ajaokuta\u2013Obajana Gas Pipeline",
        "latitude": 7.553436,
        "longitude": 6.646635,
        "elevation": 93.0,
        "slope_deg": 3.32,
        "river_proximity_km": 1.0,
        "fault_distance_km": 12.36,
        "soil_type": "Saturated Alluvial Silty Clay",
        "soil_risk": 2,
        "flooding_index": 0.773,
        "earthquake_factor": 0.082,
        "erosion_factor": 0.316,
        "landslide_index": 0.19,
        "soil_corrosivity_index": 0.96,
        "hoop_stress_ratio": 0.314,
        "pipe_diameter_inches": 18.0,
        "operating_pressure_psig": 850.0,
        "pipe_material": "API 5L X52",
        "design_wall_thickness_mm": 11.9,
        "operational_age_years": 10.0,
        "corrosion_rate_mm_per_year": 0.441,
        "thickness_loss_mm": 4.41,
        "remaining_wall_thickness_mm": 7.49,
        "material_loss_percent": 37.1,
        "degradation_condition": "Critical",
        "failure_probability": 0.2869,
        "failure_probability_percent": 28.7,
        "risk_class": "Medium",
        "primary_hazard": "Corrosive Soil & Anoxic Groundwater Degradation",
        "failure_code": "ERR-GEO-CORR-04",
        "diagnostic_message": "KP 1.0: High external corrosion hazard (28.7%) resulting from saturated groundwater (Corrosivity Index 0.96) and anaerobic clay soil. Coating breakdown risk is high.",
        "remediation_plan": "Upgrade Impressed Current Cathodic Protection (ICCP), apply 3LPE coating repair, and conduct smart-pig inline inspection."
      },
      "geometry": {
        "type": "Point",
        "coordinates": [
          6.646635,
          7.553436
        ]
      }
    },
    {
      "type": "Feature",
      "properties": {
        "kp": 2.0,
        "pipeline_id": 3,
        "pipeline_code": "OBJ-LINE",
        "pipeline_name": "Ajaokuta\u2013Obajana Gas Pipeline",
        "latitude": 7.550473,
        "longitude": 6.63807,
        "elevation": 128.0,
        "slope_deg": 9.15,
        "river_proximity_km": 2.0,
        "fault_distance_km": 13.05,
        "soil_type": "Stable Sandy Loam",
        "soil_risk": 0,
        "flooding_index": 0.496,
        "earthquake_factor": 0.091,
        "erosion_factor": 0.402,
        "landslide_index": 0.429,
        "soil_corrosivity_index": 0.452,
        "hoop_stress_ratio": 0.314,
        "pipe_diameter_inches": 18.0,
        "operating_pressure_psig": 850.0,
        "pipe_material": "API 5L X52",
        "design_wall_thickness_mm": 11.9,
        "operational_age_years": 10.0,
        "corrosion_rate_mm_per_year": 0.235,
        "thickness_loss_mm": 2.35,
        "remaining_wall_thickness_mm": 9.55,
        "material_loss_percent": 19.7,
        "degradation_condition": "Moderate",
        "failure_probability": 0.2383,
        "failure_probability_percent": 23.8,
        "risk_class": "Medium",
        "primary_hazard": "Hydrodynamic River Scour & Flood Inundation",
        "failure_code": "ERR-GEO-HYDRO-01",
        "diagnostic_message": "KP 2.0: High failure probability (23.8%) driven by severe River Niger flood inundation (Flood Index 0.496, 2.0 km proximity). Current scour threatens to un-seat buried pipe.",
        "remediation_plan": "Perform Horizontal Directional Drilling (HDD) deep riverbed re-burial & install concrete articulated weighting mats."
      },
      "geometry": {
        "type": "Point",
        "coordinates": [
          6.63807,
          7.550473
        ]
      }
    },
    {
      "type": "Feature",
      "properties": {
        "kp": 3.0,
        "pipeline_id": 3,
        "pipeline_code": "OBJ-LINE",
        "pipeline_name": "Ajaokuta\u2013Obajana Gas Pipeline",
        "latitude": 7.547509,
        "longitude": 6.629505,
        "elevation": 254.0,
        "slope_deg": 6.79,
        "river_proximity_km": 3.0,
        "fault_distance_km": 13.8,
        "soil_type": "Expansive Shale & Rocky Outcrop",
        "soil_risk": 2,
        "flooding_index": 0.289,
        "earthquake_factor": 0.061,
        "erosion_factor": 0.311,
        "landslide_index": 0.451,
        "soil_corrosivity_index": 0.616,
        "hoop_stress_ratio": 0.314,
        "pipe_diameter_inches": 18.0,
        "operating_pressure_psig": 850.0,
        "pipe_material": "API 5L X52",
        "design_wall_thickness_mm": 11.9,
        "operational_age_years": 10.0,
        "corrosion_rate_mm_per_year": 0.297,
        "thickness_loss_mm": 2.97,
        "remaining_wall_thickness_mm": 8.93,
        "material_loss_percent": 25.0,
        "degradation_condition": "Moderate",
        "failure_probability": 0.2079,
        "failure_probability_percent": 20.8,
        "risk_class": "Medium",
        "primary_hazard": "Corrosive Soil & Anoxic Groundwater Degradation",
        "failure_code": "ERR-GEO-CORR-04",
        "diagnostic_message": "KP 3.0: High external corrosion hazard (20.8%) resulting from saturated groundwater (Corrosivity Index 0.616) and anaerobic clay soil. Coating breakdown risk is high.",
        "remediation_plan": "Upgrade Impressed Current Cathodic Protection (ICCP), apply 3LPE coating repair, and conduct smart-pig inline inspection."
      },
      "geometry": {
        "type": "Point",
        "coordinates": [
          6.629505,
          7.547509
        ]
      }
    },
    {
      "type": "Feature",
      "properties": {
        "kp": 4.0,
        "pipeline_id": 3,
        "pipeline_code": "OBJ-LINE",
        "pipeline_name": "Ajaokuta\u2013Obajana Gas Pipeline",
        "latitude": 7.544546,
        "longitude": 6.62094,
        "elevation": 247.0,
        "slope_deg": 6.56,
        "river_proximity_km": 4.0,
        "fault_distance_km": 14.73,
        "soil_type": "Expansive Shale & Rocky Outcrop",
        "soil_risk": 2,
        "flooding_index": 0.262,
        "earthquake_factor": 0.099,
        "erosion_factor": 0.227,
        "landslide_index": 0.423,
        "soil_corrosivity_index": 0.617,
        "hoop_stress_ratio": 0.314,
        "pipe_diameter_inches": 18.0,
        "operating_pressure_psig": 850.0,
        "pipe_material": "API 5L X52",
        "design_wall_thickness_mm": 11.9,
        "operational_age_years": 10.0,
        "corrosion_rate_mm_per_year": 0.299,
        "thickness_loss_mm": 2.99,
        "remaining_wall_thickness_mm": 8.91,
        "material_loss_percent": 25.1,
        "degradation_condition": "Moderate",
        "failure_probability": 0.1964,
        "failure_probability_percent": 19.6,
        "risk_class": "Low",
        "primary_hazard": "Corrosive Soil & Anoxic Groundwater Degradation",
        "failure_code": "ERR-GEO-CORR-04",
        "diagnostic_message": "KP 4.0: High external corrosion hazard (19.6%) resulting from saturated groundwater (Corrosivity Index 0.617) and anaerobic clay soil. Coating breakdown risk is high.",
        "remediation_plan": "Upgrade Impressed Current Cathodic Protection (ICCP), apply 3LPE coating repair, and conduct smart-pig inline inspection."
      },
      "geometry": {
        "type": "Point",
        "coordinates": [
          6.62094,
          7.544546
        ]
      }
    },
    {
      "type": "Feature",
      "properties": {
        "kp": 5.0,
        "pipeline_id": 3,
        "pipeline_code": "OBJ-LINE",
        "pipeline_name": "Ajaokuta\u2013Obajana Gas Pipeline",
        "latitude": 7.541582,
        "longitude": 6.612375,
        "elevation": 139.0,
        "slope_deg": 6.96,
        "river_proximity_km": 5.0,
        "fault_distance_km": 15.4,
        "soil_type": "Stable Sandy Loam",
        "soil_risk": 0,
        "flooding_index": 0.33,
        "earthquake_factor": 0.11,
        "erosion_factor": 0.282,
        "landslide_index": 0.366,
        "soil_corrosivity_index": 0.394,
        "hoop_stress_ratio": 0.314,
        "pipe_diameter_inches": 18.0,
        "operating_pressure_psig": 850.0,
        "pipe_material": "API 5L X52",
        "design_wall_thickness_mm": 11.9,
        "operational_age_years": 10.0,
        "corrosion_rate_mm_per_year": 0.194,
        "thickness_loss_mm": 1.94,
        "remaining_wall_thickness_mm": 9.96,
        "material_loss_percent": 16.3,
        "degradation_condition": "Moderate",
        "failure_probability": 0.1864,
        "failure_probability_percent": 18.6,
        "risk_class": "Low",
        "primary_hazard": "Low Geo-Hazard Stress (Nominal Operational)",
        "failure_code": "NOMINAL-00",
        "diagnostic_message": "KP 5.0: Stable terrain conditions (18.6% PoF). Operating within normal design parameters under standard Catholic Protection monitoring.",
        "remediation_plan": "Maintain standard periodic aerial Right-of-Way surveillance and annual CP survey."
      },
      "geometry": {
        "type": "Point",
        "coordinates": [
          6.612375,
          7.541582
        ]
      }
    },
    {
      "type": "Feature",
      "properties": {
        "kp": 6.0,
        "pipeline_id": 3,
        "pipeline_code": "OBJ-LINE",
        "pipeline_name": "Ajaokuta\u2013Obajana Gas Pipeline",
        "latitude": 7.538619,
        "longitude": 6.60381,
        "elevation": 125.0,
        "slope_deg": 0.69,
        "river_proximity_km": 6.0,
        "fault_distance_km": 16.59,
        "soil_type": "Stable Sandy Loam",
        "soil_risk": 0,
        "flooding_index": 0.328,
        "earthquake_factor": 0.058,
        "erosion_factor": 0.146,
        "landslide_index": 0.139,
        "soil_corrosivity_index": 0.413,
        "hoop_stress_ratio": 0.314,
        "pipe_diameter_inches": 18.0,
        "operating_pressure_psig": 850.0,
        "pipe_material": "API 5L X52",
        "design_wall_thickness_mm": 11.9,
        "operational_age_years": 10.0,
        "corrosion_rate_mm_per_year": 0.218,
        "thickness_loss_mm": 2.18,
        "remaining_wall_thickness_mm": 9.72,
        "material_loss_percent": 18.3,
        "degradation_condition": "Moderate",
        "failure_probability": 0.135,
        "failure_probability_percent": 13.5,
        "risk_class": "Low",
        "primary_hazard": "Low Geo-Hazard Stress (Nominal Operational)",
        "failure_code": "NOMINAL-00",
        "diagnostic_message": "KP 6.0: Stable terrain conditions (13.5% PoF). Operating within normal design parameters under standard Catholic Protection monitoring.",
        "remediation_plan": "Maintain standard periodic aerial Right-of-Way surveillance and annual CP survey."
      },
      "geometry": {
        "type": "Point",
        "coordinates": [
          6.60381,
          7.538619
        ]
      }
    },
    {
      "type": "Feature",
      "properties": {
        "kp": 7.0,
        "pipeline_id": 3,
        "pipeline_code": "OBJ-LINE",
        "pipeline_name": "Ajaokuta\u2013Obajana Gas Pipeline",
        "latitude": 7.535655,
        "longitude": 6.595246,
        "elevation": 151.0,
        "slope_deg": 0.29,
        "river_proximity_km": 7.0,
        "fault_distance_km": 17.23,
        "soil_type": "Stable Sandy Loam",
        "soil_risk": 0,
        "flooding_index": 0.265,
        "earthquake_factor": 0.051,
        "erosion_factor": 0.084,
        "landslide_index": 0.137,
        "soil_corrosivity_index": 0.365,
        "hoop_stress_ratio": 0.314,
        "pipe_diameter_inches": 18.0,
        "operating_pressure_psig": 850.0,
        "pipe_material": "API 5L X52",
        "design_wall_thickness_mm": 11.9,
        "operational_age_years": 10.0,
        "corrosion_rate_mm_per_year": 0.179,
        "thickness_loss_mm": 1.79,
        "remaining_wall_thickness_mm": 10.11,
        "material_loss_percent": 15.0,
        "degradation_condition": "Moderate",
        "failure_probability": 0.1131,
        "failure_probability_percent": 11.3,
        "risk_class": "Low",
        "primary_hazard": "Low Geo-Hazard Stress (Nominal Operational)",
        "failure_code": "NOMINAL-00",
        "diagnostic_message": "KP 7.0: Stable terrain conditions (11.3% PoF). Operating within normal design parameters under standard Catholic Protection monitoring.",
        "remediation_plan": "Maintain standard periodic aerial Right-of-Way surveillance and annual CP survey."
      },
      "geometry": {
        "type": "Point",
        "coordinates": [
          6.595246,
          7.535655
        ]
      }
    },
    {
      "type": "Feature",
      "properties": {
        "kp": 8.0,
        "pipeline_id": 3,
        "pipeline_code": "OBJ-LINE",
        "pipeline_name": "Ajaokuta\u2013Obajana Gas Pipeline",
        "latitude": 7.532692,
        "longitude": 6.586681,
        "elevation": 130.0,
        "slope_deg": 1.37,
        "river_proximity_km": 8.0,
        "fault_distance_km": 17.48,
        "soil_type": "Stable Sandy Loam",
        "soil_risk": 0,
        "flooding_index": 0.274,
        "earthquake_factor": 0.08,
        "erosion_factor": 0.146,
        "landslide_index": 0.146,
        "soil_corrosivity_index": 0.398,
        "hoop_stress_ratio": 0.314,
        "pipe_diameter_inches": 18.0,
        "operating_pressure_psig": 850.0,
        "pipe_material": "API 5L X52",
        "design_wall_thickness_mm": 11.9,
        "operational_age_years": 10.0,
        "corrosion_rate_mm_per_year": 0.205,
        "thickness_loss_mm": 2.05,
        "remaining_wall_thickness_mm": 9.85,
        "material_loss_percent": 17.2,
        "degradation_condition": "Moderate",
        "failure_probability": 0.128,
        "failure_probability_percent": 12.8,
        "risk_class": "Low",
        "primary_hazard": "Low Geo-Hazard Stress (Nominal Operational)",
        "failure_code": "NOMINAL-00",
        "diagnostic_message": "KP 8.0: Stable terrain conditions (12.8% PoF). Operating within normal design parameters under standard Catholic Protection monitoring.",
        "remediation_plan": "Maintain standard periodic aerial Right-of-Way surveillance and annual CP survey."
      },
      "geometry": {
        "type": "Point",
        "coordinates": [
          6.586681,
          7.532692
        ]
      }
    },
    {
      "type": "Feature",
      "properties": {
        "kp": 9.0,
        "pipeline_id": 3,
        "pipeline_code": "OBJ-LINE",
        "pipeline_name": "Ajaokuta\u2013Obajana Gas Pipeline",
        "latitude": 7.529728,
        "longitude": 6.578116,
        "elevation": 127.0,
        "slope_deg": 0.23,
        "river_proximity_km": 9.0,
        "fault_distance_km": 16.94,
        "soil_type": "Stable Sandy Loam",
        "soil_risk": 0,
        "flooding_index": 0.271,
        "earthquake_factor": 0.062,
        "erosion_factor": 0.082,
        "landslide_index": 0.094,
        "soil_corrosivity_index": 0.401,
        "hoop_stress_ratio": 0.314,
        "pipe_diameter_inches": 18.0,
        "operating_pressure_psig": 850.0,
        "pipe_material": "API 5L X52",
        "design_wall_thickness_mm": 11.9,
        "operational_age_years": 10.0,
        "corrosion_rate_mm_per_year": 0.199,
        "thickness_loss_mm": 1.99,
        "remaining_wall_thickness_mm": 9.91,
        "material_loss_percent": 16.7,
        "degradation_condition": "Moderate",
        "failure_probability": 0.112,
        "failure_probability_percent": 11.2,
        "risk_class": "Low",
        "primary_hazard": "Low Geo-Hazard Stress (Nominal Operational)",
        "failure_code": "NOMINAL-00",
        "diagnostic_message": "KP 9.0: Stable terrain conditions (11.2% PoF). Operating within normal design parameters under standard Catholic Protection monitoring.",
        "remediation_plan": "Maintain standard periodic aerial Right-of-Way surveillance and annual CP survey."
      },
      "geometry": {
        "type": "Point",
        "coordinates": [
          6.578116,
          7.529728
        ]
      }
    },
    {
      "type": "Feature",
      "properties": {
        "kp": 10.0,
        "pipeline_id": 3,
        "pipeline_code": "OBJ-LINE",
        "pipeline_name": "Ajaokuta\u2013Obajana Gas Pipeline",
        "latitude": 7.526765,
        "longitude": 6.569551,
        "elevation": 134.0,
        "slope_deg": 2.18,
        "river_proximity_km": 10.0,
        "fault_distance_km": 16.05,
        "soil_type": "Stable Sandy Loam",
        "soil_risk": 0,
        "flooding_index": 0.255,
        "earthquake_factor": 0.107,
        "erosion_factor": 0.11,
        "landslide_index": 0.189,
        "soil_corrosivity_index": 0.388,
        "hoop_stress_ratio": 0.314,
        "pipe_diameter_inches": 18.0,
        "operating_pressure_psig": 850.0,
        "pipe_material": "API 5L X52",
        "design_wall_thickness_mm": 11.9,
        "operational_age_years": 10.0,
        "corrosion_rate_mm_per_year": 0.213,
        "thickness_loss_mm": 2.13,
        "remaining_wall_thickness_mm": 9.77,
        "material_loss_percent": 17.9,
        "degradation_condition": "Moderate",
        "failure_probability": 0.1305,
        "failure_probability_percent": 13.1,
        "risk_class": "Low",
        "primary_hazard": "Low Geo-Hazard Stress (Nominal Operational)",
        "failure_code": "NOMINAL-00",
        "diagnostic_message": "KP 10.0: Stable terrain conditions (13.1% PoF). Operating within normal design parameters under standard Catholic Protection monitoring.",
        "remediation_plan": "Maintain standard periodic aerial Right-of-Way surveillance and annual CP survey."
      },
      "geometry": {
        "type": "Point",
        "coordinates": [
          6.569551,
          7.526765
        ]
      }
    },
    {
      "type": "Feature",
      "properties": {
        "kp": 11.0,
        "pipeline_id": 3,
        "pipeline_code": "OBJ-LINE",
        "pipeline_name": "Ajaokuta\u2013Obajana Gas Pipeline",
        "latitude": 7.523801,
        "longitude": 6.560986,
        "elevation": 165.0,
        "slope_deg": 6.67,
        "river_proximity_km": 11.0,
        "fault_distance_km": 15.03,
        "soil_type": "Stable Sandy Loam",
        "soil_risk": 0,
        "flooding_index": 0.23,
        "earthquake_factor": 0.066,
        "erosion_factor": 0.244,
        "landslide_index": 0.359,
        "soil_corrosivity_index": 0.333,
        "hoop_stress_ratio": 0.314,
        "pipe_diameter_inches": 18.0,
        "operating_pressure_psig": 850.0,
        "pipe_material": "API 5L X52",
        "design_wall_thickness_mm": 11.9,
        "operational_age_years": 10.0,
        "corrosion_rate_mm_per_year": 0.183,
        "thickness_loss_mm": 1.83,
        "remaining_wall_thickness_mm": 10.07,
        "material_loss_percent": 15.4,
        "degradation_condition": "Moderate",
        "failure_probability": 0.1535,
        "failure_probability_percent": 15.3,
        "risk_class": "Low",
        "primary_hazard": "Low Geo-Hazard Stress (Nominal Operational)",
        "failure_code": "NOMINAL-00",
        "diagnostic_message": "KP 11.0: Stable terrain conditions (15.3% PoF). Operating within normal design parameters under standard Catholic Protection monitoring.",
        "remediation_plan": "Maintain standard periodic aerial Right-of-Way surveillance and annual CP survey."
      },
      "geometry": {
        "type": "Point",
        "coordinates": [
          6.560986,
          7.523801
        ]
      }
    },
    {
      "type": "Feature",
      "properties": {
        "kp": 12.0,
        "pipeline_id": 3,
        "pipeline_code": "OBJ-LINE",
        "pipeline_name": "Ajaokuta\u2013Obajana Gas Pipeline",
        "latitude": 7.520838,
        "longitude": 6.552421,
        "elevation": 251.0,
        "slope_deg": 0.77,
        "river_proximity_km": 12.0,
        "fault_distance_km": 14.38,
        "soil_type": "Expansive Shale & Rocky Outcrop",
        "soil_risk": 2,
        "flooding_index": 0.156,
        "earthquake_factor": 0.088,
        "erosion_factor": 0.094,
        "landslide_index": 0.188,
        "soil_corrosivity_index": 0.584,
        "hoop_stress_ratio": 0.314,
        "pipe_diameter_inches": 18.0,
        "operating_pressure_psig": 850.0,
        "pipe_material": "API 5L X52",
        "design_wall_thickness_mm": 11.9,
        "operational_age_years": 10.0,
        "corrosion_rate_mm_per_year": 0.292,
        "thickness_loss_mm": 2.92,
        "remaining_wall_thickness_mm": 8.98,
        "material_loss_percent": 24.5,
        "degradation_condition": "Moderate",
        "failure_probability": 0.1264,
        "failure_probability_percent": 12.6,
        "risk_class": "Low",
        "primary_hazard": "Corrosive Soil & Anoxic Groundwater Degradation",
        "failure_code": "ERR-GEO-CORR-04",
        "diagnostic_message": "KP 12.0: High external corrosion hazard (12.6%) resulting from saturated groundwater (Corrosivity Index 0.584) and anaerobic clay soil. Coating breakdown risk is high.",
        "remediation_plan": "Upgrade Impressed Current Cathodic Protection (ICCP), apply 3LPE coating repair, and conduct smart-pig inline inspection."
      },
      "geometry": {
        "type": "Point",
        "coordinates": [
          6.552421,
          7.520838
        ]
      }
    },
    {
      "type": "Feature",
      "properties": {
        "kp": 13.0,
        "pipeline_id": 3,
        "pipeline_code": "OBJ-LINE",
        "pipeline_name": "Ajaokuta\u2013Obajana Gas Pipeline",
        "latitude": 7.521463,
        "longitude": 6.543662,
        "elevation": 178.0,
        "slope_deg": 4.46,
        "river_proximity_km": 12.89,
        "fault_distance_km": 14.16,
        "soil_type": "Stable Sandy Loam",
        "soil_risk": 0,
        "flooding_index": 0.22,
        "earthquake_factor": 0.071,
        "erosion_factor": 0.134,
        "landslide_index": 0.28,
        "soil_corrosivity_index": 0.308,
        "hoop_stress_ratio": 0.314,
        "pipe_diameter_inches": 18.0,
        "operating_pressure_psig": 850.0,
        "pipe_material": "API 5L X52",
        "design_wall_thickness_mm": 11.9,
        "operational_age_years": 10.0,
        "corrosion_rate_mm_per_year": 0.176,
        "thickness_loss_mm": 1.76,
        "remaining_wall_thickness_mm": 10.14,
        "material_loss_percent": 14.8,
        "degradation_condition": "Normal",
        "failure_probability": 0.1286,
        "failure_probability_percent": 12.9,
        "risk_class": "Low",
        "primary_hazard": "Low Geo-Hazard Stress (Nominal Operational)",
        "failure_code": "NOMINAL-00",
        "diagnostic_message": "KP 13.0: Stable terrain conditions (12.9% PoF). Operating within normal design parameters under standard Catholic Protection monitoring.",
        "remediation_plan": "Maintain standard periodic aerial Right-of-Way surveillance and annual CP survey."
      },
      "geometry": {
        "type": "Point",
        "coordinates": [
          6.543662,
          7.521463
        ]
      }
    },
    {
      "type": "Feature",
      "properties": {
        "kp": 14.0,
        "pipeline_id": 3,
        "pipeline_code": "OBJ-LINE",
        "pipeline_name": "Ajaokuta\u2013Obajana Gas Pipeline",
        "latitude": 7.523502,
        "longitude": 6.534827,
        "elevation": 173.0,
        "slope_deg": 0.57,
        "river_proximity_km": 13.76,
        "fault_distance_km": 14.3,
        "soil_type": "Stable Sandy Loam",
        "soil_risk": 0,
        "flooding_index": 0.18,
        "earthquake_factor": 0.104,
        "erosion_factor": 0.075,
        "landslide_index": 0.15,
        "soil_corrosivity_index": 0.316,
        "hoop_stress_ratio": 0.314,
        "pipe_diameter_inches": 18.0,
        "operating_pressure_psig": 850.0,
        "pipe_material": "API 5L X52",
        "design_wall_thickness_mm": 11.9,
        "operational_age_years": 10.0,
        "corrosion_rate_mm_per_year": 0.178,
        "thickness_loss_mm": 1.78,
        "remaining_wall_thickness_mm": 10.12,
        "material_loss_percent": 15.0,
        "degradation_condition": "Moderate",
        "failure_probability": 0.1017,
        "failure_probability_percent": 10.2,
        "risk_class": "Low",
        "primary_hazard": "Low Geo-Hazard Stress (Nominal Operational)",
        "failure_code": "NOMINAL-00",
        "diagnostic_message": "KP 14.0: Stable terrain conditions (10.2% PoF). Operating within normal design parameters under standard Catholic Protection monitoring.",
        "remediation_plan": "Maintain standard periodic aerial Right-of-Way surveillance and annual CP survey."
      },
      "geometry": {
        "type": "Point",
        "coordinates": [
          6.534827,
          7.523502
        ]
      }
    },
    {
      "type": "Feature",
      "properties": {
        "kp": 15.0,
        "pipeline_id": 3,
        "pipeline_code": "OBJ-LINE",
        "pipeline_name": "Ajaokuta\u2013Obajana Gas Pipeline",
        "latitude": 7.52554,
        "longitude": 6.525991,
        "elevation": 168.0,
        "slope_deg": 1.66,
        "river_proximity_km": 14.65,
        "fault_distance_km": 14.19,
        "soil_type": "Stable Sandy Loam",
        "soil_risk": 0,
        "flooding_index": 0.207,
        "earthquake_factor": 0.068,
        "erosion_factor": 0.074,
        "landslide_index": 0.202,
        "soil_corrosivity_index": 0.324,
        "hoop_stress_ratio": 0.314,
        "pipe_diameter_inches": 18.0,
        "operating_pressure_psig": 850.0,
        "pipe_material": "API 5L X52",
        "design_wall_thickness_mm": 11.9,
        "operational_age_years": 10.0,
        "corrosion_rate_mm_per_year": 0.201,
        "thickness_loss_mm": 2.01,
        "remaining_wall_thickness_mm": 9.89,
        "material_loss_percent": 16.9,
        "degradation_condition": "Moderate",
        "failure_probability": 0.1103,
        "failure_probability_percent": 11.0,
        "risk_class": "Low",
        "primary_hazard": "Low Geo-Hazard Stress (Nominal Operational)",
        "failure_code": "NOMINAL-00",
        "diagnostic_message": "KP 15.0: Stable terrain conditions (11.0% PoF). Operating within normal design parameters under standard Catholic Protection monitoring.",
        "remediation_plan": "Maintain standard periodic aerial Right-of-Way surveillance and annual CP survey."
      },
      "geometry": {
        "type": "Point",
        "coordinates": [
          6.525991,
          7.52554
        ]
      }
    },
    {
      "type": "Feature",
      "properties": {
        "kp": 16.0,
        "pipeline_id": 3,
        "pipeline_code": "OBJ-LINE",
        "pipeline_name": "Ajaokuta\u2013Obajana Gas Pipeline",
        "latitude": 7.527579,
        "longitude": 6.517156,
        "elevation": 202.0,
        "slope_deg": 3.6,
        "river_proximity_km": 15.55,
        "fault_distance_km": 14.24,
        "soil_type": "Expansive Shale & Rocky Outcrop",
        "soil_risk": 2,
        "flooding_index": 0.156,
        "earthquake_factor": 0.097,
        "erosion_factor": 0.129,
        "landslide_index": 0.262,
        "soil_corrosivity_index": 0.665,
        "hoop_stress_ratio": 0.314,
        "pipe_diameter_inches": 18.0,
        "operating_pressure_psig": 850.0,
        "pipe_material": "API 5L X52",
        "design_wall_thickness_mm": 11.9,
        "operational_age_years": 10.0,
        "corrosion_rate_mm_per_year": 0.299,
        "thickness_loss_mm": 2.99,
        "remaining_wall_thickness_mm": 8.91,
        "material_loss_percent": 25.1,
        "degradation_condition": "Moderate",
        "failure_probability": 0.1488,
        "failure_probability_percent": 14.9,
        "risk_class": "Low",
        "primary_hazard": "Corrosive Soil & Anoxic Groundwater Degradation",
        "failure_code": "ERR-GEO-CORR-04",
        "diagnostic_message": "KP 16.0: High external corrosion hazard (14.9%) resulting from saturated groundwater (Corrosivity Index 0.665) and anaerobic clay soil. Coating breakdown risk is high.",
        "remediation_plan": "Upgrade Impressed Current Cathodic Protection (ICCP), apply 3LPE coating repair, and conduct smart-pig inline inspection."
      },
      "geometry": {
        "type": "Point",
        "coordinates": [
          6.517156,
          7.527579
        ]
      }
    },
    {
      "type": "Feature",
      "properties": {
        "kp": 17.0,
        "pipeline_id": 3,
        "pipeline_code": "OBJ-LINE",
        "pipeline_name": "Ajaokuta\u2013Obajana Gas Pipeline",
        "latitude": 7.529618,
        "longitude": 6.508321,
        "elevation": 231.0,
        "slope_deg": 1.43,
        "river_proximity_km": 16.46,
        "fault_distance_km": 14.57,
        "soil_type": "Expansive Shale & Rocky Outcrop",
        "soil_risk": 2,
        "flooding_index": 0.144,
        "earthquake_factor": 0.058,
        "erosion_factor": 0.07,
        "landslide_index": 0.207,
        "soil_corrosivity_index": 0.615,
        "hoop_stress_ratio": 0.314,
        "pipe_diameter_inches": 18.0,
        "operating_pressure_psig": 850.0,
        "pipe_material": "API 5L X52",
        "design_wall_thickness_mm": 11.9,
        "operational_age_years": 10.0,
        "corrosion_rate_mm_per_year": 0.301,
        "thickness_loss_mm": 3.01,
        "remaining_wall_thickness_mm": 8.89,
        "material_loss_percent": 25.3,
        "degradation_condition": "Moderate",
        "failure_probability": 0.124,
        "failure_probability_percent": 12.4,
        "risk_class": "Low",
        "primary_hazard": "Corrosive Soil & Anoxic Groundwater Degradation",
        "failure_code": "ERR-GEO-CORR-04",
        "diagnostic_message": "KP 17.0: High external corrosion hazard (12.4%) resulting from saturated groundwater (Corrosivity Index 0.615) and anaerobic clay soil. Coating breakdown risk is high.",
        "remediation_plan": "Upgrade Impressed Current Cathodic Protection (ICCP), apply 3LPE coating repair, and conduct smart-pig inline inspection."
      },
      "geometry": {
        "type": "Point",
        "coordinates": [
          6.508321,
          7.529618
        ]
      }
    },
    {
      "type": "Feature",
      "properties": {
        "kp": 18.0,
        "pipeline_id": 3,
        "pipeline_code": "OBJ-LINE",
        "pipeline_name": "Ajaokuta\u2013Obajana Gas Pipeline",
        "latitude": 7.531657,
        "longitude": 6.499485,
        "elevation": 227.0,
        "slope_deg": 0.4,
        "river_proximity_km": 17.38,
        "fault_distance_km": 14.35,
        "soil_type": "Expansive Shale & Rocky Outcrop",
        "soil_risk": 2,
        "flooding_index": 0.118,
        "earthquake_factor": 0.106,
        "erosion_factor": 0.05,
        "landslide_index": 0.183,
        "soil_corrosivity_index": 0.621,
        "hoop_stress_ratio": 0.314,
        "pipe_diameter_inches": 18.0,
        "operating_pressure_psig": 850.0,
        "pipe_material": "API 5L X52",
        "design_wall_thickness_mm": 11.9,
        "operational_age_years": 10.0,
        "corrosion_rate_mm_per_year": 0.286,
        "thickness_loss_mm": 2.86,
        "remaining_wall_thickness_mm": 9.04,
        "material_loss_percent": 24.0,
        "degradation_condition": "Moderate",
        "failure_probability": 0.1206,
        "failure_probability_percent": 12.1,
        "risk_class": "Low",
        "primary_hazard": "Corrosive Soil & Anoxic Groundwater Degradation",
        "failure_code": "ERR-GEO-CORR-04",
        "diagnostic_message": "KP 18.0: High external corrosion hazard (12.1%) resulting from saturated groundwater (Corrosivity Index 0.621) and anaerobic clay soil. Coating breakdown risk is high.",
        "remediation_plan": "Upgrade Impressed Current Cathodic Protection (ICCP), apply 3LPE coating repair, and conduct smart-pig inline inspection."
      },
      "geometry": {
        "type": "Point",
        "coordinates": [
          6.499485,
          7.531657
        ]
      }
    },
    {
      "type": "Feature",
      "properties": {
        "kp": 19.0,
        "pipeline_id": 3,
        "pipeline_code": "OBJ-LINE",
        "pipeline_name": "Ajaokuta\u2013Obajana Gas Pipeline",
        "latitude": 7.533696,
        "longitude": 6.49065,
        "elevation": 238.0,
        "slope_deg": 11.7,
        "river_proximity_km": 18.31,
        "fault_distance_km": 14.66,
        "soil_type": "Expansive Shale & Rocky Outcrop",
        "soil_risk": 2,
        "flooding_index": 0.112,
        "earthquake_factor": 0.1,
        "erosion_factor": 0.323,
        "landslide_index": 0.621,
        "soil_corrosivity_index": 0.602,
        "hoop_stress_ratio": 0.314,
        "pipe_diameter_inches": 18.0,
        "operating_pressure_psig": 850.0,
        "pipe_material": "API 5L X52",
        "design_wall_thickness_mm": 11.9,
        "operational_age_years": 10.0,
        "corrosion_rate_mm_per_year": 0.285,
        "thickness_loss_mm": 2.85,
        "remaining_wall_thickness_mm": 9.05,
        "material_loss_percent": 23.9,
        "degradation_condition": "Moderate",
        "failure_probability": 0.2071,
        "failure_probability_percent": 20.7,
        "risk_class": "Medium",
        "primary_hazard": "Slope Instability & Landslide Hazard",
        "failure_code": "ERR-GEO-SLOPE-02",
        "diagnostic_message": "KP 19.0: Pipeline elevated failure risk (20.7%) due to steep rocky slope terrain (11.7\u00b0 slope angle, Landslide Index 0.621). Gravitational soil movement risk buckling or un-seating pipe joint welds.",
        "remediation_plan": "Construct slope retaining gabion walls, install strain gauge monitoring sensors, and stabilize right-of-way."
      },
      "geometry": {
        "type": "Point",
        "coordinates": [
          6.49065,
          7.533696
        ]
      }
    },
    {
      "type": "Feature",
      "properties": {
        "kp": 20.0,
        "pipeline_id": 3,
        "pipeline_code": "OBJ-LINE",
        "pipeline_name": "Ajaokuta\u2013Obajana Gas Pipeline",
        "latitude": 7.535735,
        "longitude": 6.481815,
        "elevation": 434.0,
        "slope_deg": 17.27,
        "river_proximity_km": 19.25,
        "fault_distance_km": 15.33,
        "soil_type": "Expansive Shale & Rocky Outcrop",
        "soil_risk": 2,
        "flooding_index": 0.046,
        "earthquake_factor": 0.072,
        "erosion_factor": 0.437,
        "landslide_index": 0.919,
        "soil_corrosivity_index": 0.43,
        "hoop_stress_ratio": 0.314,
        "pipe_diameter_inches": 18.0,
        "operating_pressure_psig": 850.0,
        "pipe_material": "API 5L X52",
        "design_wall_thickness_mm": 11.9,
        "operational_age_years": 10.0,
        "corrosion_rate_mm_per_year": 0.207,
        "thickness_loss_mm": 2.07,
        "remaining_wall_thickness_mm": 9.83,
        "material_loss_percent": 17.4,
        "degradation_condition": "Moderate",
        "failure_probability": 0.2318,
        "failure_probability_percent": 23.2,
        "risk_class": "Medium",
        "primary_hazard": "Slope Instability & Landslide Hazard",
        "failure_code": "ERR-GEO-SLOPE-02",
        "diagnostic_message": "KP 20.0: Pipeline elevated failure risk (23.2%) due to steep rocky slope terrain (17.27\u00b0 slope angle, Landslide Index 0.919). Gravitational soil movement risk buckling or un-seating pipe joint welds.",
        "remediation_plan": "Construct slope retaining gabion walls, install strain gauge monitoring sensors, and stabilize right-of-way."
      },
      "geometry": {
        "type": "Point",
        "coordinates": [
          6.481815,
          7.535735
        ]
      }
    },
    {
      "type": "Feature",
      "properties": {
        "kp": 21.0,
        "pipeline_id": 3,
        "pipeline_code": "OBJ-LINE",
        "pipeline_name": "Ajaokuta\u2013Obajana Gas Pipeline",
        "latitude": 7.537774,
        "longitude": 6.472979,
        "elevation": 549.0,
        "slope_deg": 4.46,
        "river_proximity_km": 20.19,
        "fault_distance_km": 15.43,
        "soil_type": "Expansive Shale & Rocky Outcrop",
        "soil_risk": 2,
        "flooding_index": 0.04,
        "earthquake_factor": 0.065,
        "erosion_factor": 0.155,
        "landslide_index": 0.527,
        "soil_corrosivity_index": 0.43,
        "hoop_stress_ratio": 0.314,
        "pipe_diameter_inches": 18.0,
        "operating_pressure_psig": 850.0,
        "pipe_material": "API 5L X52",
        "design_wall_thickness_mm": 11.9,
        "operational_age_years": 10.0,
        "corrosion_rate_mm_per_year": 0.239,
        "thickness_loss_mm": 2.39,
        "remaining_wall_thickness_mm": 9.51,
        "material_loss_percent": 20.1,
        "degradation_condition": "Moderate",
        "failure_probability": 0.146,
        "failure_probability_percent": 14.6,
        "risk_class": "Low",
        "primary_hazard": "Slope Instability & Landslide Hazard",
        "failure_code": "ERR-GEO-SLOPE-02",
        "diagnostic_message": "KP 21.0: Pipeline elevated failure risk (14.6%) due to steep rocky slope terrain (4.46\u00b0 slope angle, Landslide Index 0.527). Gravitational soil movement risk buckling or un-seating pipe joint welds.",
        "remediation_plan": "Construct slope retaining gabion walls, install strain gauge monitoring sensors, and stabilize right-of-way."
      },
      "geometry": {
        "type": "Point",
        "coordinates": [
          6.472979,
          7.537774
        ]
      }
    },
    {
      "type": "Feature",
      "properties": {
        "kp": 22.0,
        "pipeline_id": 3,
        "pipeline_code": "OBJ-LINE",
        "pipeline_name": "Ajaokuta\u2013Obajana Gas Pipeline",
        "latitude": 7.539813,
        "longitude": 6.464144,
        "elevation": 356.0,
        "slope_deg": 16.96,
        "river_proximity_km": 21.14,
        "fault_distance_km": 16.23,
        "soil_type": "Expansive Shale & Rocky Outcrop",
        "soil_risk": 2,
        "flooding_index": 0.05,
        "earthquake_factor": 0.067,
        "erosion_factor": 0.388,
        "landslide_index": 0.882,
        "soil_corrosivity_index": 0.43,
        "hoop_stress_ratio": 0.314,
        "pipe_diameter_inches": 18.0,
        "operating_pressure_psig": 850.0,
        "pipe_material": "API 5L X52",
        "design_wall_thickness_mm": 11.9,
        "operational_age_years": 10.0,
        "corrosion_rate_mm_per_year": 0.214,
        "thickness_loss_mm": 2.14,
        "remaining_wall_thickness_mm": 9.76,
        "material_loss_percent": 18.0,
        "degradation_condition": "Moderate",
        "failure_probability": 0.222,
        "failure_probability_percent": 22.2,
        "risk_class": "Medium",
        "primary_hazard": "Slope Instability & Landslide Hazard",
        "failure_code": "ERR-GEO-SLOPE-02",
        "diagnostic_message": "KP 22.0: Pipeline elevated failure risk (22.2%) due to steep rocky slope terrain (16.96\u00b0 slope angle, Landslide Index 0.882). Gravitational soil movement risk buckling or un-seating pipe joint welds.",
        "remediation_plan": "Construct slope retaining gabion walls, install strain gauge monitoring sensors, and stabilize right-of-way."
      },
      "geometry": {
        "type": "Point",
        "coordinates": [
          6.464144,
          7.539813
        ]
      }
    },
    {
      "type": "Feature",
      "properties": {
        "kp": 23.0,
        "pipeline_id": 3,
        "pipeline_code": "OBJ-LINE",
        "pipeline_name": "Ajaokuta\u2013Obajana Gas Pipeline",
        "latitude": 7.541852,
        "longitude": 6.455309,
        "elevation": 244.0,
        "slope_deg": 8.19,
        "river_proximity_km": 22.09,
        "fault_distance_km": 16.6,
        "soil_type": "Expansive Shale & Rocky Outcrop",
        "soil_risk": 2,
        "flooding_index": 0.108,
        "earthquake_factor": 0.083,
        "erosion_factor": 0.216,
        "landslide_index": 0.471,
        "soil_corrosivity_index": 0.59,
        "hoop_stress_ratio": 0.314,
        "pipe_diameter_inches": 18.0,
        "operating_pressure_psig": 850.0,
        "pipe_material": "API 5L X52",
        "design_wall_thickness_mm": 11.9,
        "operational_age_years": 10.0,
        "corrosion_rate_mm_per_year": 0.302,
        "thickness_loss_mm": 3.02,
        "remaining_wall_thickness_mm": 8.88,
        "material_loss_percent": 25.4,
        "degradation_condition": "Moderate",
        "failure_probability": 0.1712,
        "failure_probability_percent": 17.1,
        "risk_class": "Low",
        "primary_hazard": "Corrosive Soil & Anoxic Groundwater Degradation",
        "failure_code": "ERR-GEO-CORR-04",
        "diagnostic_message": "KP 23.0: High external corrosion hazard (17.1%) resulting from saturated groundwater (Corrosivity Index 0.59) and anaerobic clay soil. Coating breakdown risk is high.",
        "remediation_plan": "Upgrade Impressed Current Cathodic Protection (ICCP), apply 3LPE coating repair, and conduct smart-pig inline inspection."
      },
      "geometry": {
        "type": "Point",
        "coordinates": [
          6.455309,
          7.541852
        ]
      }
    },
    {
      "type": "Feature",
      "properties": {
        "kp": 24.0,
        "pipeline_id": 3,
        "pipeline_code": "OBJ-LINE",
        "pipeline_name": "Ajaokuta\u2013Obajana Gas Pipeline",
        "latitude": 7.543891,
        "longitude": 6.446473,
        "elevation": 212.0,
        "slope_deg": 2.18,
        "river_proximity_km": 23.05,
        "fault_distance_km": 17.21,
        "soil_type": "Expansive Shale & Rocky Outcrop",
        "soil_risk": 2,
        "flooding_index": 0.125,
        "earthquake_factor": 0.1,
        "erosion_factor": 0.099,
        "landslide_index": 0.25,
        "soil_corrosivity_index": 0.644,
        "hoop_stress_ratio": 0.314,
        "pipe_diameter_inches": 18.0,
        "operating_pressure_psig": 850.0,
        "pipe_material": "API 5L X52",
        "design_wall_thickness_mm": 11.9,
        "operational_age_years": 10.0,
        "corrosion_rate_mm_per_year": 0.317,
        "thickness_loss_mm": 3.17,
        "remaining_wall_thickness_mm": 8.73,
        "material_loss_percent": 26.6,
        "degradation_condition": "Moderate",
        "failure_probability": 0.1375,
        "failure_probability_percent": 13.8,
        "risk_class": "Low",
        "primary_hazard": "Corrosive Soil & Anoxic Groundwater Degradation",
        "failure_code": "ERR-GEO-CORR-04",
        "diagnostic_message": "KP 24.0: High external corrosion hazard (13.8%) resulting from saturated groundwater (Corrosivity Index 0.644) and anaerobic clay soil. Coating breakdown risk is high.",
        "remediation_plan": "Upgrade Impressed Current Cathodic Protection (ICCP), apply 3LPE coating repair, and conduct smart-pig inline inspection."
      },
      "geometry": {
        "type": "Point",
        "coordinates": [
          6.446473,
          7.543891
        ]
      }
    },
    {
      "type": "Feature",
      "properties": {
        "kp": 25.0,
        "pipeline_id": 3,
        "pipeline_code": "OBJ-LINE",
        "pipeline_name": "Ajaokuta\u2013Obajana Gas Pipeline",
        "latitude": 7.54593,
        "longitude": 6.437638,
        "elevation": 206.0,
        "slope_deg": 0.23,
        "river_proximity_km": 24.01,
        "fault_distance_km": 17.58,
        "soil_type": "Expansive Shale & Rocky Outcrop",
        "soil_risk": 2,
        "flooding_index": 0.124,
        "earthquake_factor": 0.063,
        "erosion_factor": 0.064,
        "landslide_index": 0.163,
        "soil_corrosivity_index": 0.654,
        "hoop_stress_ratio": 0.314,
        "pipe_diameter_inches": 18.0,
        "operating_pressure_psig": 850.0,
        "pipe_material": "API 5L X52",
        "design_wall_thickness_mm": 11.9,
        "operational_age_years": 10.0,
        "corrosion_rate_mm_per_year": 0.299,
        "thickness_loss_mm": 2.99,
        "remaining_wall_thickness_mm": 8.91,
        "material_loss_percent": 25.1,
        "degradation_condition": "Moderate",
        "failure_probability": 0.1174,
        "failure_probability_percent": 11.7,
        "risk_class": "Low",
        "primary_hazard": "Corrosive Soil & Anoxic Groundwater Degradation",
        "failure_code": "ERR-GEO-CORR-04",
        "diagnostic_message": "KP 25.0: High external corrosion hazard (11.7%) resulting from saturated groundwater (Corrosivity Index 0.654) and anaerobic clay soil. Coating breakdown risk is high.",
        "remediation_plan": "Upgrade Impressed Current Cathodic Protection (ICCP), apply 3LPE coating repair, and conduct smart-pig inline inspection."
      },
      "geometry": {
        "type": "Point",
        "coordinates": [
          6.437638,
          7.54593
        ]
      }
    },
    {
      "type": "Feature",
      "properties": {
        "kp": 26.0,
        "pipeline_id": 3,
        "pipeline_code": "OBJ-LINE",
        "pipeline_name": "Ajaokuta\u2013Obajana Gas Pipeline",
        "latitude": 7.547969,
        "longitude": 6.428803,
        "elevation": 216.0,
        "slope_deg": 5.32,
        "river_proximity_km": 24.97,
        "fault_distance_km": 18.01,
        "soil_type": "Expansive Shale & Rocky Outcrop",
        "soil_risk": 2,
        "flooding_index": 0.153,
        "earthquake_factor": 0.105,
        "erosion_factor": 0.164,
        "landslide_index": 0.341,
        "soil_corrosivity_index": 0.637,
        "hoop_stress_ratio": 0.314,
        "pipe_diameter_inches": 18.0,
        "operating_pressure_psig": 850.0,
        "pipe_material": "API 5L X52",
        "design_wall_thickness_mm": 11.9,
        "operational_age_years": 10.0,
        "corrosion_rate_mm_per_year": 0.293,
        "thickness_loss_mm": 2.93,
        "remaining_wall_thickness_mm": 8.97,
        "material_loss_percent": 24.6,
        "degradation_condition": "Moderate",
        "failure_probability": 0.1618,
        "failure_probability_percent": 16.2,
        "risk_class": "Low",
        "primary_hazard": "Corrosive Soil & Anoxic Groundwater Degradation",
        "failure_code": "ERR-GEO-CORR-04",
        "diagnostic_message": "KP 26.0: High external corrosion hazard (16.2%) resulting from saturated groundwater (Corrosivity Index 0.637) and anaerobic clay soil. Coating breakdown risk is high.",
        "remediation_plan": "Upgrade Impressed Current Cathodic Protection (ICCP), apply 3LPE coating repair, and conduct smart-pig inline inspection."
      },
      "geometry": {
        "type": "Point",
        "coordinates": [
          6.428803,
          7.547969
        ]
      }
    },
    {
      "type": "Feature",
      "properties": {
        "kp": 27.0,
        "pipeline_id": 3,
        "pipeline_code": "OBJ-LINE",
        "pipeline_name": "Ajaokuta\u2013Obajana Gas Pipeline",
        "latitude": 7.550032,
        "longitude": 6.41999,
        "elevation": 299.0,
        "slope_deg": 0.29,
        "river_proximity_km": 25.94,
        "fault_distance_km": 18.58,
        "soil_type": "Expansive Shale & Rocky Outcrop",
        "soil_risk": 2,
        "flooding_index": 0.073,
        "earthquake_factor": 0.052,
        "erosion_factor": 0.067,
        "landslide_index": 0.209,
        "soil_corrosivity_index": 0.494,
        "hoop_stress_ratio": 0.314,
        "pipe_diameter_inches": 18.0,
        "operating_pressure_psig": 850.0,
        "pipe_material": "API 5L X52",
        "design_wall_thickness_mm": 11.9,
        "operational_age_years": 10.0,
        "corrosion_rate_mm_per_year": 0.25,
        "thickness_loss_mm": 2.5,
        "remaining_wall_thickness_mm": 9.4,
        "material_loss_percent": 21.0,
        "degradation_condition": "Moderate",
        "failure_probability": 0.1001,
        "failure_probability_percent": 10.0,
        "risk_class": "Low",
        "primary_hazard": "Corrosive Soil & Anoxic Groundwater Degradation",
        "failure_code": "ERR-GEO-CORR-04",
        "diagnostic_message": "KP 27.0: High external corrosion hazard (10.0%) resulting from saturated groundwater (Corrosivity Index 0.494) and anaerobic clay soil. Coating breakdown risk is high.",
        "remediation_plan": "Upgrade Impressed Current Cathodic Protection (ICCP), apply 3LPE coating repair, and conduct smart-pig inline inspection."
      },
      "geometry": {
        "type": "Point",
        "coordinates": [
          6.41999,
          7.550032
        ]
      }
    },
    {
      "type": "Feature",
      "properties": {
        "kp": 28.0,
        "pipeline_id": 3,
        "pipeline_code": "OBJ-LINE",
        "pipeline_name": "Ajaokuta\u2013Obajana Gas Pipeline",
        "latitude": 7.558634,
        "longitude": 6.417343,
        "elevation": 211.0,
        "slope_deg": 6.16,
        "river_proximity_km": 26.22,
        "fault_distance_km": 19.95,
        "soil_type": "Expansive Shale & Rocky Outcrop",
        "soil_risk": 2,
        "flooding_index": 0.157,
        "earthquake_factor": 0.054,
        "erosion_factor": 0.139,
        "landslide_index": 0.368,
        "soil_corrosivity_index": 0.645,
        "hoop_stress_ratio": 0.314,
        "pipe_diameter_inches": 18.0,
        "operating_pressure_psig": 850.0,
        "pipe_material": "API 5L X52",
        "design_wall_thickness_mm": 11.9,
        "operational_age_years": 10.0,
        "corrosion_rate_mm_per_year": 0.321,
        "thickness_loss_mm": 3.21,
        "remaining_wall_thickness_mm": 8.69,
        "material_loss_percent": 27.0,
        "degradation_condition": "Moderate",
        "failure_probability": 0.1587,
        "failure_probability_percent": 15.9,
        "risk_class": "Low",
        "primary_hazard": "Corrosive Soil & Anoxic Groundwater Degradation",
        "failure_code": "ERR-GEO-CORR-04",
        "diagnostic_message": "KP 28.0: High external corrosion hazard (15.9%) resulting from saturated groundwater (Corrosivity Index 0.645) and anaerobic clay soil. Coating breakdown risk is high.",
        "remediation_plan": "Upgrade Impressed Current Cathodic Protection (ICCP), apply 3LPE coating repair, and conduct smart-pig inline inspection."
      },
      "geometry": {
        "type": "Point",
        "coordinates": [
          6.417343,
          7.558634
        ]
      }
    },
    {
      "type": "Feature",
      "properties": {
        "kp": 29.0,
        "pipeline_id": 3,
        "pipeline_code": "OBJ-LINE",
        "pipeline_name": "Ajaokuta\u2013Obajana Gas Pipeline",
        "latitude": 7.567236,
        "longitude": 6.414697,
        "elevation": 191.0,
        "slope_deg": 1.2,
        "river_proximity_km": 26.54,
        "fault_distance_km": 21.06,
        "soil_type": "Stable Sandy Loam",
        "soil_risk": 0,
        "flooding_index": 0.165,
        "earthquake_factor": 0.076,
        "erosion_factor": 0.092,
        "landslide_index": 0.171,
        "soil_corrosivity_index": 0.279,
        "hoop_stress_ratio": 0.314,
        "pipe_diameter_inches": 18.0,
        "operating_pressure_psig": 850.0,
        "pipe_material": "API 5L X52",
        "design_wall_thickness_mm": 11.9,
        "operational_age_years": 10.0,
        "corrosion_rate_mm_per_year": 0.183,
        "thickness_loss_mm": 1.83,
        "remaining_wall_thickness_mm": 10.07,
        "material_loss_percent": 15.4,
        "degradation_condition": "Moderate",
        "failure_probability": 0.0969,
        "failure_probability_percent": 9.7,
        "risk_class": "Low",
        "primary_hazard": "Low Geo-Hazard Stress (Nominal Operational)",
        "failure_code": "NOMINAL-00",
        "diagnostic_message": "KP 29.0: Stable terrain conditions (9.7% PoF). Operating within normal design parameters under standard Catholic Protection monitoring.",
        "remediation_plan": "Maintain standard periodic aerial Right-of-Way surveillance and annual CP survey."
      },
      "geometry": {
        "type": "Point",
        "coordinates": [
          6.414697,
          7.567236
        ]
      }
    },
    {
      "type": "Feature",
      "properties": {
        "kp": 30.0,
        "pipeline_id": 3,
        "pipeline_code": "OBJ-LINE",
        "pipeline_name": "Ajaokuta\u2013Obajana Gas Pipeline",
        "latitude": 7.575838,
        "longitude": 6.41205,
        "elevation": 190.0,
        "slope_deg": 1.2,
        "river_proximity_km": 26.89,
        "fault_distance_km": 21.78,
        "soil_type": "Stable Sandy Loam",
        "soil_risk": 0,
        "flooding_index": 0.155,
        "earthquake_factor": 0.069,
        "erosion_factor": 0.05,
        "landslide_index": 0.17,
        "soil_corrosivity_index": 0.281,
        "hoop_stress_ratio": 0.314,
        "pipe_diameter_inches": 18.0,
        "operating_pressure_psig": 850.0,
        "pipe_material": "API 5L X52",
        "design_wall_thickness_mm": 11.9,
        "operational_age_years": 10.0,
        "corrosion_rate_mm_per_year": 0.176,
        "thickness_loss_mm": 1.76,
        "remaining_wall_thickness_mm": 10.14,
        "material_loss_percent": 14.8,
        "degradation_condition": "Normal",
        "failure_probability": 0.0906,
        "failure_probability_percent": 9.1,
        "risk_class": "Low",
        "primary_hazard": "Low Geo-Hazard Stress (Nominal Operational)",
        "failure_code": "NOMINAL-00",
        "diagnostic_message": "KP 30.0: Stable terrain conditions (9.1% PoF). Operating within normal design parameters under standard Catholic Protection monitoring.",
        "remediation_plan": "Maintain standard periodic aerial Right-of-Way surveillance and annual CP survey."
      },
      "geometry": {
        "type": "Point",
        "coordinates": [
          6.41205,
          7.575838
        ]
      }
    },
    {
      "type": "Feature",
      "properties": {
        "kp": 31.0,
        "pipeline_id": 3,
        "pipeline_code": "OBJ-LINE",
        "pipeline_name": "Ajaokuta\u2013Obajana Gas Pipeline",
        "latitude": 7.58444,
        "longitude": 6.409403,
        "elevation": 170.0,
        "slope_deg": 1.95,
        "river_proximity_km": 27.27,
        "fault_distance_km": 22.56,
        "soil_type": "Stable Sandy Loam",
        "soil_risk": 0,
        "flooding_index": 0.186,
        "earthquake_factor": 0.052,
        "erosion_factor": 0.084,
        "landslide_index": 0.191,
        "soil_corrosivity_index": 0.315,
        "hoop_stress_ratio": 0.314,
        "pipe_diameter_inches": 18.0,
        "operating_pressure_psig": 850.0,
        "pipe_material": "API 5L X52",
        "design_wall_thickness_mm": 11.9,
        "operational_age_years": 10.0,
        "corrosion_rate_mm_per_year": 0.174,
        "thickness_loss_mm": 1.74,
        "remaining_wall_thickness_mm": 10.16,
        "material_loss_percent": 14.6,
        "degradation_condition": "Normal",
        "failure_probability": 0.1031,
        "failure_probability_percent": 10.3,
        "risk_class": "Low",
        "primary_hazard": "Low Geo-Hazard Stress (Nominal Operational)",
        "failure_code": "NOMINAL-00",
        "diagnostic_message": "KP 31.0: Stable terrain conditions (10.3% PoF). Operating within normal design parameters under standard Catholic Protection monitoring.",
        "remediation_plan": "Maintain standard periodic aerial Right-of-Way surveillance and annual CP survey."
      },
      "geometry": {
        "type": "Point",
        "coordinates": [
          6.409403,
          7.58444
        ]
      }
    },
    {
      "type": "Feature",
      "properties": {
        "kp": 32.0,
        "pipeline_id": 3,
        "pipeline_code": "OBJ-LINE",
        "pipeline_name": "Ajaokuta\u2013Obajana Gas Pipeline",
        "latitude": 7.593042,
        "longitude": 6.406756,
        "elevation": 156.0,
        "slope_deg": 0.17,
        "river_proximity_km": 27.69,
        "fault_distance_km": 23.93,
        "soil_type": "Stable Sandy Loam",
        "soil_risk": 0,
        "flooding_index": 0.184,
        "earthquake_factor": 0.069,
        "erosion_factor": 0.056,
        "landslide_index": 0.13,
        "soil_corrosivity_index": 0.339,
        "hoop_stress_ratio": 0.314,
        "pipe_diameter_inches": 18.0,
        "operating_pressure_psig": 850.0,
        "pipe_material": "API 5L X52",
        "design_wall_thickness_mm": 11.9,
        "operational_age_years": 10.0,
        "corrosion_rate_mm_per_year": 0.206,
        "thickness_loss_mm": 2.06,
        "remaining_wall_thickness_mm": 9.84,
        "material_loss_percent": 17.3,
        "degradation_condition": "Moderate",
        "failure_probability": 0.0953,
        "failure_probability_percent": 9.5,
        "risk_class": "Low",
        "primary_hazard": "Low Geo-Hazard Stress (Nominal Operational)",
        "failure_code": "NOMINAL-00",
        "diagnostic_message": "KP 32.0: Stable terrain conditions (9.5% PoF). Operating within normal design parameters under standard Catholic Protection monitoring.",
        "remediation_plan": "Maintain standard periodic aerial Right-of-Way surveillance and annual CP survey."
      },
      "geometry": {
        "type": "Point",
        "coordinates": [
          6.406756,
          7.593042
        ]
      }
    },
    {
      "type": "Feature",
      "properties": {
        "kp": 33.0,
        "pipeline_id": 3,
        "pipeline_code": "OBJ-LINE",
        "pipeline_name": "Ajaokuta\u2013Obajana Gas Pipeline",
        "latitude": 7.601644,
        "longitude": 6.404109,
        "elevation": 167.0,
        "slope_deg": 0.92,
        "river_proximity_km": 28.13,
        "fault_distance_km": 24.93,
        "soil_type": "Stable Sandy Loam",
        "soil_risk": 0,
        "flooding_index": 0.168,
        "earthquake_factor": 0.035,
        "erosion_factor": 0.053,
        "landslide_index": 0.163,
        "soil_corrosivity_index": 0.32,
        "hoop_stress_ratio": 0.314,
        "pipe_diameter_inches": 18.0,
        "operating_pressure_psig": 850.0,
        "pipe_material": "API 5L X52",
        "design_wall_thickness_mm": 11.9,
        "operational_age_years": 10.0,
        "corrosion_rate_mm_per_year": 0.164,
        "thickness_loss_mm": 1.64,
        "remaining_wall_thickness_mm": 10.26,
        "material_loss_percent": 13.8,
        "degradation_condition": "Normal",
        "failure_probability": 0.0913,
        "failure_probability_percent": 9.1,
        "risk_class": "Low",
        "primary_hazard": "Low Geo-Hazard Stress (Nominal Operational)",
        "failure_code": "NOMINAL-00",
        "diagnostic_message": "KP 33.0: Stable terrain conditions (9.1% PoF). Operating within normal design parameters under standard Catholic Protection monitoring.",
        "remediation_plan": "Maintain standard periodic aerial Right-of-Way surveillance and annual CP survey."
      },
      "geometry": {
        "type": "Point",
        "coordinates": [
          6.404109,
          7.601644
        ]
      }
    },
    {
      "type": "Feature",
      "properties": {
        "kp": 34.0,
        "pipeline_id": 3,
        "pipeline_code": "OBJ-LINE",
        "pipeline_name": "Ajaokuta\u2013Obajana Gas Pipeline",
        "latitude": 7.610246,
        "longitude": 6.401463,
        "elevation": 172.0,
        "slope_deg": 1.09,
        "river_proximity_km": 28.6,
        "fault_distance_km": 25.78,
        "soil_type": "Stable Sandy Loam",
        "soil_risk": 0,
        "flooding_index": 0.182,
        "earthquake_factor": 0.053,
        "erosion_factor": 0.097,
        "landslide_index": 0.153,
        "soil_corrosivity_index": 0.311,
        "hoop_stress_ratio": 0.314,
        "pipe_diameter_inches": 18.0,
        "operating_pressure_psig": 850.0,
        "pipe_material": "API 5L X52",
        "design_wall_thickness_mm": 11.9,
        "operational_age_years": 10.0,
        "corrosion_rate_mm_per_year": 0.161,
        "thickness_loss_mm": 1.61,
        "remaining_wall_thickness_mm": 10.29,
        "material_loss_percent": 13.5,
        "degradation_condition": "Normal",
        "failure_probability": 0.0975,
        "failure_probability_percent": 9.8,
        "risk_class": "Low",
        "primary_hazard": "Low Geo-Hazard Stress (Nominal Operational)",
        "failure_code": "NOMINAL-00",
        "diagnostic_message": "KP 34.0: Stable terrain conditions (9.8% PoF). Operating within normal design parameters under standard Catholic Protection monitoring.",
        "remediation_plan": "Maintain standard periodic aerial Right-of-Way surveillance and annual CP survey."
      },
      "geometry": {
        "type": "Point",
        "coordinates": [
          6.401463,
          7.610246
        ]
      }
    },
    {
      "type": "Feature",
      "properties": {
        "kp": 35.0,
        "pipeline_id": 3,
        "pipeline_code": "OBJ-LINE",
        "pipeline_name": "Ajaokuta\u2013Obajana Gas Pipeline",
        "latitude": 7.618848,
        "longitude": 6.398816,
        "elevation": 148.0,
        "slope_deg": 1.95,
        "river_proximity_km": 29.1,
        "fault_distance_km": 26.91,
        "soil_type": "Stable Sandy Loam",
        "soil_risk": 0,
        "flooding_index": 0.201,
        "earthquake_factor": 0.072,
        "erosion_factor": 0.087,
        "landslide_index": 0.175,
        "soil_corrosivity_index": 0.352,
        "hoop_stress_ratio": 0.314,
        "pipe_diameter_inches": 18.0,
        "operating_pressure_psig": 850.0,
        "pipe_material": "API 5L X52",
        "design_wall_thickness_mm": 11.9,
        "operational_age_years": 10.0,
        "corrosion_rate_mm_per_year": 0.207,
        "thickness_loss_mm": 2.07,
        "remaining_wall_thickness_mm": 9.83,
        "material_loss_percent": 17.4,
        "degradation_condition": "Moderate",
        "failure_probability": 0.1093,
        "failure_probability_percent": 10.9,
        "risk_class": "Low",
        "primary_hazard": "Low Geo-Hazard Stress (Nominal Operational)",
        "failure_code": "NOMINAL-00",
        "diagnostic_message": "KP 35.0: Stable terrain conditions (10.9% PoF). Operating within normal design parameters under standard Catholic Protection monitoring.",
        "remediation_plan": "Maintain standard periodic aerial Right-of-Way surveillance and annual CP survey."
      },
      "geometry": {
        "type": "Point",
        "coordinates": [
          6.398816,
          7.618848
        ]
      }
    },
    {
      "type": "Feature",
      "properties": {
        "kp": 36.0,
        "pipeline_id": 3,
        "pipeline_code": "OBJ-LINE",
        "pipeline_name": "Ajaokuta\u2013Obajana Gas Pipeline",
        "latitude": 7.62745,
        "longitude": 6.396169,
        "elevation": 138.0,
        "slope_deg": 0.86,
        "river_proximity_km": 29.62,
        "fault_distance_km": 27.94,
        "soil_type": "Stable Sandy Loam",
        "soil_risk": 0,
        "flooding_index": 0.22,
        "earthquake_factor": 0.046,
        "erosion_factor": 0.078,
        "landslide_index": 0.133,
        "soil_corrosivity_index": 0.37,
        "hoop_stress_ratio": 0.314,
        "pipe_diameter_inches": 18.0,
        "operating_pressure_psig": 850.0,
        "pipe_material": "API 5L X52",
        "design_wall_thickness_mm": 11.9,
        "operational_age_years": 10.0,
        "corrosion_rate_mm_per_year": 0.184,
        "thickness_loss_mm": 1.84,
        "remaining_wall_thickness_mm": 10.06,
        "material_loss_percent": 15.5,
        "degradation_condition": "Moderate",
        "failure_probability": 0.1038,
        "failure_probability_percent": 10.4,
        "risk_class": "Low",
        "primary_hazard": "Low Geo-Hazard Stress (Nominal Operational)",
        "failure_code": "NOMINAL-00",
        "diagnostic_message": "KP 36.0: Stable terrain conditions (10.4% PoF). Operating within normal design parameters under standard Catholic Protection monitoring.",
        "remediation_plan": "Maintain standard periodic aerial Right-of-Way surveillance and annual CP survey."
      },
      "geometry": {
        "type": "Point",
        "coordinates": [
          6.396169,
          7.62745
        ]
      }
    },
    {
      "type": "Feature",
      "properties": {
        "kp": 37.0,
        "pipeline_id": 3,
        "pipeline_code": "OBJ-LINE",
        "pipeline_name": "Ajaokuta\u2013Obajana Gas Pipeline",
        "latitude": 7.636052,
        "longitude": 6.393522,
        "elevation": 163.0,
        "slope_deg": 0.34,
        "river_proximity_km": 30.17,
        "fault_distance_km": 29.0,
        "soil_type": "Stable Sandy Loam",
        "soil_risk": 0,
        "flooding_index": 0.167,
        "earthquake_factor": 0.086,
        "erosion_factor": 0.055,
        "landslide_index": 0.122,
        "soil_corrosivity_index": 0.326,
        "hoop_stress_ratio": 0.314,
        "pipe_diameter_inches": 18.0,
        "operating_pressure_psig": 850.0,
        "pipe_material": "API 5L X52",
        "design_wall_thickness_mm": 11.9,
        "operational_age_years": 10.0,
        "corrosion_rate_mm_per_year": 0.186,
        "thickness_loss_mm": 1.86,
        "remaining_wall_thickness_mm": 10.04,
        "material_loss_percent": 15.6,
        "degradation_condition": "Moderate",
        "failure_probability": 0.092,
        "failure_probability_percent": 9.2,
        "risk_class": "Low",
        "primary_hazard": "Low Geo-Hazard Stress (Nominal Operational)",
        "failure_code": "NOMINAL-00",
        "diagnostic_message": "KP 37.0: Stable terrain conditions (9.2% PoF). Operating within normal design parameters under standard Catholic Protection monitoring.",
        "remediation_plan": "Maintain standard periodic aerial Right-of-Way surveillance and annual CP survey."
      },
      "geometry": {
        "type": "Point",
        "coordinates": [
          6.393522,
          7.636052
        ]
      }
    },
    {
      "type": "Feature",
      "properties": {
        "kp": 38.0,
        "pipeline_id": 3,
        "pipeline_code": "OBJ-LINE",
        "pipeline_name": "Ajaokuta\u2013Obajana Gas Pipeline",
        "latitude": 7.644654,
        "longitude": 6.390876,
        "elevation": 144.0,
        "slope_deg": 0.52,
        "river_proximity_km": 30.74,
        "fault_distance_km": 29.97,
        "soil_type": "Stable Sandy Loam",
        "soil_risk": 0,
        "flooding_index": 0.215,
        "earthquake_factor": 0.076,
        "erosion_factor": 0.076,
        "landslide_index": 0.137,
        "soil_corrosivity_index": 0.359,
        "hoop_stress_ratio": 0.314,
        "pipe_diameter_inches": 18.0,
        "operating_pressure_psig": 850.0,
        "pipe_material": "API 5L X52",
        "design_wall_thickness_mm": 11.9,
        "operational_age_years": 10.0,
        "corrosion_rate_mm_per_year": 0.21,
        "thickness_loss_mm": 2.1,
        "remaining_wall_thickness_mm": 9.8,
        "material_loss_percent": 17.6,
        "degradation_condition": "Moderate",
        "failure_probability": 0.1062,
        "failure_probability_percent": 10.6,
        "risk_class": "Low",
        "primary_hazard": "Low Geo-Hazard Stress (Nominal Operational)",
        "failure_code": "NOMINAL-00",
        "diagnostic_message": "KP 38.0: Stable terrain conditions (10.6% PoF). Operating within normal design parameters under standard Catholic Protection monitoring.",
        "remediation_plan": "Maintain standard periodic aerial Right-of-Way surveillance and annual CP survey."
      },
      "geometry": {
        "type": "Point",
        "coordinates": [
          6.390876,
          7.644654
        ]
      }
    },
    {
      "type": "Feature",
      "properties": {
        "kp": 39.0,
        "pipeline_id": 3,
        "pipeline_code": "OBJ-LINE",
        "pipeline_name": "Ajaokuta\u2013Obajana Gas Pipeline",
        "latitude": 7.653257,
        "longitude": 6.388229,
        "elevation": 154.0,
        "slope_deg": 1.66,
        "river_proximity_km": 31.33,
        "fault_distance_km": 30.59,
        "soil_type": "Stable Sandy Loam",
        "soil_risk": 0,
        "flooding_index": 0.193,
        "earthquake_factor": 0.041,
        "erosion_factor": 0.125,
        "landslide_index": 0.196,
        "soil_corrosivity_index": 0.341,
        "hoop_stress_ratio": 0.314,
        "pipe_diameter_inches": 18.0,
        "operating_pressure_psig": 850.0,
        "pipe_material": "API 5L X52",
        "design_wall_thickness_mm": 11.9,
        "operational_age_years": 10.0,
        "corrosion_rate_mm_per_year": 0.171,
        "thickness_loss_mm": 1.71,
        "remaining_wall_thickness_mm": 10.19,
        "material_loss_percent": 14.4,
        "degradation_condition": "Normal",
        "failure_probability": 0.1095,
        "failure_probability_percent": 10.9,
        "risk_class": "Low",
        "primary_hazard": "Low Geo-Hazard Stress (Nominal Operational)",
        "failure_code": "NOMINAL-00",
        "diagnostic_message": "KP 39.0: Stable terrain conditions (10.9% PoF). Operating within normal design parameters under standard Catholic Protection monitoring.",
        "remediation_plan": "Maintain standard periodic aerial Right-of-Way surveillance and annual CP survey."
      },
      "geometry": {
        "type": "Point",
        "coordinates": [
          6.388229,
          7.653257
        ]
      }
    },
    {
      "type": "Feature",
      "properties": {
        "kp": 40.0,
        "pipeline_id": 3,
        "pipeline_code": "OBJ-LINE",
        "pipeline_name": "Ajaokuta\u2013Obajana Gas Pipeline",
        "latitude": 7.661859,
        "longitude": 6.385582,
        "elevation": 173.0,
        "slope_deg": 0.57,
        "river_proximity_km": 31.95,
        "fault_distance_km": 31.86,
        "soil_type": "Stable Sandy Loam",
        "soil_risk": 0,
        "flooding_index": 0.195,
        "earthquake_factor": 0.037,
        "erosion_factor": 0.069,
        "landslide_index": 0.166,
        "soil_corrosivity_index": 0.309,
        "hoop_stress_ratio": 0.314,
        "pipe_diameter_inches": 18.0,
        "operating_pressure_psig": 850.0,
        "pipe_material": "API 5L X52",
        "design_wall_thickness_mm": 11.9,
        "operational_age_years": 10.0,
        "corrosion_rate_mm_per_year": 0.159,
        "thickness_loss_mm": 1.59,
        "remaining_wall_thickness_mm": 10.31,
        "material_loss_percent": 13.4,
        "degradation_condition": "Normal",
        "failure_probability": 0.0971,
        "failure_probability_percent": 9.7,
        "risk_class": "Low",
        "primary_hazard": "Low Geo-Hazard Stress (Nominal Operational)",
        "failure_code": "NOMINAL-00",
        "diagnostic_message": "KP 40.0: Stable terrain conditions (9.7% PoF). Operating within normal design parameters under standard Catholic Protection monitoring.",
        "remediation_plan": "Maintain standard periodic aerial Right-of-Way surveillance and annual CP survey."
      },
      "geometry": {
        "type": "Point",
        "coordinates": [
          6.385582,
          7.661859
        ]
      }
    },
    {
      "type": "Feature",
      "properties": {
        "kp": 41.0,
        "pipeline_id": 3,
        "pipeline_code": "OBJ-LINE",
        "pipeline_name": "Ajaokuta\u2013Obajana Gas Pipeline",
        "latitude": 7.670461,
        "longitude": 6.382935,
        "elevation": 164.0,
        "slope_deg": 1.2,
        "river_proximity_km": 32.58,
        "fault_distance_km": 32.84,
        "soil_type": "Stable Sandy Loam",
        "soil_risk": 0,
        "flooding_index": 0.172,
        "earthquake_factor": 0.081,
        "erosion_factor": 0.114,
        "landslide_index": 0.185,
        "soil_corrosivity_index": 0.324,
        "hoop_stress_ratio": 0.314,
        "pipe_diameter_inches": 18.0,
        "operating_pressure_psig": 850.0,
        "pipe_material": "API 5L X52",
        "design_wall_thickness_mm": 11.9,
        "operational_age_years": 10.0,
        "corrosion_rate_mm_per_year": 0.182,
        "thickness_loss_mm": 1.82,
        "remaining_wall_thickness_mm": 10.08,
        "material_loss_percent": 15.3,
        "degradation_condition": "Moderate",
        "failure_probability": 0.1068,
        "failure_probability_percent": 10.7,
        "risk_class": "Low",
        "primary_hazard": "Low Geo-Hazard Stress (Nominal Operational)",
        "failure_code": "NOMINAL-00",
        "diagnostic_message": "KP 41.0: Stable terrain conditions (10.7% PoF). Operating within normal design parameters under standard Catholic Protection monitoring.",
        "remediation_plan": "Maintain standard periodic aerial Right-of-Way surveillance and annual CP survey."
      },
      "geometry": {
        "type": "Point",
        "coordinates": [
          6.382935,
          7.670461
        ]
      }
    },
    {
      "type": "Feature",
      "properties": {
        "kp": 42.0,
        "pipeline_id": 3,
        "pipeline_code": "OBJ-LINE",
        "pipeline_name": "Ajaokuta\u2013Obajana Gas Pipeline",
        "latitude": 7.679063,
        "longitude": 6.380288,
        "elevation": 152.0,
        "slope_deg": 1.96,
        "river_proximity_km": 33.23,
        "fault_distance_km": 33.94,
        "soil_type": "Stable Sandy Loam",
        "soil_risk": 0,
        "flooding_index": 0.211,
        "earthquake_factor": 0.044,
        "erosion_factor": 0.117,
        "landslide_index": 0.17,
        "soil_corrosivity_index": 0.345,
        "hoop_stress_ratio": 0.314,
        "pipe_diameter_inches": 18.0,
        "operating_pressure_psig": 850.0,
        "pipe_material": "API 5L X52",
        "design_wall_thickness_mm": 11.9,
        "operational_age_years": 10.0,
        "corrosion_rate_mm_per_year": 0.195,
        "thickness_loss_mm": 1.95,
        "remaining_wall_thickness_mm": 9.95,
        "material_loss_percent": 16.4,
        "degradation_condition": "Moderate",
        "failure_probability": 0.1088,
        "failure_probability_percent": 10.9,
        "risk_class": "Low",
        "primary_hazard": "Low Geo-Hazard Stress (Nominal Operational)",
        "failure_code": "NOMINAL-00",
        "diagnostic_message": "KP 42.0: Stable terrain conditions (10.9% PoF). Operating within normal design parameters under standard Catholic Protection monitoring.",
        "remediation_plan": "Maintain standard periodic aerial Right-of-Way surveillance and annual CP survey."
      },
      "geometry": {
        "type": "Point",
        "coordinates": [
          6.380288,
          7.679063
        ]
      }
    },
    {
      "type": "Feature",
      "properties": {
        "kp": 43.0,
        "pipeline_id": 3,
        "pipeline_code": "OBJ-LINE",
        "pipeline_name": "Ajaokuta\u2013Obajana Gas Pipeline",
        "latitude": 7.687993,
        "longitude": 6.380571,
        "elevation": 130.0,
        "slope_deg": 0.86,
        "river_proximity_km": 33.62,
        "fault_distance_km": 34.46,
        "soil_type": "Stable Sandy Loam",
        "soil_risk": 0,
        "flooding_index": 0.197,
        "earthquake_factor": 0.03,
        "erosion_factor": 0.085,
        "landslide_index": 0.127,
        "soil_corrosivity_index": 0.382,
        "hoop_stress_ratio": 0.314,
        "pipe_diameter_inches": 18.0,
        "operating_pressure_psig": 850.0,
        "pipe_material": "API 5L X52",
        "design_wall_thickness_mm": 11.9,
        "operational_age_years": 10.0,
        "corrosion_rate_mm_per_year": 0.214,
        "thickness_loss_mm": 2.14,
        "remaining_wall_thickness_mm": 9.76,
        "material_loss_percent": 18.0,
        "degradation_condition": "Moderate",
        "failure_probability": 0.0986,
        "failure_probability_percent": 9.9,
        "risk_class": "Low",
        "primary_hazard": "Low Geo-Hazard Stress (Nominal Operational)",
        "failure_code": "NOMINAL-00",
        "diagnostic_message": "KP 43.0: Stable terrain conditions (9.9% PoF). Operating within normal design parameters under standard Catholic Protection monitoring.",
        "remediation_plan": "Maintain standard periodic aerial Right-of-Way surveillance and annual CP survey."
      },
      "geometry": {
        "type": "Point",
        "coordinates": [
          6.380571,
          7.687993
        ]
      }
    },
    {
      "type": "Feature",
      "properties": {
        "kp": 44.0,
        "pipeline_id": 3,
        "pipeline_code": "OBJ-LINE",
        "pipeline_name": "Ajaokuta\u2013Obajana Gas Pipeline",
        "latitude": 7.696964,
        "longitude": 6.381212,
        "elevation": 137.0,
        "slope_deg": 1.15,
        "river_proximity_km": 34.0,
        "fault_distance_km": 35.26,
        "soil_type": "Stable Sandy Loam",
        "soil_risk": 0,
        "flooding_index": 0.199,
        "earthquake_factor": 0.056,
        "erosion_factor": 0.098,
        "landslide_index": 0.142,
        "soil_corrosivity_index": 0.37,
        "hoop_stress_ratio": 0.314,
        "pipe_diameter_inches": 18.0,
        "operating_pressure_psig": 850.0,
        "pipe_material": "API 5L X52",
        "design_wall_thickness_mm": 11.9,
        "operational_age_years": 10.0,
        "corrosion_rate_mm_per_year": 0.206,
        "thickness_loss_mm": 2.06,
        "remaining_wall_thickness_mm": 9.84,
        "material_loss_percent": 17.3,
        "degradation_condition": "Moderate",
        "failure_probability": 0.1045,
        "failure_probability_percent": 10.4,
        "risk_class": "Low",
        "primary_hazard": "Low Geo-Hazard Stress (Nominal Operational)",
        "failure_code": "NOMINAL-00",
        "diagnostic_message": "KP 44.0: Stable terrain conditions (10.4% PoF). Operating within normal design parameters under standard Catholic Protection monitoring.",
        "remediation_plan": "Maintain standard periodic aerial Right-of-Way surveillance and annual CP survey."
      },
      "geometry": {
        "type": "Point",
        "coordinates": [
          6.381212,
          7.696964
        ]
      }
    },
    {
      "type": "Feature",
      "properties": {
        "kp": 45.0,
        "pipeline_id": 3,
        "pipeline_code": "OBJ-LINE",
        "pipeline_name": "Ajaokuta\u2013Obajana Gas Pipeline",
        "latitude": 7.705935,
        "longitude": 6.381852,
        "elevation": 150.0,
        "slope_deg": 2.06,
        "river_proximity_km": 34.41,
        "fault_distance_km": 35.84,
        "soil_type": "Stable Sandy Loam",
        "soil_risk": 0,
        "flooding_index": 0.201,
        "earthquake_factor": 0.037,
        "erosion_factor": 0.055,
        "landslide_index": 0.206,
        "soil_corrosivity_index": 0.348,
        "hoop_stress_ratio": 0.314,
        "pipe_diameter_inches": 18.0,
        "operating_pressure_psig": 850.0,
        "pipe_material": "API 5L X52",
        "design_wall_thickness_mm": 11.9,
        "operational_age_years": 10.0,
        "corrosion_rate_mm_per_year": 0.173,
        "thickness_loss_mm": 1.73,
        "remaining_wall_thickness_mm": 10.17,
        "material_loss_percent": 14.5,
        "degradation_condition": "Normal",
        "failure_probability": 0.1064,
        "failure_probability_percent": 10.6,
        "risk_class": "Low",
        "primary_hazard": "Low Geo-Hazard Stress (Nominal Operational)",
        "failure_code": "NOMINAL-00",
        "diagnostic_message": "KP 45.0: Stable terrain conditions (10.6% PoF). Operating within normal design parameters under standard Catholic Protection monitoring.",
        "remediation_plan": "Maintain standard periodic aerial Right-of-Way surveillance and annual CP survey."
      },
      "geometry": {
        "type": "Point",
        "coordinates": [
          6.381852,
          7.705935
        ]
      }
    },
    {
      "type": "Feature",
      "properties": {
        "kp": 46.0,
        "pipeline_id": 3,
        "pipeline_code": "OBJ-LINE",
        "pipeline_name": "Ajaokuta\u2013Obajana Gas Pipeline",
        "latitude": 7.714906,
        "longitude": 6.382493,
        "elevation": 173.0,
        "slope_deg": 0.57,
        "river_proximity_km": 34.84,
        "fault_distance_km": 35.95,
        "soil_type": "Stable Sandy Loam",
        "soil_risk": 0,
        "flooding_index": 0.173,
        "earthquake_factor": 0.08,
        "erosion_factor": 0.087,
        "landslide_index": 0.169,
        "soil_corrosivity_index": 0.308,
        "hoop_stress_ratio": 0.314,
        "pipe_diameter_inches": 18.0,
        "operating_pressure_psig": 850.0,
        "pipe_material": "API 5L X52",
        "design_wall_thickness_mm": 11.9,
        "operational_age_years": 10.0,
        "corrosion_rate_mm_per_year": 0.171,
        "thickness_loss_mm": 1.71,
        "remaining_wall_thickness_mm": 10.19,
        "material_loss_percent": 14.4,
        "degradation_condition": "Normal",
        "failure_probability": 0.1006,
        "failure_probability_percent": 10.1,
        "risk_class": "Low",
        "primary_hazard": "Low Geo-Hazard Stress (Nominal Operational)",
        "failure_code": "NOMINAL-00",
        "diagnostic_message": "KP 46.0: Stable terrain conditions (10.1% PoF). Operating within normal design parameters under standard Catholic Protection monitoring.",
        "remediation_plan": "Maintain standard periodic aerial Right-of-Way surveillance and annual CP survey."
      },
      "geometry": {
        "type": "Point",
        "coordinates": [
          6.382493,
          7.714906
        ]
      }
    },
    {
      "type": "Feature",
      "properties": {
        "kp": 47.0,
        "pipeline_id": 3,
        "pipeline_code": "OBJ-LINE",
        "pipeline_name": "Ajaokuta\u2013Obajana Gas Pipeline",
        "latitude": 7.723876,
        "longitude": 6.383134,
        "elevation": 160.0,
        "slope_deg": 1.26,
        "river_proximity_km": 35.3,
        "fault_distance_km": 36.03,
        "soil_type": "Stable Sandy Loam",
        "soil_risk": 0,
        "flooding_index": 0.18,
        "earthquake_factor": 0.052,
        "erosion_factor": 0.086,
        "landslide_index": 0.182,
        "soil_corrosivity_index": 0.331,
        "hoop_stress_ratio": 0.314,
        "pipe_diameter_inches": 18.0,
        "operating_pressure_psig": 850.0,
        "pipe_material": "API 5L X52",
        "design_wall_thickness_mm": 11.9,
        "operational_age_years": 10.0,
        "corrosion_rate_mm_per_year": 0.205,
        "thickness_loss_mm": 2.05,
        "remaining_wall_thickness_mm": 9.85,
        "material_loss_percent": 17.2,
        "degradation_condition": "Moderate",
        "failure_probability": 0.1022,
        "failure_probability_percent": 10.2,
        "risk_class": "Low",
        "primary_hazard": "Low Geo-Hazard Stress (Nominal Operational)",
        "failure_code": "NOMINAL-00",
        "diagnostic_message": "KP 47.0: Stable terrain conditions (10.2% PoF). Operating within normal design parameters under standard Catholic Protection monitoring.",
        "remediation_plan": "Maintain standard periodic aerial Right-of-Way surveillance and annual CP survey."
      },
      "geometry": {
        "type": "Point",
        "coordinates": [
          6.383134,
          7.723876
        ]
      }
    },
    {
      "type": "Feature",
      "properties": {
        "kp": 48.0,
        "pipeline_id": 3,
        "pipeline_code": "OBJ-LINE",
        "pipeline_name": "Ajaokuta\u2013Obajana Gas Pipeline",
        "latitude": 7.732847,
        "longitude": 6.383775,
        "elevation": 151.0,
        "slope_deg": 0.92,
        "river_proximity_km": 35.77,
        "fault_distance_km": 36.2,
        "soil_type": "Stable Sandy Loam",
        "soil_risk": 0,
        "flooding_index": 0.189,
        "earthquake_factor": 0.049,
        "erosion_factor": 0.088,
        "landslide_index": 0.138,
        "soil_corrosivity_index": 0.346,
        "hoop_stress_ratio": 0.314,
        "pipe_diameter_inches": 18.0,
        "operating_pressure_psig": 850.0,
        "pipe_material": "API 5L X52",
        "design_wall_thickness_mm": 11.9,
        "operational_age_years": 10.0,
        "corrosion_rate_mm_per_year": 0.176,
        "thickness_loss_mm": 1.76,
        "remaining_wall_thickness_mm": 10.14,
        "material_loss_percent": 14.8,
        "degradation_condition": "Normal",
        "failure_probability": 0.0983,
        "failure_probability_percent": 9.8,
        "risk_class": "Low",
        "primary_hazard": "Low Geo-Hazard Stress (Nominal Operational)",
        "failure_code": "NOMINAL-00",
        "diagnostic_message": "KP 48.0: Stable terrain conditions (9.8% PoF). Operating within normal design parameters under standard Catholic Protection monitoring.",
        "remediation_plan": "Maintain standard periodic aerial Right-of-Way surveillance and annual CP survey."
      },
      "geometry": {
        "type": "Point",
        "coordinates": [
          6.383775,
          7.732847
        ]
      }
    },
    {
      "type": "Feature",
      "properties": {
        "kp": 49.0,
        "pipeline_id": 3,
        "pipeline_code": "OBJ-LINE",
        "pipeline_name": "Ajaokuta\u2013Obajana Gas Pipeline",
        "latitude": 7.741818,
        "longitude": 6.384416,
        "elevation": 176.0,
        "slope_deg": 0.23,
        "river_proximity_km": 36.27,
        "fault_distance_km": 36.16,
        "soil_type": "Stable Sandy Loam",
        "soil_risk": 0,
        "flooding_index": 0.158,
        "earthquake_factor": 0.041,
        "erosion_factor": 0.05,
        "landslide_index": 0.12,
        "soil_corrosivity_index": 0.303,
        "hoop_stress_ratio": 0.314,
        "pipe_diameter_inches": 18.0,
        "operating_pressure_psig": 850.0,
        "pipe_material": "API 5L X52",
        "design_wall_thickness_mm": 11.9,
        "operational_age_years": 10.0,
        "corrosion_rate_mm_per_year": 0.156,
        "thickness_loss_mm": 1.56,
        "remaining_wall_thickness_mm": 10.34,
        "material_loss_percent": 13.1,
        "degradation_condition": "Normal",
        "failure_probability": 0.082,
        "failure_probability_percent": 8.2,
        "risk_class": "Low",
        "primary_hazard": "Low Geo-Hazard Stress (Nominal Operational)",
        "failure_code": "NOMINAL-00",
        "diagnostic_message": "KP 49.0: Stable terrain conditions (8.2% PoF). Operating within normal design parameters under standard Catholic Protection monitoring.",
        "remediation_plan": "Maintain standard periodic aerial Right-of-Way surveillance and annual CP survey."
      },
      "geometry": {
        "type": "Point",
        "coordinates": [
          6.384416,
          7.741818
        ]
      }
    },
    {
      "type": "Feature",
      "properties": {
        "kp": 50.0,
        "pipeline_id": 3,
        "pipeline_code": "OBJ-LINE",
        "pipeline_name": "Ajaokuta\u2013Obajana Gas Pipeline",
        "latitude": 7.750789,
        "longitude": 6.385056,
        "elevation": 147.0,
        "slope_deg": 1.6,
        "river_proximity_km": 36.79,
        "fault_distance_km": 36.76,
        "soil_type": "Stable Sandy Loam",
        "soil_risk": 0,
        "flooding_index": 0.193,
        "earthquake_factor": 0.046,
        "erosion_factor": 0.097,
        "landslide_index": 0.161,
        "soil_corrosivity_index": 0.353,
        "hoop_stress_ratio": 0.314,
        "pipe_diameter_inches": 18.0,
        "operating_pressure_psig": 850.0,
        "pipe_material": "API 5L X52",
        "design_wall_thickness_mm": 11.9,
        "operational_age_years": 10.0,
        "corrosion_rate_mm_per_year": 0.212,
        "thickness_loss_mm": 2.12,
        "remaining_wall_thickness_mm": 9.78,
        "material_loss_percent": 17.8,
        "degradation_condition": "Moderate",
        "failure_probability": 0.1035,
        "failure_probability_percent": 10.3,
        "risk_class": "Low",
        "primary_hazard": "Low Geo-Hazard Stress (Nominal Operational)",
        "failure_code": "NOMINAL-00",
        "diagnostic_message": "KP 50.0: Stable terrain conditions (10.3% PoF). Operating within normal design parameters under standard Catholic Protection monitoring.",
        "remediation_plan": "Maintain standard periodic aerial Right-of-Way surveillance and annual CP survey."
      },
      "geometry": {
        "type": "Point",
        "coordinates": [
          6.385056,
          7.750789
        ]
      }
    },
    {
      "type": "Feature",
      "properties": {
        "kp": 51.0,
        "pipeline_id": 3,
        "pipeline_code": "OBJ-LINE",
        "pipeline_name": "Ajaokuta\u2013Obajana Gas Pipeline",
        "latitude": 7.759759,
        "longitude": 6.385697,
        "elevation": 148.0,
        "slope_deg": 0.57,
        "river_proximity_km": 37.33,
        "fault_distance_km": 36.89,
        "soil_type": "Stable Sandy Loam",
        "soil_risk": 0,
        "flooding_index": 0.175,
        "earthquake_factor": 0.048,
        "erosion_factor": 0.092,
        "landslide_index": 0.152,
        "soil_corrosivity_index": 0.351,
        "hoop_stress_ratio": 0.314,
        "pipe_diameter_inches": 18.0,
        "operating_pressure_psig": 850.0,
        "pipe_material": "API 5L X52",
        "design_wall_thickness_mm": 11.9,
        "operational_age_years": 10.0,
        "corrosion_rate_mm_per_year": 0.192,
        "thickness_loss_mm": 1.92,
        "remaining_wall_thickness_mm": 9.98,
        "material_loss_percent": 16.1,
        "degradation_condition": "Moderate",
        "failure_probability": 0.0986,
        "failure_probability_percent": 9.9,
        "risk_class": "Low",
        "primary_hazard": "Low Geo-Hazard Stress (Nominal Operational)",
        "failure_code": "NOMINAL-00",
        "diagnostic_message": "KP 51.0: Stable terrain conditions (9.9% PoF). Operating within normal design parameters under standard Catholic Protection monitoring.",
        "remediation_plan": "Maintain standard periodic aerial Right-of-Way surveillance and annual CP survey."
      },
      "geometry": {
        "type": "Point",
        "coordinates": [
          6.385697,
          7.759759
        ]
      }
    },
    {
      "type": "Feature",
      "properties": {
        "kp": 52.0,
        "pipeline_id": 3,
        "pipeline_code": "OBJ-LINE",
        "pipeline_name": "Ajaokuta\u2013Obajana Gas Pipeline",
        "latitude": 7.76873,
        "longitude": 6.386338,
        "elevation": 157.0,
        "slope_deg": 1.03,
        "river_proximity_km": 37.89,
        "fault_distance_km": 37.07,
        "soil_type": "Stable Sandy Loam",
        "soil_risk": 0,
        "flooding_index": 0.17,
        "earthquake_factor": 0.082,
        "erosion_factor": 0.05,
        "landslide_index": 0.174,
        "soil_corrosivity_index": 0.335,
        "hoop_stress_ratio": 0.314,
        "pipe_diameter_inches": 18.0,
        "operating_pressure_psig": 850.0,
        "pipe_material": "API 5L X52",
        "design_wall_thickness_mm": 11.9,
        "operational_age_years": 10.0,
        "corrosion_rate_mm_per_year": 0.193,
        "thickness_loss_mm": 1.93,
        "remaining_wall_thickness_mm": 9.97,
        "material_loss_percent": 16.2,
        "degradation_condition": "Moderate",
        "failure_probability": 0.1002,
        "failure_probability_percent": 10.0,
        "risk_class": "Low",
        "primary_hazard": "Low Geo-Hazard Stress (Nominal Operational)",
        "failure_code": "NOMINAL-00",
        "diagnostic_message": "KP 52.0: Stable terrain conditions (10.0% PoF). Operating within normal design parameters under standard Catholic Protection monitoring.",
        "remediation_plan": "Maintain standard periodic aerial Right-of-Way surveillance and annual CP survey."
      },
      "geometry": {
        "type": "Point",
        "coordinates": [
          6.386338,
          7.76873
        ]
      }
    },
    {
      "type": "Feature",
      "properties": {
        "kp": 53.0,
        "pipeline_id": 3,
        "pipeline_code": "OBJ-LINE",
        "pipeline_name": "Ajaokuta\u2013Obajana Gas Pipeline",
        "latitude": 7.777701,
        "longitude": 6.386979,
        "elevation": 166.0,
        "slope_deg": 0.23,
        "river_proximity_km": 38.46,
        "fault_distance_km": 37.36,
        "soil_type": "Stable Sandy Loam",
        "soil_risk": 0,
        "flooding_index": 0.178,
        "earthquake_factor": 0.036,
        "erosion_factor": 0.05,
        "landslide_index": 0.121,
        "soil_corrosivity_index": 0.32,
        "hoop_stress_ratio": 0.314,
        "pipe_diameter_inches": 18.0,
        "operating_pressure_psig": 850.0,
        "pipe_material": "API 5L X52",
        "design_wall_thickness_mm": 11.9,
        "operational_age_years": 10.0,
        "corrosion_rate_mm_per_year": 0.169,
        "thickness_loss_mm": 1.69,
        "remaining_wall_thickness_mm": 10.21,
        "material_loss_percent": 14.2,
        "degradation_condition": "Normal",
        "failure_probability": 0.0865,
        "failure_probability_percent": 8.6,
        "risk_class": "Low",
        "primary_hazard": "Low Geo-Hazard Stress (Nominal Operational)",
        "failure_code": "NOMINAL-00",
        "diagnostic_message": "KP 53.0: Stable terrain conditions (8.6% PoF). Operating within normal design parameters under standard Catholic Protection monitoring.",
        "remediation_plan": "Maintain standard periodic aerial Right-of-Way surveillance and annual CP survey."
      },
      "geometry": {
        "type": "Point",
        "coordinates": [
          6.386979,
          7.777701
        ]
      }
    },
    {
      "type": "Feature",
      "properties": {
        "kp": 54.0,
        "pipeline_id": 3,
        "pipeline_code": "OBJ-LINE",
        "pipeline_name": "Ajaokuta\u2013Obajana Gas Pipeline",
        "latitude": 7.786672,
        "longitude": 6.387619,
        "elevation": 153.0,
        "slope_deg": 0.23,
        "river_proximity_km": 39.05,
        "fault_distance_km": 37.79,
        "soil_type": "Stable Sandy Loam",
        "soil_risk": 0,
        "flooding_index": 0.182,
        "earthquake_factor": 0.03,
        "erosion_factor": 0.092,
        "landslide_index": 0.14,
        "soil_corrosivity_index": 0.342,
        "hoop_stress_ratio": 0.314,
        "pipe_diameter_inches": 18.0,
        "operating_pressure_psig": 850.0,
        "pipe_material": "API 5L X52",
        "design_wall_thickness_mm": 11.9,
        "operational_age_years": 10.0,
        "corrosion_rate_mm_per_year": 0.207,
        "thickness_loss_mm": 2.07,
        "remaining_wall_thickness_mm": 9.83,
        "material_loss_percent": 17.4,
        "degradation_condition": "Moderate",
        "failure_probability": 0.095,
        "failure_probability_percent": 9.5,
        "risk_class": "Low",
        "primary_hazard": "Low Geo-Hazard Stress (Nominal Operational)",
        "failure_code": "NOMINAL-00",
        "diagnostic_message": "KP 54.0: Stable terrain conditions (9.5% PoF). Operating within normal design parameters under standard Catholic Protection monitoring.",
        "remediation_plan": "Maintain standard periodic aerial Right-of-Way surveillance and annual CP survey."
      },
      "geometry": {
        "type": "Point",
        "coordinates": [
          6.387619,
          7.786672
        ]
      }
    },
    {
      "type": "Feature",
      "properties": {
        "kp": 55.0,
        "pipeline_id": 3,
        "pipeline_code": "OBJ-LINE",
        "pipeline_name": "Ajaokuta\u2013Obajana Gas Pipeline",
        "latitude": 7.795643,
        "longitude": 6.38826,
        "elevation": 170.0,
        "slope_deg": 0.57,
        "river_proximity_km": 39.66,
        "fault_distance_km": 38.27,
        "soil_type": "Stable Sandy Loam",
        "soil_risk": 0,
        "flooding_index": 0.156,
        "earthquake_factor": 0.046,
        "erosion_factor": 0.082,
        "landslide_index": 0.155,
        "soil_corrosivity_index": 0.313,
        "hoop_stress_ratio": 0.314,
        "pipe_diameter_inches": 18.0,
        "operating_pressure_psig": 850.0,
        "pipe_material": "API 5L X52",
        "design_wall_thickness_mm": 11.9,
        "operational_age_years": 10.0,
        "corrosion_rate_mm_per_year": 0.165,
        "thickness_loss_mm": 1.65,
        "remaining_wall_thickness_mm": 10.25,
        "material_loss_percent": 13.9,
        "degradation_condition": "Normal",
        "failure_probability": 0.0913,
        "failure_probability_percent": 9.1,
        "risk_class": "Low",
        "primary_hazard": "Low Geo-Hazard Stress (Nominal Operational)",
        "failure_code": "NOMINAL-00",
        "diagnostic_message": "KP 55.0: Stable terrain conditions (9.1% PoF). Operating within normal design parameters under standard Catholic Protection monitoring.",
        "remediation_plan": "Maintain standard periodic aerial Right-of-Way surveillance and annual CP survey."
      },
      "geometry": {
        "type": "Point",
        "coordinates": [
          6.38826,
          7.795643
        ]
      }
    },
    {
      "type": "Feature",
      "properties": {
        "kp": 56.0,
        "pipeline_id": 3,
        "pipeline_code": "OBJ-LINE",
        "pipeline_name": "Ajaokuta\u2013Obajana Gas Pipeline",
        "latitude": 7.804613,
        "longitude": 6.388901,
        "elevation": 163.0,
        "slope_deg": 1.09,
        "river_proximity_km": 40.29,
        "fault_distance_km": 38.54,
        "soil_type": "Stable Sandy Loam",
        "soil_risk": 0,
        "flooding_index": 0.165,
        "earthquake_factor": 0.035,
        "erosion_factor": 0.074,
        "landslide_index": 0.166,
        "soil_corrosivity_index": 0.325,
        "hoop_stress_ratio": 0.314,
        "pipe_diameter_inches": 18.0,
        "operating_pressure_psig": 850.0,
        "pipe_material": "API 5L X52",
        "design_wall_thickness_mm": 11.9,
        "operational_age_years": 10.0,
        "corrosion_rate_mm_per_year": 0.187,
        "thickness_loss_mm": 1.87,
        "remaining_wall_thickness_mm": 10.03,
        "material_loss_percent": 15.7,
        "degradation_condition": "Moderate",
        "failure_probability": 0.0935,
        "failure_probability_percent": 9.3,
        "risk_class": "Low",
        "primary_hazard": "Low Geo-Hazard Stress (Nominal Operational)",
        "failure_code": "NOMINAL-00",
        "diagnostic_message": "KP 56.0: Stable terrain conditions (9.3% PoF). Operating within normal design parameters under standard Catholic Protection monitoring.",
        "remediation_plan": "Maintain standard periodic aerial Right-of-Way surveillance and annual CP survey."
      },
      "geometry": {
        "type": "Point",
        "coordinates": [
          6.388901,
          7.804613
        ]
      }
    },
    {
      "type": "Feature",
      "properties": {
        "kp": 57.0,
        "pipeline_id": 3,
        "pipeline_code": "OBJ-LINE",
        "pipeline_name": "Ajaokuta\u2013Obajana Gas Pipeline",
        "latitude": 7.813584,
        "longitude": 6.389542,
        "elevation": 151.0,
        "slope_deg": 0.23,
        "river_proximity_km": 40.92,
        "fault_distance_km": 38.5,
        "soil_type": "Stable Sandy Loam",
        "soil_risk": 0,
        "flooding_index": 0.21,
        "earthquake_factor": 0.038,
        "erosion_factor": 0.05,
        "landslide_index": 0.139,
        "soil_corrosivity_index": 0.346,
        "hoop_stress_ratio": 0.314,
        "pipe_diameter_inches": 18.0,
        "operating_pressure_psig": 850.0,
        "pipe_material": "API 5L X52",
        "design_wall_thickness_mm": 11.9,
        "operational_age_years": 10.0,
        "corrosion_rate_mm_per_year": 0.21,
        "thickness_loss_mm": 2.1,
        "remaining_wall_thickness_mm": 9.8,
        "material_loss_percent": 17.6,
        "degradation_condition": "Moderate",
        "failure_probability": 0.0974,
        "failure_probability_percent": 9.7,
        "risk_class": "Low",
        "primary_hazard": "Low Geo-Hazard Stress (Nominal Operational)",
        "failure_code": "NOMINAL-00",
        "diagnostic_message": "KP 57.0: Stable terrain conditions (9.7% PoF). Operating within normal design parameters under standard Catholic Protection monitoring.",
        "remediation_plan": "Maintain standard periodic aerial Right-of-Way surveillance and annual CP survey."
      },
      "geometry": {
        "type": "Point",
        "coordinates": [
          6.389542,
          7.813584
        ]
      }
    },
    {
      "type": "Feature",
      "properties": {
        "kp": 58.0,
        "pipeline_id": 3,
        "pipeline_code": "OBJ-LINE",
        "pipeline_name": "Ajaokuta\u2013Obajana Gas Pipeline",
        "latitude": 7.822319,
        "longitude": 6.391098,
        "elevation": 167.0,
        "slope_deg": 0.34,
        "river_proximity_km": 41.49,
        "fault_distance_km": 39.28,
        "soil_type": "Stable Sandy Loam",
        "soil_risk": 0,
        "flooding_index": 0.19,
        "earthquake_factor": 0.061,
        "erosion_factor": 0.06,
        "landslide_index": 0.121,
        "soil_corrosivity_index": 0.318,
        "hoop_stress_ratio": 0.314,
        "pipe_diameter_inches": 18.0,
        "operating_pressure_psig": 850.0,
        "pipe_material": "API 5L X52",
        "design_wall_thickness_mm": 11.9,
        "operational_age_years": 10.0,
        "corrosion_rate_mm_per_year": 0.177,
        "thickness_loss_mm": 1.77,
        "remaining_wall_thickness_mm": 10.13,
        "material_loss_percent": 14.9,
        "degradation_condition": "Normal",
        "failure_probability": 0.0925,
        "failure_probability_percent": 9.2,
        "risk_class": "Low",
        "primary_hazard": "Low Geo-Hazard Stress (Nominal Operational)",
        "failure_code": "NOMINAL-00",
        "diagnostic_message": "KP 58.0: Stable terrain conditions (9.2% PoF). Operating within normal design parameters under standard Catholic Protection monitoring.",
        "remediation_plan": "Maintain standard periodic aerial Right-of-Way surveillance and annual CP survey."
      },
      "geometry": {
        "type": "Point",
        "coordinates": [
          6.391098,
          7.822319
        ]
      }
    },
    {
      "type": "Feature",
      "properties": {
        "kp": 59.0,
        "pipeline_id": 3,
        "pipeline_code": "OBJ-LINE",
        "pipeline_name": "Ajaokuta\u2013Obajana Gas Pipeline",
        "latitude": 7.83046,
        "longitude": 6.394955,
        "elevation": 157.0,
        "slope_deg": 0.34,
        "river_proximity_km": 41.85,
        "fault_distance_km": 39.07,
        "soil_type": "Stable Sandy Loam",
        "soil_risk": 0,
        "flooding_index": 0.173,
        "earthquake_factor": 0.065,
        "erosion_factor": 0.056,
        "landslide_index": 0.114,
        "soil_corrosivity_index": 0.335,
        "hoop_stress_ratio": 0.314,
        "pipe_diameter_inches": 18.0,
        "operating_pressure_psig": 850.0,
        "pipe_material": "API 5L X52",
        "design_wall_thickness_mm": 11.9,
        "operational_age_years": 10.0,
        "corrosion_rate_mm_per_year": 0.176,
        "thickness_loss_mm": 1.76,
        "remaining_wall_thickness_mm": 10.14,
        "material_loss_percent": 14.8,
        "degradation_condition": "Normal",
        "failure_probability": 0.0901,
        "failure_probability_percent": 9.0,
        "risk_class": "Low",
        "primary_hazard": "Low Geo-Hazard Stress (Nominal Operational)",
        "failure_code": "NOMINAL-00",
        "diagnostic_message": "KP 59.0: Stable terrain conditions (9.0% PoF). Operating within normal design parameters under standard Catholic Protection monitoring.",
        "remediation_plan": "Maintain standard periodic aerial Right-of-Way surveillance and annual CP survey."
      },
      "geometry": {
        "type": "Point",
        "coordinates": [
          6.394955,
          7.83046
        ]
      }
    },
    {
      "type": "Feature",
      "properties": {
        "kp": 60.0,
        "pipeline_id": 3,
        "pipeline_code": "OBJ-LINE",
        "pipeline_name": "Ajaokuta\u2013Obajana Gas Pipeline",
        "latitude": 7.838602,
        "longitude": 6.398811,
        "elevation": 161.0,
        "slope_deg": 0.57,
        "river_proximity_km": 42.22,
        "fault_distance_km": 39.37,
        "soil_type": "Stable Sandy Loam",
        "soil_risk": 0,
        "flooding_index": 0.159,
        "earthquake_factor": 0.072,
        "erosion_factor": 0.06,
        "landslide_index": 0.141,
        "soil_corrosivity_index": 0.328,
        "hoop_stress_ratio": 0.314,
        "pipe_diameter_inches": 18.0,
        "operating_pressure_psig": 850.0,
        "pipe_material": "API 5L X52",
        "design_wall_thickness_mm": 11.9,
        "operational_age_years": 10.0,
        "corrosion_rate_mm_per_year": 0.188,
        "thickness_loss_mm": 1.88,
        "remaining_wall_thickness_mm": 10.02,
        "material_loss_percent": 15.8,
        "degradation_condition": "Moderate",
        "failure_probability": 0.0923,
        "failure_probability_percent": 9.2,
        "risk_class": "Low",
        "primary_hazard": "Low Geo-Hazard Stress (Nominal Operational)",
        "failure_code": "NOMINAL-00",
        "diagnostic_message": "KP 60.0: Stable terrain conditions (9.2% PoF). Operating within normal design parameters under standard Catholic Protection monitoring.",
        "remediation_plan": "Maintain standard periodic aerial Right-of-Way surveillance and annual CP survey."
      },
      "geometry": {
        "type": "Point",
        "coordinates": [
          6.398811,
          7.838602
        ]
      }
    },
    {
      "type": "Feature",
      "properties": {
        "kp": 61.0,
        "pipeline_id": 3,
        "pipeline_code": "OBJ-LINE",
        "pipeline_name": "Ajaokuta\u2013Obajana Gas Pipeline",
        "latitude": 7.846743,
        "longitude": 6.402668,
        "elevation": 167.0,
        "slope_deg": 1.03,
        "river_proximity_km": 42.62,
        "fault_distance_km": 39.59,
        "soil_type": "Stable Sandy Loam",
        "soil_risk": 0,
        "flooding_index": 0.167,
        "earthquake_factor": 0.062,
        "erosion_factor": 0.075,
        "landslide_index": 0.154,
        "soil_corrosivity_index": 0.318,
        "hoop_stress_ratio": 0.314,
        "pipe_diameter_inches": 18.0,
        "operating_pressure_psig": 850.0,
        "pipe_material": "API 5L X52",
        "design_wall_thickness_mm": 11.9,
        "operational_age_years": 10.0,
        "corrosion_rate_mm_per_year": 0.196,
        "thickness_loss_mm": 1.96,
        "remaining_wall_thickness_mm": 9.94,
        "material_loss_percent": 16.5,
        "degradation_condition": "Moderate",
        "failure_probability": 0.0949,
        "failure_probability_percent": 9.5,
        "risk_class": "Low",
        "primary_hazard": "Low Geo-Hazard Stress (Nominal Operational)",
        "failure_code": "NOMINAL-00",
        "diagnostic_message": "KP 61.0: Stable terrain conditions (9.5% PoF). Operating within normal design parameters under standard Catholic Protection monitoring.",
        "remediation_plan": "Maintain standard periodic aerial Right-of-Way surveillance and annual CP survey."
      },
      "geometry": {
        "type": "Point",
        "coordinates": [
          6.402668,
          7.846743
        ]
      }
    },
    {
      "type": "Feature",
      "properties": {
        "kp": 62.0,
        "pipeline_id": 3,
        "pipeline_code": "OBJ-LINE",
        "pipeline_name": "Ajaokuta\u2013Obajana Gas Pipeline",
        "latitude": 7.854885,
        "longitude": 6.406524,
        "elevation": 179.0,
        "slope_deg": 1.6,
        "river_proximity_km": 43.04,
        "fault_distance_km": 39.73,
        "soil_type": "Stable Sandy Loam",
        "soil_risk": 0,
        "flooding_index": 0.17,
        "earthquake_factor": 0.072,
        "erosion_factor": 0.111,
        "landslide_index": 0.2,
        "soil_corrosivity_index": 0.297,
        "hoop_stress_ratio": 0.314,
        "pipe_diameter_inches": 18.0,
        "operating_pressure_psig": 850.0,
        "pipe_material": "API 5L X52",
        "design_wall_thickness_mm": 11.9,
        "operational_age_years": 10.0,
        "corrosion_rate_mm_per_year": 0.186,
        "thickness_loss_mm": 1.86,
        "remaining_wall_thickness_mm": 10.04,
        "material_loss_percent": 15.6,
        "degradation_condition": "Moderate",
        "failure_probability": 0.1049,
        "failure_probability_percent": 10.5,
        "risk_class": "Low",
        "primary_hazard": "Low Geo-Hazard Stress (Nominal Operational)",
        "failure_code": "NOMINAL-00",
        "diagnostic_message": "KP 62.0: Stable terrain conditions (10.5% PoF). Operating within normal design parameters under standard Catholic Protection monitoring.",
        "remediation_plan": "Maintain standard periodic aerial Right-of-Way surveillance and annual CP survey."
      },
      "geometry": {
        "type": "Point",
        "coordinates": [
          6.406524,
          7.854885
        ]
      }
    },
    {
      "type": "Feature",
      "properties": {
        "kp": 63.0,
        "pipeline_id": 3,
        "pipeline_code": "OBJ-LINE",
        "pipeline_name": "Ajaokuta\u2013Obajana Gas Pipeline",
        "latitude": 7.863026,
        "longitude": 6.410381,
        "elevation": 195.0,
        "slope_deg": 1.03,
        "river_proximity_km": 43.48,
        "fault_distance_km": 39.86,
        "soil_type": "Stable Sandy Loam",
        "soil_risk": 0,
        "flooding_index": 0.155,
        "earthquake_factor": 0.058,
        "erosion_factor": 0.09,
        "landslide_index": 0.167,
        "soil_corrosivity_index": 0.27,
        "hoop_stress_ratio": 0.314,
        "pipe_diameter_inches": 18.0,
        "operating_pressure_psig": 850.0,
        "pipe_material": "API 5L X52",
        "design_wall_thickness_mm": 11.9,
        "operational_age_years": 10.0,
        "corrosion_rate_mm_per_year": 0.178,
        "thickness_loss_mm": 1.78,
        "remaining_wall_thickness_mm": 10.12,
        "material_loss_percent": 15.0,
        "degradation_condition": "Moderate",
        "failure_probability": 0.0913,
        "failure_probability_percent": 9.1,
        "risk_class": "Low",
        "primary_hazard": "Low Geo-Hazard Stress (Nominal Operational)",
        "failure_code": "NOMINAL-00",
        "diagnostic_message": "KP 63.0: Stable terrain conditions (9.1% PoF). Operating within normal design parameters under standard Catholic Protection monitoring.",
        "remediation_plan": "Maintain standard periodic aerial Right-of-Way surveillance and annual CP survey."
      },
      "geometry": {
        "type": "Point",
        "coordinates": [
          6.410381,
          7.863026
        ]
      }
    },
    {
      "type": "Feature",
      "properties": {
        "kp": 64.0,
        "pipeline_id": 3,
        "pipeline_code": "OBJ-LINE",
        "pipeline_name": "Ajaokuta\u2013Obajana Gas Pipeline",
        "latitude": 7.871168,
        "longitude": 6.414237,
        "elevation": 197.0,
        "slope_deg": 1.6,
        "river_proximity_km": 43.66,
        "fault_distance_km": 40.17,
        "soil_type": "Stable Sandy Loam",
        "soil_risk": 0,
        "flooding_index": 0.12,
        "earthquake_factor": 0.071,
        "erosion_factor": 0.051,
        "landslide_index": 0.197,
        "soil_corrosivity_index": 0.266,
        "hoop_stress_ratio": 0.314,
        "pipe_diameter_inches": 18.0,
        "operating_pressure_psig": 850.0,
        "pipe_material": "API 5L X52",
        "design_wall_thickness_mm": 11.9,
        "operational_age_years": 10.0,
        "corrosion_rate_mm_per_year": 0.171,
        "thickness_loss_mm": 1.71,
        "remaining_wall_thickness_mm": 10.19,
        "material_loss_percent": 14.4,
        "degradation_condition": "Normal",
        "failure_probability": 0.0875,
        "failure_probability_percent": 8.8,
        "risk_class": "Low",
        "primary_hazard": "Low Geo-Hazard Stress (Nominal Operational)",
        "failure_code": "NOMINAL-00",
        "diagnostic_message": "KP 64.0: Stable terrain conditions (8.8% PoF). Operating within normal design parameters under standard Catholic Protection monitoring.",
        "remediation_plan": "Maintain standard periodic aerial Right-of-Way surveillance and annual CP survey."
      },
      "geometry": {
        "type": "Point",
        "coordinates": [
          6.414237,
          7.871168
        ]
      }
    },
    {
      "type": "Feature",
      "properties": {
        "kp": 65.0,
        "pipeline_id": 3,
        "pipeline_code": "OBJ-LINE",
        "pipeline_name": "Ajaokuta\u2013Obajana Gas Pipeline",
        "latitude": 7.879309,
        "longitude": 6.418094,
        "elevation": 223.0,
        "slope_deg": 3.38,
        "river_proximity_km": 43.63,
        "fault_distance_km": 39.98,
        "soil_type": "Expansive Shale & Rocky Outcrop",
        "soil_risk": 2,
        "flooding_index": 0.134,
        "earthquake_factor": 0.071,
        "erosion_factor": 0.117,
        "landslide_index": 0.266,
        "soil_corrosivity_index": 0.622,
        "hoop_stress_ratio": 0.314,
        "pipe_diameter_inches": 18.0,
        "operating_pressure_psig": 850.0,
        "pipe_material": "API 5L X52",
        "design_wall_thickness_mm": 11.9,
        "operational_age_years": 10.0,
        "corrosion_rate_mm_per_year": 0.288,
        "thickness_loss_mm": 2.88,
        "remaining_wall_thickness_mm": 9.02,
        "material_loss_percent": 24.2,
        "degradation_condition": "Moderate",
        "failure_probability": 0.1375,
        "failure_probability_percent": 13.8,
        "risk_class": "Low",
        "primary_hazard": "Corrosive Soil & Anoxic Groundwater Degradation",
        "failure_code": "ERR-GEO-CORR-04",
        "diagnostic_message": "KP 65.0: High external corrosion hazard (13.8%) resulting from saturated groundwater (Corrosivity Index 0.622) and anaerobic clay soil. Coating breakdown risk is high.",
        "remediation_plan": "Upgrade Impressed Current Cathodic Protection (ICCP), apply 3LPE coating repair, and conduct smart-pig inline inspection."
      },
      "geometry": {
        "type": "Point",
        "coordinates": [
          6.418094,
          7.879309
        ]
      }
    },
    {
      "type": "Feature",
      "properties": {
        "kp": 66.0,
        "pipeline_id": 3,
        "pipeline_code": "OBJ-LINE",
        "pipeline_name": "Ajaokuta\u2013Obajana Gas Pipeline",
        "latitude": 7.887451,
        "longitude": 6.42195,
        "elevation": 256.0,
        "slope_deg": 0.17,
        "river_proximity_km": 43.62,
        "fault_distance_km": 40.51,
        "soil_type": "Expansive Shale & Rocky Outcrop",
        "soil_risk": 2,
        "flooding_index": 0.109,
        "earthquake_factor": 0.059,
        "erosion_factor": 0.05,
        "landslide_index": 0.192,
        "soil_corrosivity_index": 0.565,
        "hoop_stress_ratio": 0.314,
        "pipe_diameter_inches": 18.0,
        "operating_pressure_psig": 850.0,
        "pipe_material": "API 5L X52",
        "design_wall_thickness_mm": 11.9,
        "operational_age_years": 10.0,
        "corrosion_rate_mm_per_year": 0.276,
        "thickness_loss_mm": 2.76,
        "remaining_wall_thickness_mm": 9.14,
        "material_loss_percent": 23.2,
        "degradation_condition": "Moderate",
        "failure_probability": 0.1095,
        "failure_probability_percent": 10.9,
        "risk_class": "Low",
        "primary_hazard": "Corrosive Soil & Anoxic Groundwater Degradation",
        "failure_code": "ERR-GEO-CORR-04",
        "diagnostic_message": "KP 66.0: High external corrosion hazard (10.9%) resulting from saturated groundwater (Corrosivity Index 0.565) and anaerobic clay soil. Coating breakdown risk is high.",
        "remediation_plan": "Upgrade Impressed Current Cathodic Protection (ICCP), apply 3LPE coating repair, and conduct smart-pig inline inspection."
      },
      "geometry": {
        "type": "Point",
        "coordinates": [
          6.42195,
          7.887451
        ]
      }
    },
    {
      "type": "Feature",
      "properties": {
        "kp": 67.0,
        "pipeline_id": 3,
        "pipeline_code": "OBJ-LINE",
        "pipeline_name": "Ajaokuta\u2013Obajana Gas Pipeline",
        "latitude": 7.895592,
        "longitude": 6.425807,
        "elevation": 220.0,
        "slope_deg": 2.58,
        "river_proximity_km": 43.63,
        "fault_distance_km": 40.89,
        "soil_type": "Expansive Shale & Rocky Outcrop",
        "soil_risk": 2,
        "flooding_index": 0.101,
        "earthquake_factor": 0.066,
        "erosion_factor": 0.104,
        "landslide_index": 0.273,
        "soil_corrosivity_index": 0.627,
        "hoop_stress_ratio": 0.314,
        "pipe_diameter_inches": 18.0,
        "operating_pressure_psig": 850.0,
        "pipe_material": "API 5L X52",
        "design_wall_thickness_mm": 11.9,
        "operational_age_years": 10.0,
        "corrosion_rate_mm_per_year": 0.292,
        "thickness_loss_mm": 2.92,
        "remaining_wall_thickness_mm": 8.98,
        "material_loss_percent": 24.5,
        "degradation_condition": "Moderate",
        "failure_probability": 0.1314,
        "failure_probability_percent": 13.1,
        "risk_class": "Low",
        "primary_hazard": "Corrosive Soil & Anoxic Groundwater Degradation",
        "failure_code": "ERR-GEO-CORR-04",
        "diagnostic_message": "KP 67.0: High external corrosion hazard (13.1%) resulting from saturated groundwater (Corrosivity Index 0.627) and anaerobic clay soil. Coating breakdown risk is high.",
        "remediation_plan": "Upgrade Impressed Current Cathodic Protection (ICCP), apply 3LPE coating repair, and conduct smart-pig inline inspection."
      },
      "geometry": {
        "type": "Point",
        "coordinates": [
          6.425807,
          7.895592
        ]
      }
    },
    {
      "type": "Feature",
      "properties": {
        "kp": 68.0,
        "pipeline_id": 3,
        "pipeline_code": "OBJ-LINE",
        "pipeline_name": "Ajaokuta\u2013Obajana Gas Pipeline",
        "latitude": 7.903734,
        "longitude": 6.429663,
        "elevation": 211.0,
        "slope_deg": 0.92,
        "river_proximity_km": 43.67,
        "fault_distance_km": 41.11,
        "soil_type": "Expansive Shale & Rocky Outcrop",
        "soil_risk": 2,
        "flooding_index": 0.152,
        "earthquake_factor": 0.03,
        "erosion_factor": 0.102,
        "landslide_index": 0.194,
        "soil_corrosivity_index": 0.642,
        "hoop_stress_ratio": 0.314,
        "pipe_diameter_inches": 18.0,
        "operating_pressure_psig": 850.0,
        "pipe_material": "API 5L X52",
        "design_wall_thickness_mm": 11.9,
        "operational_age_years": 10.0,
        "corrosion_rate_mm_per_year": 0.287,
        "thickness_loss_mm": 2.87,
        "remaining_wall_thickness_mm": 9.03,
        "material_loss_percent": 24.1,
        "degradation_condition": "Moderate",
        "failure_probability": 0.1251,
        "failure_probability_percent": 12.5,
        "risk_class": "Low",
        "primary_hazard": "Corrosive Soil & Anoxic Groundwater Degradation",
        "failure_code": "ERR-GEO-CORR-04",
        "diagnostic_message": "KP 68.0: High external corrosion hazard (12.5%) resulting from saturated groundwater (Corrosivity Index 0.642) and anaerobic clay soil. Coating breakdown risk is high.",
        "remediation_plan": "Upgrade Impressed Current Cathodic Protection (ICCP), apply 3LPE coating repair, and conduct smart-pig inline inspection."
      },
      "geometry": {
        "type": "Point",
        "coordinates": [
          6.429663,
          7.903734
        ]
      }
    },
    {
      "type": "Feature",
      "properties": {
        "kp": 69.0,
        "pipeline_id": 3,
        "pipeline_code": "OBJ-LINE",
        "pipeline_name": "Ajaokuta\u2013Obajana Gas Pipeline",
        "latitude": 7.911875,
        "longitude": 6.43352,
        "elevation": 204.0,
        "slope_deg": 2.39,
        "river_proximity_km": 43.73,
        "fault_distance_km": 41.23,
        "soil_type": "Expansive Shale & Rocky Outcrop",
        "soil_risk": 2,
        "flooding_index": 0.147,
        "earthquake_factor": 0.03,
        "erosion_factor": 0.103,
        "landslide_index": 0.231,
        "soil_corrosivity_index": 0.654,
        "hoop_stress_ratio": 0.314,
        "pipe_diameter_inches": 18.0,
        "operating_pressure_psig": 850.0,
        "pipe_material": "API 5L X52",
        "design_wall_thickness_mm": 11.9,
        "operational_age_years": 10.0,
        "corrosion_rate_mm_per_year": 0.313,
        "thickness_loss_mm": 3.13,
        "remaining_wall_thickness_mm": 8.77,
        "material_loss_percent": 26.3,
        "degradation_condition": "Moderate",
        "failure_probability": 0.1309,
        "failure_probability_percent": 13.1,
        "risk_class": "Low",
        "primary_hazard": "Corrosive Soil & Anoxic Groundwater Degradation",
        "failure_code": "ERR-GEO-CORR-04",
        "diagnostic_message": "KP 69.0: High external corrosion hazard (13.1%) resulting from saturated groundwater (Corrosivity Index 0.654) and anaerobic clay soil. Coating breakdown risk is high.",
        "remediation_plan": "Upgrade Impressed Current Cathodic Protection (ICCP), apply 3LPE coating repair, and conduct smart-pig inline inspection."
      },
      "geometry": {
        "type": "Point",
        "coordinates": [
          6.43352,
          7.911875
        ]
      }
    },
    {
      "type": "Feature",
      "properties": {
        "kp": 69.4,
        "pipeline_id": 3,
        "pipeline_code": "OBJ-LINE",
        "pipeline_name": "Ajaokuta\u2013Obajana Gas Pipeline",
        "latitude": 7.915,
        "longitude": 6.435,
        "elevation": 195.0,
        "slope_deg": 5.14,
        "river_proximity_km": 43.76,
        "fault_distance_km": 41.21,
        "soil_type": "Stable Sandy Loam",
        "soil_risk": 0,
        "flooding_index": 0.164,
        "earthquake_factor": 0.079,
        "erosion_factor": 0.189,
        "landslide_index": 0.345,
        "soil_corrosivity_index": 0.27,
        "hoop_stress_ratio": 0.314,
        "pipe_diameter_inches": 18.0,
        "operating_pressure_psig": 850.0,
        "pipe_material": "API 5L X52",
        "design_wall_thickness_mm": 11.9,
        "operational_age_years": 10.0,
        "corrosion_rate_mm_per_year": 0.148,
        "thickness_loss_mm": 1.48,
        "remaining_wall_thickness_mm": 10.42,
        "material_loss_percent": 12.4,
        "degradation_condition": "Normal",
        "failure_probability": 0.1311,
        "failure_probability_percent": 13.1,
        "risk_class": "Low",
        "primary_hazard": "Low Geo-Hazard Stress (Nominal Operational)",
        "failure_code": "NOMINAL-00",
        "diagnostic_message": "KP 69.4: Stable terrain conditions (13.1% PoF). Operating within normal design parameters under standard Catholic Protection monitoring.",
        "remediation_plan": "Maintain standard periodic aerial Right-of-Way surveillance and annual CP survey."
      },
      "geometry": {
        "type": "Point",
        "coordinates": [
          6.435,
          7.915
        ]
      }
    },
    {
      "type": "Feature",
      "properties": {
        "kp": 0.0,
        "pipeline_id": 4,
        "pipeline_code": "OBN-AJA",
        "pipeline_name": "Oben\u2013Ajaokuta Gas Trunk Line (Western Line)",
        "latitude": 6.15,
        "longitude": 6.02,
        "elevation": 107.0,
        "slope_deg": 0.63,
        "river_proximity_km": 163.08,
        "fault_distance_km": 148.91,
        "soil_type": "Stable Sandy Loam",
        "soil_risk": 0,
        "flooding_index": 0.199,
        "earthquake_factor": 0.03,
        "erosion_factor": 0.05,
        "landslide_index": 0.11,
        "soil_corrosivity_index": 0.418,
        "hoop_stress_ratio": 0.354,
        "pipe_diameter_inches": 24.0,
        "operating_pressure_psig": 1200.0,
        "pipe_material": "API 5L X65",
        "design_wall_thickness_mm": 15.9,
        "operational_age_years": 16.0,
        "corrosion_rate_mm_per_year": 0.23,
        "thickness_loss_mm": 3.68,
        "remaining_wall_thickness_mm": 12.22,
        "material_loss_percent": 23.1,
        "degradation_condition": "Moderate",
        "failure_probability": 0.098,
        "failure_probability_percent": 9.8,
        "risk_class": "Low",
        "primary_hazard": "Low Geo-Hazard Stress (Nominal Operational)",
        "failure_code": "NOMINAL-00",
        "diagnostic_message": "KP 0.0: Stable terrain conditions (9.8% PoF). Operating within normal design parameters under standard Catholic Protection monitoring.",
        "remediation_plan": "Maintain standard periodic aerial Right-of-Way surveillance and annual CP survey."
      },
      "geometry": {
        "type": "Point",
        "coordinates": [
          6.02,
          6.15
        ]
      }
    },
    {
      "type": "Feature",
      "properties": {
        "kp": 1.0,
        "pipeline_id": 4,
        "pipeline_code": "OBN-AJA",
        "pipeline_name": "Oben\u2013Ajaokuta Gas Trunk Line (Western Line)",
        "latitude": 6.157946,
        "longitude": 6.024238,
        "elevation": 118.0,
        "slope_deg": 0.4,
        "river_proximity_km": 162.08,
        "fault_distance_km": 147.87,
        "soil_type": "Stable Sandy Loam",
        "soil_risk": 0,
        "flooding_index": 0.209,
        "earthquake_factor": 0.03,
        "erosion_factor": 0.09,
        "landslide_index": 0.106,
        "soil_corrosivity_index": 0.399,
        "hoop_stress_ratio": 0.354,
        "pipe_diameter_inches": 24.0,
        "operating_pressure_psig": 1200.0,
        "pipe_material": "API 5L X65",
        "design_wall_thickness_mm": 15.9,
        "operational_age_years": 16.0,
        "corrosion_rate_mm_per_year": 0.21,
        "thickness_loss_mm": 3.36,
        "remaining_wall_thickness_mm": 12.54,
        "material_loss_percent": 21.1,
        "degradation_condition": "Moderate",
        "failure_probability": 0.101,
        "failure_probability_percent": 10.1,
        "risk_class": "Low",
        "primary_hazard": "Low Geo-Hazard Stress (Nominal Operational)",
        "failure_code": "NOMINAL-00",
        "diagnostic_message": "KP 1.0: Stable terrain conditions (10.1% PoF). Operating within normal design parameters under standard Catholic Protection monitoring.",
        "remediation_plan": "Maintain standard periodic aerial Right-of-Way surveillance and annual CP survey."
      },
      "geometry": {
        "type": "Point",
        "coordinates": [
          6.024238,
          6.157946
        ]
      }
    },
    {
      "type": "Feature",
      "properties": {
        "kp": 2.0,
        "pipeline_id": 4,
        "pipeline_code": "OBN-AJA",
        "pipeline_name": "Oben\u2013Ajaokuta Gas Trunk Line (Western Line)",
        "latitude": 6.165892,
        "longitude": 6.028476,
        "elevation": 114.0,
        "slope_deg": 0.4,
        "river_proximity_km": 161.08,
        "fault_distance_km": 146.57,
        "soil_type": "Stable Sandy Loam",
        "soil_risk": 0,
        "flooding_index": 0.23,
        "earthquake_factor": 0.047,
        "erosion_factor": 0.05,
        "landslide_index": 0.09,
        "soil_corrosivity_index": 0.406,
        "hoop_stress_ratio": 0.354,
        "pipe_diameter_inches": 24.0,
        "operating_pressure_psig": 1200.0,
        "pipe_material": "API 5L X65",
        "design_wall_thickness_mm": 15.9,
        "operational_age_years": 16.0,
        "corrosion_rate_mm_per_year": 0.221,
        "thickness_loss_mm": 3.54,
        "remaining_wall_thickness_mm": 12.36,
        "material_loss_percent": 22.3,
        "degradation_condition": "Moderate",
        "failure_probability": 0.1015,
        "failure_probability_percent": 10.2,
        "risk_class": "Low",
        "primary_hazard": "Low Geo-Hazard Stress (Nominal Operational)",
        "failure_code": "NOMINAL-00",
        "diagnostic_message": "KP 2.0: Stable terrain conditions (10.2% PoF). Operating within normal design parameters under standard Catholic Protection monitoring.",
        "remediation_plan": "Maintain standard periodic aerial Right-of-Way surveillance and annual CP survey."
      },
      "geometry": {
        "type": "Point",
        "coordinates": [
          6.028476,
          6.165892
        ]
      }
    },
    {
      "type": "Feature",
      "properties": {
        "kp": 3.0,
        "pipeline_id": 4,
        "pipeline_code": "OBN-AJA",
        "pipeline_name": "Oben\u2013Ajaokuta Gas Trunk Line (Western Line)",
        "latitude": 6.173837,
        "longitude": 6.032713,
        "elevation": 111.0,
        "slope_deg": 0.23,
        "river_proximity_km": 160.08,
        "fault_distance_km": 145.87,
        "soil_type": "Stable Sandy Loam",
        "soil_risk": 0,
        "flooding_index": 0.207,
        "earthquake_factor": 0.063,
        "erosion_factor": 0.05,
        "landslide_index": 0.095,
        "soil_corrosivity_index": 0.411,
        "hoop_stress_ratio": 0.354,
        "pipe_diameter_inches": 24.0,
        "operating_pressure_psig": 1200.0,
        "pipe_material": "API 5L X65",
        "design_wall_thickness_mm": 15.9,
        "operational_age_years": 16.0,
        "corrosion_rate_mm_per_year": 0.234,
        "thickness_loss_mm": 3.74,
        "remaining_wall_thickness_mm": 12.16,
        "material_loss_percent": 23.5,
        "degradation_condition": "Moderate",
        "failure_probability": 0.1007,
        "failure_probability_percent": 10.1,
        "risk_class": "Low",
        "primary_hazard": "Low Geo-Hazard Stress (Nominal Operational)",
        "failure_code": "NOMINAL-00",
        "diagnostic_message": "KP 3.0: Stable terrain conditions (10.1% PoF). Operating within normal design parameters under standard Catholic Protection monitoring.",
        "remediation_plan": "Maintain standard periodic aerial Right-of-Way surveillance and annual CP survey."
      },
      "geometry": {
        "type": "Point",
        "coordinates": [
          6.032713,
          6.173837
        ]
      }
    },
    {
      "type": "Feature",
      "properties": {
        "kp": 4.0,
        "pipeline_id": 4,
        "pipeline_code": "OBN-AJA",
        "pipeline_name": "Oben\u2013Ajaokuta Gas Trunk Line (Western Line)",
        "latitude": 6.181783,
        "longitude": 6.036951,
        "elevation": 118.0,
        "slope_deg": 0.4,
        "river_proximity_km": 159.08,
        "fault_distance_km": 144.74,
        "soil_type": "Stable Sandy Loam",
        "soil_risk": 0,
        "flooding_index": 0.218,
        "earthquake_factor": 0.03,
        "erosion_factor": 0.05,
        "landslide_index": 0.128,
        "soil_corrosivity_index": 0.399,
        "hoop_stress_ratio": 0.354,
        "pipe_diameter_inches": 24.0,
        "operating_pressure_psig": 1200.0,
        "pipe_material": "API 5L X65",
        "design_wall_thickness_mm": 15.9,
        "operational_age_years": 16.0,
        "corrosion_rate_mm_per_year": 0.208,
        "thickness_loss_mm": 3.33,
        "remaining_wall_thickness_mm": 12.57,
        "material_loss_percent": 20.9,
        "degradation_condition": "Moderate",
        "failure_probability": 0.1024,
        "failure_probability_percent": 10.2,
        "risk_class": "Low",
        "primary_hazard": "Low Geo-Hazard Stress (Nominal Operational)",
        "failure_code": "NOMINAL-00",
        "diagnostic_message": "KP 4.0: Stable terrain conditions (10.2% PoF). Operating within normal design parameters under standard Catholic Protection monitoring.",
        "remediation_plan": "Maintain standard periodic aerial Right-of-Way surveillance and annual CP survey."
      },
      "geometry": {
        "type": "Point",
        "coordinates": [
          6.036951,
          6.181783
        ]
      }
    },
    {
      "type": "Feature",
      "properties": {
        "kp": 5.0,
        "pipeline_id": 4,
        "pipeline_code": "OBN-AJA",
        "pipeline_name": "Oben\u2013Ajaokuta Gas Trunk Line (Western Line)",
        "latitude": 6.189729,
        "longitude": 6.041189,
        "elevation": 104.0,
        "slope_deg": 0.23,
        "river_proximity_km": 158.08,
        "fault_distance_km": 144.03,
        "soil_type": "Stable Sandy Loam",
        "soil_risk": 0,
        "flooding_index": 0.212,
        "earthquake_factor": 0.03,
        "erosion_factor": 0.05,
        "landslide_index": 0.1,
        "soil_corrosivity_index": 0.423,
        "hoop_stress_ratio": 0.354,
        "pipe_diameter_inches": 24.0,
        "operating_pressure_psig": 1200.0,
        "pipe_material": "API 5L X65",
        "design_wall_thickness_mm": 15.9,
        "operational_age_years": 16.0,
        "corrosion_rate_mm_per_year": 0.215,
        "thickness_loss_mm": 3.44,
        "remaining_wall_thickness_mm": 12.46,
        "material_loss_percent": 21.6,
        "degradation_condition": "Moderate",
        "failure_probability": 0.0992,
        "failure_probability_percent": 9.9,
        "risk_class": "Low",
        "primary_hazard": "Low Geo-Hazard Stress (Nominal Operational)",
        "failure_code": "NOMINAL-00",
        "diagnostic_message": "KP 5.0: Stable terrain conditions (9.9% PoF). Operating within normal design parameters under standard Catholic Protection monitoring.",
        "remediation_plan": "Maintain standard periodic aerial Right-of-Way surveillance and annual CP survey."
      },
      "geometry": {
        "type": "Point",
        "coordinates": [
          6.041189,
          6.189729
        ]
      }
    },
    {
      "type": "Feature",
      "properties": {
        "kp": 6.0,
        "pipeline_id": 4,
        "pipeline_code": "OBN-AJA",
        "pipeline_name": "Oben\u2013Ajaokuta Gas Trunk Line (Western Line)",
        "latitude": 6.197675,
        "longitude": 6.045427,
        "elevation": 122.0,
        "slope_deg": 1.72,
        "river_proximity_km": 157.08,
        "fault_distance_km": 143.02,
        "soil_type": "Stable Sandy Loam",
        "soil_risk": 0,
        "flooding_index": 0.206,
        "earthquake_factor": 0.064,
        "erosion_factor": 0.052,
        "landslide_index": 0.175,
        "soil_corrosivity_index": 0.392,
        "hoop_stress_ratio": 0.354,
        "pipe_diameter_inches": 24.0,
        "operating_pressure_psig": 1200.0,
        "pipe_material": "API 5L X65",
        "design_wall_thickness_mm": 15.9,
        "operational_age_years": 16.0,
        "corrosion_rate_mm_per_year": 0.22,
        "thickness_loss_mm": 3.52,
        "remaining_wall_thickness_mm": 12.38,
        "material_loss_percent": 22.1,
        "degradation_condition": "Moderate",
        "failure_probability": 0.1114,
        "failure_probability_percent": 11.1,
        "risk_class": "Low",
        "primary_hazard": "Low Geo-Hazard Stress (Nominal Operational)",
        "failure_code": "NOMINAL-00",
        "diagnostic_message": "KP 6.0: Stable terrain conditions (11.1% PoF). Operating within normal design parameters under standard Catholic Protection monitoring.",
        "remediation_plan": "Maintain standard periodic aerial Right-of-Way surveillance and annual CP survey."
      },
      "geometry": {
        "type": "Point",
        "coordinates": [
          6.045427,
          6.197675
        ]
      }
    },
    {
      "type": "Feature",
      "properties": {
        "kp": 7.0,
        "pipeline_id": 4,
        "pipeline_code": "OBN-AJA",
        "pipeline_name": "Oben\u2013Ajaokuta Gas Trunk Line (Western Line)",
        "latitude": 6.205621,
        "longitude": 6.049664,
        "elevation": 134.0,
        "slope_deg": 0.92,
        "river_proximity_km": 156.08,
        "fault_distance_km": 141.97,
        "soil_type": "Stable Sandy Loam",
        "soil_risk": 0,
        "flooding_index": 0.213,
        "earthquake_factor": 0.052,
        "erosion_factor": 0.071,
        "landslide_index": 0.123,
        "soil_corrosivity_index": 0.371,
        "hoop_stress_ratio": 0.354,
        "pipe_diameter_inches": 24.0,
        "operating_pressure_psig": 1200.0,
        "pipe_material": "API 5L X65",
        "design_wall_thickness_mm": 15.9,
        "operational_age_years": 16.0,
        "corrosion_rate_mm_per_year": 0.182,
        "thickness_loss_mm": 2.91,
        "remaining_wall_thickness_mm": 12.99,
        "material_loss_percent": 18.3,
        "degradation_condition": "Moderate",
        "failure_probability": 0.1029,
        "failure_probability_percent": 10.3,
        "risk_class": "Low",
        "primary_hazard": "Low Geo-Hazard Stress (Nominal Operational)",
        "failure_code": "NOMINAL-00",
        "diagnostic_message": "KP 7.0: Stable terrain conditions (10.3% PoF). Operating within normal design parameters under standard Catholic Protection monitoring.",
        "remediation_plan": "Maintain standard periodic aerial Right-of-Way surveillance and annual CP survey."
      },
      "geometry": {
        "type": "Point",
        "coordinates": [
          6.049664,
          6.205621
        ]
      }
    },
    {
      "type": "Feature",
      "properties": {
        "kp": 8.0,
        "pipeline_id": 4,
        "pipeline_code": "OBN-AJA",
        "pipeline_name": "Oben\u2013Ajaokuta Gas Trunk Line (Western Line)",
        "latitude": 6.213566,
        "longitude": 6.053902,
        "elevation": 138.0,
        "slope_deg": 0.34,
        "river_proximity_km": 155.08,
        "fault_distance_km": 141.07,
        "soil_type": "Stable Sandy Loam",
        "soil_risk": 0,
        "flooding_index": 0.197,
        "earthquake_factor": 0.054,
        "erosion_factor": 0.05,
        "landslide_index": 0.104,
        "soil_corrosivity_index": 0.365,
        "hoop_stress_ratio": 0.354,
        "pipe_diameter_inches": 24.0,
        "operating_pressure_psig": 1200.0,
        "pipe_material": "API 5L X65",
        "design_wall_thickness_mm": 15.9,
        "operational_age_years": 16.0,
        "corrosion_rate_mm_per_year": 0.184,
        "thickness_loss_mm": 2.94,
        "remaining_wall_thickness_mm": 12.96,
        "material_loss_percent": 18.5,
        "degradation_condition": "Moderate",
        "failure_probability": 0.095,
        "failure_probability_percent": 9.5,
        "risk_class": "Low",
        "primary_hazard": "Low Geo-Hazard Stress (Nominal Operational)",
        "failure_code": "NOMINAL-00",
        "diagnostic_message": "KP 8.0: Stable terrain conditions (9.5% PoF). Operating within normal design parameters under standard Catholic Protection monitoring.",
        "remediation_plan": "Maintain standard periodic aerial Right-of-Way surveillance and annual CP survey."
      },
      "geometry": {
        "type": "Point",
        "coordinates": [
          6.053902,
          6.213566
        ]
      }
    },
    {
      "type": "Feature",
      "properties": {
        "kp": 9.0,
        "pipeline_id": 4,
        "pipeline_code": "OBN-AJA",
        "pipeline_name": "Oben\u2013Ajaokuta Gas Trunk Line (Western Line)",
        "latitude": 6.221512,
        "longitude": 6.05814,
        "elevation": 140.0,
        "slope_deg": 0.23,
        "river_proximity_km": 154.08,
        "fault_distance_km": 139.94,
        "soil_type": "Stable Sandy Loam",
        "soil_risk": 0,
        "flooding_index": 0.186,
        "earthquake_factor": 0.03,
        "erosion_factor": 0.05,
        "landslide_index": 0.099,
        "soil_corrosivity_index": 0.361,
        "hoop_stress_ratio": 0.354,
        "pipe_diameter_inches": 24.0,
        "operating_pressure_psig": 1200.0,
        "pipe_material": "API 5L X65",
        "design_wall_thickness_mm": 15.9,
        "operational_age_years": 16.0,
        "corrosion_rate_mm_per_year": 0.2,
        "thickness_loss_mm": 3.2,
        "remaining_wall_thickness_mm": 12.7,
        "material_loss_percent": 20.1,
        "degradation_condition": "Moderate",
        "failure_probability": 0.0889,
        "failure_probability_percent": 8.9,
        "risk_class": "Low",
        "primary_hazard": "Low Geo-Hazard Stress (Nominal Operational)",
        "failure_code": "NOMINAL-00",
        "diagnostic_message": "KP 9.0: Stable terrain conditions (8.9% PoF). Operating within normal design parameters under standard Catholic Protection monitoring.",
        "remediation_plan": "Maintain standard periodic aerial Right-of-Way surveillance and annual CP survey."
      },
      "geometry": {
        "type": "Point",
        "coordinates": [
          6.05814,
          6.221512
        ]
      }
    },
    {
      "type": "Feature",
      "properties": {
        "kp": 10.0,
        "pipeline_id": 4,
        "pipeline_code": "OBN-AJA",
        "pipeline_name": "Oben\u2013Ajaokuta Gas Trunk Line (Western Line)",
        "latitude": 6.229458,
        "longitude": 6.062378,
        "elevation": 142.0,
        "slope_deg": 0.23,
        "river_proximity_km": 153.08,
        "fault_distance_km": 138.7,
        "soil_type": "Stable Sandy Loam",
        "soil_risk": 0,
        "flooding_index": 0.202,
        "earthquake_factor": 0.03,
        "erosion_factor": 0.05,
        "landslide_index": 0.098,
        "soil_corrosivity_index": 0.358,
        "hoop_stress_ratio": 0.354,
        "pipe_diameter_inches": 24.0,
        "operating_pressure_psig": 1200.0,
        "pipe_material": "API 5L X65",
        "design_wall_thickness_mm": 15.9,
        "operational_age_years": 16.0,
        "corrosion_rate_mm_per_year": 0.179,
        "thickness_loss_mm": 2.86,
        "remaining_wall_thickness_mm": 13.04,
        "material_loss_percent": 18.0,
        "degradation_condition": "Moderate",
        "failure_probability": 0.0913,
        "failure_probability_percent": 9.1,
        "risk_class": "Low",
        "primary_hazard": "Low Geo-Hazard Stress (Nominal Operational)",
        "failure_code": "NOMINAL-00",
        "diagnostic_message": "KP 10.0: Stable terrain conditions (9.1% PoF). Operating within normal design parameters under standard Catholic Protection monitoring.",
        "remediation_plan": "Maintain standard periodic aerial Right-of-Way surveillance and annual CP survey."
      },
      "geometry": {
        "type": "Point",
        "coordinates": [
          6.062378,
          6.229458
        ]
      }
    },
    {
      "type": "Feature",
      "properties": {
        "kp": 11.0,
        "pipeline_id": 4,
        "pipeline_code": "OBN-AJA",
        "pipeline_name": "Oben\u2013Ajaokuta Gas Trunk Line (Western Line)",
        "latitude": 6.237404,
        "longitude": 6.066615,
        "elevation": 144.0,
        "slope_deg": 0.17,
        "river_proximity_km": 152.08,
        "fault_distance_km": 137.78,
        "soil_type": "Stable Sandy Loam",
        "soil_risk": 0,
        "flooding_index": 0.185,
        "earthquake_factor": 0.042,
        "erosion_factor": 0.05,
        "landslide_index": 0.124,
        "soil_corrosivity_index": 0.355,
        "hoop_stress_ratio": 0.354,
        "pipe_diameter_inches": 24.0,
        "operating_pressure_psig": 1200.0,
        "pipe_material": "API 5L X65",
        "design_wall_thickness_mm": 15.9,
        "operational_age_years": 16.0,
        "corrosion_rate_mm_per_year": 0.209,
        "thickness_loss_mm": 3.34,
        "remaining_wall_thickness_mm": 12.56,
        "material_loss_percent": 21.0,
        "degradation_condition": "Moderate",
        "failure_probability": 0.0935,
        "failure_probability_percent": 9.3,
        "risk_class": "Low",
        "primary_hazard": "Low Geo-Hazard Stress (Nominal Operational)",
        "failure_code": "NOMINAL-00",
        "diagnostic_message": "KP 11.0: Stable terrain conditions (9.3% PoF). Operating within normal design parameters under standard Catholic Protection monitoring.",
        "remediation_plan": "Maintain standard periodic aerial Right-of-Way surveillance and annual CP survey."
      },
      "geometry": {
        "type": "Point",
        "coordinates": [
          6.066615,
          6.237404
        ]
      }
    },
    {
      "type": "Feature",
      "properties": {
        "kp": 12.0,
        "pipeline_id": 4,
        "pipeline_code": "OBN-AJA",
        "pipeline_name": "Oben\u2013Ajaokuta Gas Trunk Line (Western Line)",
        "latitude": 6.24535,
        "longitude": 6.070853,
        "elevation": 145.0,
        "slope_deg": 0.34,
        "river_proximity_km": 151.08,
        "fault_distance_km": 137.02,
        "soil_type": "Stable Sandy Loam",
        "soil_risk": 0,
        "flooding_index": 0.162,
        "earthquake_factor": 0.035,
        "erosion_factor": 0.05,
        "landslide_index": 0.113,
        "soil_corrosivity_index": 0.353,
        "hoop_stress_ratio": 0.354,
        "pipe_diameter_inches": 24.0,
        "operating_pressure_psig": 1200.0,
        "pipe_material": "API 5L X65",
        "design_wall_thickness_mm": 15.9,
        "operational_age_years": 16.0,
        "corrosion_rate_mm_per_year": 0.214,
        "thickness_loss_mm": 3.42,
        "remaining_wall_thickness_mm": 12.48,
        "material_loss_percent": 21.5,
        "degradation_condition": "Moderate",
        "failure_probability": 0.0867,
        "failure_probability_percent": 8.7,
        "risk_class": "Low",
        "primary_hazard": "Low Geo-Hazard Stress (Nominal Operational)",
        "failure_code": "NOMINAL-00",
        "diagnostic_message": "KP 12.0: Stable terrain conditions (8.7% PoF). Operating within normal design parameters under standard Catholic Protection monitoring.",
        "remediation_plan": "Maintain standard periodic aerial Right-of-Way surveillance and annual CP survey."
      },
      "geometry": {
        "type": "Point",
        "coordinates": [
          6.070853,
          6.24535
        ]
      }
    },
    {
      "type": "Feature",
      "properties": {
        "kp": 13.0,
        "pipeline_id": 4,
        "pipeline_code": "OBN-AJA",
        "pipeline_name": "Oben\u2013Ajaokuta Gas Trunk Line (Western Line)",
        "latitude": 6.253295,
        "longitude": 6.075091,
        "elevation": 150.0,
        "slope_deg": 0.34,
        "river_proximity_km": 150.09,
        "fault_distance_km": 135.65,
        "soil_type": "Stable Sandy Loam",
        "soil_risk": 0,
        "flooding_index": 0.18,
        "earthquake_factor": 0.043,
        "erosion_factor": 0.066,
        "landslide_index": 0.129,
        "soil_corrosivity_index": 0.344,
        "hoop_stress_ratio": 0.354,
        "pipe_diameter_inches": 24.0,
        "operating_pressure_psig": 1200.0,
        "pipe_material": "API 5L X65",
        "design_wall_thickness_mm": 15.9,
        "operational_age_years": 16.0,
        "corrosion_rate_mm_per_year": 0.171,
        "thickness_loss_mm": 2.74,
        "remaining_wall_thickness_mm": 13.16,
        "material_loss_percent": 17.2,
        "degradation_condition": "Moderate",
        "failure_probability": 0.094,
        "failure_probability_percent": 9.4,
        "risk_class": "Low",
        "primary_hazard": "Low Geo-Hazard Stress (Nominal Operational)",
        "failure_code": "NOMINAL-00",
        "diagnostic_message": "KP 13.0: Stable terrain conditions (9.4% PoF). Operating within normal design parameters under standard Catholic Protection monitoring.",
        "remediation_plan": "Maintain standard periodic aerial Right-of-Way surveillance and annual CP survey."
      },
      "geometry": {
        "type": "Point",
        "coordinates": [
          6.075091,
          6.253295
        ]
      }
    },
    {
      "type": "Feature",
      "properties": {
        "kp": 14.0,
        "pipeline_id": 4,
        "pipeline_code": "OBN-AJA",
        "pipeline_name": "Oben\u2013Ajaokuta Gas Trunk Line (Western Line)",
        "latitude": 6.261241,
        "longitude": 6.079329,
        "elevation": 151.0,
        "slope_deg": 0.17,
        "river_proximity_km": 149.09,
        "fault_distance_km": 134.77,
        "soil_type": "Stable Sandy Loam",
        "soil_risk": 0,
        "flooding_index": 0.18,
        "earthquake_factor": 0.03,
        "erosion_factor": 0.05,
        "landslide_index": 0.102,
        "soil_corrosivity_index": 0.343,
        "hoop_stress_ratio": 0.354,
        "pipe_diameter_inches": 24.0,
        "operating_pressure_psig": 1200.0,
        "pipe_material": "API 5L X65",
        "design_wall_thickness_mm": 15.9,
        "operational_age_years": 16.0,
        "corrosion_rate_mm_per_year": 0.173,
        "thickness_loss_mm": 2.77,
        "remaining_wall_thickness_mm": 13.13,
        "material_loss_percent": 17.4,
        "degradation_condition": "Moderate",
        "failure_probability": 0.0867,
        "failure_probability_percent": 8.7,
        "risk_class": "Low",
        "primary_hazard": "Low Geo-Hazard Stress (Nominal Operational)",
        "failure_code": "NOMINAL-00",
        "diagnostic_message": "KP 14.0: Stable terrain conditions (8.7% PoF). Operating within normal design parameters under standard Catholic Protection monitoring.",
        "remediation_plan": "Maintain standard periodic aerial Right-of-Way surveillance and annual CP survey."
      },
      "geometry": {
        "type": "Point",
        "coordinates": [
          6.079329,
          6.261241
        ]
      }
    },
    {
      "type": "Feature",
      "properties": {
        "kp": 15.0,
        "pipeline_id": 4,
        "pipeline_code": "OBN-AJA",
        "pipeline_name": "Oben\u2013Ajaokuta Gas Trunk Line (Western Line)",
        "latitude": 6.269187,
        "longitude": 6.083566,
        "elevation": 153.0,
        "slope_deg": 0.52,
        "river_proximity_km": 148.09,
        "fault_distance_km": 133.82,
        "soil_type": "Stable Sandy Loam",
        "soil_risk": 0,
        "flooding_index": 0.158,
        "earthquake_factor": 0.04,
        "erosion_factor": 0.068,
        "landslide_index": 0.147,
        "soil_corrosivity_index": 0.339,
        "hoop_stress_ratio": 0.354,
        "pipe_diameter_inches": 24.0,
        "operating_pressure_psig": 1200.0,
        "pipe_material": "API 5L X65",
        "design_wall_thickness_mm": 15.9,
        "operational_age_years": 16.0,
        "corrosion_rate_mm_per_year": 0.177,
        "thickness_loss_mm": 2.83,
        "remaining_wall_thickness_mm": 13.07,
        "material_loss_percent": 17.8,
        "degradation_condition": "Moderate",
        "failure_probability": 0.0921,
        "failure_probability_percent": 9.2,
        "risk_class": "Low",
        "primary_hazard": "Low Geo-Hazard Stress (Nominal Operational)",
        "failure_code": "NOMINAL-00",
        "diagnostic_message": "KP 15.0: Stable terrain conditions (9.2% PoF). Operating within normal design parameters under standard Catholic Protection monitoring.",
        "remediation_plan": "Maintain standard periodic aerial Right-of-Way surveillance and annual CP survey."
      },
      "geometry": {
        "type": "Point",
        "coordinates": [
          6.083566,
          6.269187
        ]
      }
    },
    {
      "type": "Feature",
      "properties": {
        "kp": 16.0,
        "pipeline_id": 4,
        "pipeline_code": "OBN-AJA",
        "pipeline_name": "Oben\u2013Ajaokuta Gas Trunk Line (Western Line)",
        "latitude": 6.277133,
        "longitude": 6.087804,
        "elevation": 160.0,
        "slope_deg": 0.17,
        "river_proximity_km": 147.09,
        "fault_distance_km": 132.69,
        "soil_type": "Stable Sandy Loam",
        "soil_risk": 0,
        "flooding_index": 0.15,
        "earthquake_factor": 0.045,
        "erosion_factor": 0.063,
        "landslide_index": 0.108,
        "soil_corrosivity_index": 0.327,
        "hoop_stress_ratio": 0.354,
        "pipe_diameter_inches": 24.0,
        "operating_pressure_psig": 1200.0,
        "pipe_material": "API 5L X65",
        "design_wall_thickness_mm": 15.9,
        "operational_age_years": 16.0,
        "corrosion_rate_mm_per_year": 0.202,
        "thickness_loss_mm": 3.23,
        "remaining_wall_thickness_mm": 12.67,
        "material_loss_percent": 20.3,
        "degradation_condition": "Moderate",
        "failure_probability": 0.0839,
        "failure_probability_percent": 8.4,
        "risk_class": "Low",
        "primary_hazard": "Low Geo-Hazard Stress (Nominal Operational)",
        "failure_code": "NOMINAL-00",
        "diagnostic_message": "KP 16.0: Stable terrain conditions (8.4% PoF). Operating within normal design parameters under standard Catholic Protection monitoring.",
        "remediation_plan": "Maintain standard periodic aerial Right-of-Way surveillance and annual CP survey."
      },
      "geometry": {
        "type": "Point",
        "coordinates": [
          6.087804,
          6.277133
        ]
      }
    },
    {
      "type": "Feature",
      "properties": {
        "kp": 17.0,
        "pipeline_id": 4,
        "pipeline_code": "OBN-AJA",
        "pipeline_name": "Oben\u2013Ajaokuta Gas Trunk Line (Western Line)",
        "latitude": 6.285079,
        "longitude": 6.092042,
        "elevation": 156.0,
        "slope_deg": 0.11,
        "river_proximity_km": 146.09,
        "fault_distance_km": 131.63,
        "soil_type": "Stable Sandy Loam",
        "soil_risk": 0,
        "flooding_index": 0.176,
        "earthquake_factor": 0.049,
        "erosion_factor": 0.075,
        "landslide_index": 0.13,
        "soil_corrosivity_index": 0.334,
        "hoop_stress_ratio": 0.354,
        "pipe_diameter_inches": 24.0,
        "operating_pressure_psig": 1200.0,
        "pipe_material": "API 5L X65",
        "design_wall_thickness_mm": 15.9,
        "operational_age_years": 16.0,
        "corrosion_rate_mm_per_year": 0.199,
        "thickness_loss_mm": 3.18,
        "remaining_wall_thickness_mm": 12.72,
        "material_loss_percent": 20.0,
        "degradation_condition": "Moderate",
        "failure_probability": 0.0941,
        "failure_probability_percent": 9.4,
        "risk_class": "Low",
        "primary_hazard": "Low Geo-Hazard Stress (Nominal Operational)",
        "failure_code": "NOMINAL-00",
        "diagnostic_message": "KP 17.0: Stable terrain conditions (9.4% PoF). Operating within normal design parameters under standard Catholic Protection monitoring.",
        "remediation_plan": "Maintain standard periodic aerial Right-of-Way surveillance and annual CP survey."
      },
      "geometry": {
        "type": "Point",
        "coordinates": [
          6.092042,
          6.285079
        ]
      }
    },
    {
      "type": "Feature",
      "properties": {
        "kp": 18.0,
        "pipeline_id": 4,
        "pipeline_code": "OBN-AJA",
        "pipeline_name": "Oben\u2013Ajaokuta Gas Trunk Line (Western Line)",
        "latitude": 6.293024,
        "longitude": 6.09628,
        "elevation": 158.0,
        "slope_deg": 0.11,
        "river_proximity_km": 145.09,
        "fault_distance_km": 130.81,
        "soil_type": "Stable Sandy Loam",
        "soil_risk": 0,
        "flooding_index": 0.188,
        "earthquake_factor": 0.03,
        "erosion_factor": 0.077,
        "landslide_index": 0.125,
        "soil_corrosivity_index": 0.331,
        "hoop_stress_ratio": 0.354,
        "pipe_diameter_inches": 24.0,
        "operating_pressure_psig": 1200.0,
        "pipe_material": "API 5L X65",
        "design_wall_thickness_mm": 15.9,
        "operational_age_years": 16.0,
        "corrosion_rate_mm_per_year": 0.198,
        "thickness_loss_mm": 3.17,
        "remaining_wall_thickness_mm": 12.73,
        "material_loss_percent": 19.9,
        "degradation_condition": "Moderate",
        "failure_probability": 0.0929,
        "failure_probability_percent": 9.3,
        "risk_class": "Low",
        "primary_hazard": "Low Geo-Hazard Stress (Nominal Operational)",
        "failure_code": "NOMINAL-00",
        "diagnostic_message": "KP 18.0: Stable terrain conditions (9.3% PoF). Operating within normal design parameters under standard Catholic Protection monitoring.",
        "remediation_plan": "Maintain standard periodic aerial Right-of-Way surveillance and annual CP survey."
      },
      "geometry": {
        "type": "Point",
        "coordinates": [
          6.09628,
          6.293024
        ]
      }
    },
    {
      "type": "Feature",
      "properties": {
        "kp": 19.0,
        "pipeline_id": 4,
        "pipeline_code": "OBN-AJA",
        "pipeline_name": "Oben\u2013Ajaokuta Gas Trunk Line (Western Line)",
        "latitude": 6.30097,
        "longitude": 6.100517,
        "elevation": 158.0,
        "slope_deg": 0.0,
        "river_proximity_km": 144.09,
        "fault_distance_km": 129.89,
        "soil_type": "Stable Sandy Loam",
        "soil_risk": 0,
        "flooding_index": 0.179,
        "earthquake_factor": 0.038,
        "erosion_factor": 0.061,
        "landslide_index": 0.102,
        "soil_corrosivity_index": 0.331,
        "hoop_stress_ratio": 0.354,
        "pipe_diameter_inches": 24.0,
        "operating_pressure_psig": 1200.0,
        "pipe_material": "API 5L X65",
        "design_wall_thickness_mm": 15.9,
        "operational_age_years": 16.0,
        "corrosion_rate_mm_per_year": 0.168,
        "thickness_loss_mm": 2.69,
        "remaining_wall_thickness_mm": 13.21,
        "material_loss_percent": 16.9,
        "degradation_condition": "Moderate",
        "failure_probability": 0.0874,
        "failure_probability_percent": 8.7,
        "risk_class": "Low",
        "primary_hazard": "Low Geo-Hazard Stress (Nominal Operational)",
        "failure_code": "NOMINAL-00",
        "diagnostic_message": "KP 19.0: Stable terrain conditions (8.7% PoF). Operating within normal design parameters under standard Catholic Protection monitoring.",
        "remediation_plan": "Maintain standard periodic aerial Right-of-Way surveillance and annual CP survey."
      },
      "geometry": {
        "type": "Point",
        "coordinates": [
          6.100517,
          6.30097
        ]
      }
    },
    {
      "type": "Feature",
      "properties": {
        "kp": 20.0,
        "pipeline_id": 4,
        "pipeline_code": "OBN-AJA",
        "pipeline_name": "Oben\u2013Ajaokuta Gas Trunk Line (Western Line)",
        "latitude": 6.308916,
        "longitude": 6.104755,
        "elevation": 158.0,
        "slope_deg": 0.8,
        "river_proximity_km": 143.09,
        "fault_distance_km": 128.78,
        "soil_type": "Stable Sandy Loam",
        "soil_risk": 0,
        "flooding_index": 0.155,
        "earthquake_factor": 0.059,
        "erosion_factor": 0.05,
        "landslide_index": 0.168,
        "soil_corrosivity_index": 0.331,
        "hoop_stress_ratio": 0.354,
        "pipe_diameter_inches": 24.0,
        "operating_pressure_psig": 1200.0,
        "pipe_material": "API 5L X65",
        "design_wall_thickness_mm": 15.9,
        "operational_age_years": 16.0,
        "corrosion_rate_mm_per_year": 0.179,
        "thickness_loss_mm": 2.86,
        "remaining_wall_thickness_mm": 13.04,
        "material_loss_percent": 18.0,
        "degradation_condition": "Moderate",
        "failure_probability": 0.0949,
        "failure_probability_percent": 9.5,
        "risk_class": "Low",
        "primary_hazard": "Low Geo-Hazard Stress (Nominal Operational)",
        "failure_code": "NOMINAL-00",
        "diagnostic_message": "KP 20.0: Stable terrain conditions (9.5% PoF). Operating within normal design parameters under standard Catholic Protection monitoring.",
        "remediation_plan": "Maintain standard periodic aerial Right-of-Way surveillance and annual CP survey."
      },
      "geometry": {
        "type": "Point",
        "coordinates": [
          6.104755,
          6.308916
        ]
      }
    },
    {
      "type": "Feature",
      "properties": {
        "kp": 21.0,
        "pipeline_id": 4,
        "pipeline_code": "OBN-AJA",
        "pipeline_name": "Oben\u2013Ajaokuta Gas Trunk Line (Western Line)",
        "latitude": 6.316862,
        "longitude": 6.108993,
        "elevation": 172.0,
        "slope_deg": 2.92,
        "river_proximity_km": 142.09,
        "fault_distance_km": 127.75,
        "soil_type": "Stable Sandy Loam",
        "soil_risk": 0,
        "flooding_index": 0.172,
        "earthquake_factor": 0.046,
        "erosion_factor": 0.101,
        "landslide_index": 0.239,
        "soil_corrosivity_index": 0.307,
        "hoop_stress_ratio": 0.354,
        "pipe_diameter_inches": 24.0,
        "operating_pressure_psig": 1200.0,
        "pipe_material": "API 5L X65",
        "design_wall_thickness_mm": 15.9,
        "operational_age_years": 16.0,
        "corrosion_rate_mm_per_year": 0.185,
        "thickness_loss_mm": 2.96,
        "remaining_wall_thickness_mm": 12.94,
        "material_loss_percent": 18.6,
        "degradation_condition": "Moderate",
        "failure_probability": 0.1096,
        "failure_probability_percent": 11.0,
        "risk_class": "Low",
        "primary_hazard": "Low Geo-Hazard Stress (Nominal Operational)",
        "failure_code": "NOMINAL-00",
        "diagnostic_message": "KP 21.0: Stable terrain conditions (11.0% PoF). Operating within normal design parameters under standard Catholic Protection monitoring.",
        "remediation_plan": "Maintain standard periodic aerial Right-of-Way surveillance and annual CP survey."
      },
      "geometry": {
        "type": "Point",
        "coordinates": [
          6.108993,
          6.316862
        ]
      }
    },
    {
      "type": "Feature",
      "properties": {
        "kp": 22.0,
        "pipeline_id": 4,
        "pipeline_code": "OBN-AJA",
        "pipeline_name": "Oben\u2013Ajaokuta Gas Trunk Line (Western Line)",
        "latitude": 6.324807,
        "longitude": 6.113231,
        "elevation": 107.0,
        "slope_deg": 3.83,
        "river_proximity_km": 141.09,
        "fault_distance_km": 126.79,
        "soil_type": "Stable Sandy Loam",
        "soil_risk": 0,
        "flooding_index": 0.248,
        "earthquake_factor": 0.065,
        "erosion_factor": 0.131,
        "landslide_index": 0.218,
        "soil_corrosivity_index": 0.418,
        "hoop_stress_ratio": 0.354,
        "pipe_diameter_inches": 24.0,
        "operating_pressure_psig": 1200.0,
        "pipe_material": "API 5L X65",
        "design_wall_thickness_mm": 15.9,
        "operational_age_years": 16.0,
        "corrosion_rate_mm_per_year": 0.226,
        "thickness_loss_mm": 3.62,
        "remaining_wall_thickness_mm": 12.28,
        "material_loss_percent": 22.8,
        "degradation_condition": "Moderate",
        "failure_probability": 0.1349,
        "failure_probability_percent": 13.5,
        "risk_class": "Low",
        "primary_hazard": "Low Geo-Hazard Stress (Nominal Operational)",
        "failure_code": "NOMINAL-00",
        "diagnostic_message": "KP 22.0: Stable terrain conditions (13.5% PoF). Operating within normal design parameters under standard Catholic Protection monitoring.",
        "remediation_plan": "Maintain standard periodic aerial Right-of-Way surveillance and annual CP survey."
      },
      "geometry": {
        "type": "Point",
        "coordinates": [
          6.113231,
          6.324807
        ]
      }
    },
    {
      "type": "Feature",
      "properties": {
        "kp": 23.0,
        "pipeline_id": 4,
        "pipeline_code": "OBN-AJA",
        "pipeline_name": "Oben\u2013Ajaokuta Gas Trunk Line (Western Line)",
        "latitude": 6.332753,
        "longitude": 6.117468,
        "elevation": 105.0,
        "slope_deg": 1.83,
        "river_proximity_km": 140.1,
        "fault_distance_km": 125.71,
        "soil_type": "Stable Sandy Loam",
        "soil_risk": 0,
        "flooding_index": 0.202,
        "earthquake_factor": 0.03,
        "erosion_factor": 0.076,
        "landslide_index": 0.169,
        "soil_corrosivity_index": 0.421,
        "hoop_stress_ratio": 0.354,
        "pipe_diameter_inches": 24.0,
        "operating_pressure_psig": 1200.0,
        "pipe_material": "API 5L X65",
        "design_wall_thickness_mm": 15.9,
        "operational_age_years": 16.0,
        "corrosion_rate_mm_per_year": 0.229,
        "thickness_loss_mm": 3.66,
        "remaining_wall_thickness_mm": 12.24,
        "material_loss_percent": 23.0,
        "degradation_condition": "Moderate",
        "failure_probability": 0.1101,
        "failure_probability_percent": 11.0,
        "risk_class": "Low",
        "primary_hazard": "Low Geo-Hazard Stress (Nominal Operational)",
        "failure_code": "NOMINAL-00",
        "diagnostic_message": "KP 23.0: Stable terrain conditions (11.0% PoF). Operating within normal design parameters under standard Catholic Protection monitoring.",
        "remediation_plan": "Maintain standard periodic aerial Right-of-Way surveillance and annual CP survey."
      },
      "geometry": {
        "type": "Point",
        "coordinates": [
          6.117468,
          6.332753
        ]
      }
    },
    {
      "type": "Feature",
      "properties": {
        "kp": 24.0,
        "pipeline_id": 4,
        "pipeline_code": "OBN-AJA",
        "pipeline_name": "Oben\u2013Ajaokuta Gas Trunk Line (Western Line)",
        "latitude": 6.340699,
        "longitude": 6.121706,
        "elevation": 75.0,
        "slope_deg": 1.26,
        "river_proximity_km": 139.1,
        "fault_distance_km": 125.12,
        "soil_type": "Corrosive Lowland Clay",
        "soil_risk": 1,
        "flooding_index": 0.251,
        "earthquake_factor": 0.03,
        "erosion_factor": 0.058,
        "landslide_index": 0.134,
        "soil_corrosivity_index": 0.673,
        "hoop_stress_ratio": 0.354,
        "pipe_diameter_inches": 24.0,
        "operating_pressure_psig": 1200.0,
        "pipe_material": "API 5L X65",
        "design_wall_thickness_mm": 15.9,
        "operational_age_years": 16.0,
        "corrosion_rate_mm_per_year": 0.297,
        "thickness_loss_mm": 4.75,
        "remaining_wall_thickness_mm": 11.15,
        "material_loss_percent": 29.9,
        "degradation_condition": "Moderate",
        "failure_probability": 0.1344,
        "failure_probability_percent": 13.4,
        "risk_class": "Low",
        "primary_hazard": "Corrosive Soil & Anoxic Groundwater Degradation",
        "failure_code": "ERR-GEO-CORR-04",
        "diagnostic_message": "KP 24.0: High external corrosion hazard (13.4%) resulting from saturated groundwater (Corrosivity Index 0.673) and anaerobic clay soil. Coating breakdown risk is high.",
        "remediation_plan": "Upgrade Impressed Current Cathodic Protection (ICCP), apply 3LPE coating repair, and conduct smart-pig inline inspection."
      },
      "geometry": {
        "type": "Point",
        "coordinates": [
          6.121706,
          6.340699
        ]
      }
    },
    {
      "type": "Feature",
      "properties": {
        "kp": 25.0,
        "pipeline_id": 4,
        "pipeline_code": "OBN-AJA",
        "pipeline_name": "Oben\u2013Ajaokuta Gas Trunk Line (Western Line)",
        "latitude": 6.348645,
        "longitude": 6.125944,
        "elevation": 83.0,
        "slope_deg": 0.29,
        "river_proximity_km": 138.1,
        "fault_distance_km": 124.2,
        "soil_type": "Stable Sandy Loam",
        "soil_risk": 0,
        "flooding_index": 0.251,
        "earthquake_factor": 0.033,
        "erosion_factor": 0.067,
        "landslide_index": 0.082,
        "soil_corrosivity_index": 0.459,
        "hoop_stress_ratio": 0.354,
        "pipe_diameter_inches": 24.0,
        "operating_pressure_psig": 1200.0,
        "pipe_material": "API 5L X65",
        "design_wall_thickness_mm": 15.9,
        "operational_age_years": 16.0,
        "corrosion_rate_mm_per_year": 0.249,
        "thickness_loss_mm": 3.98,
        "remaining_wall_thickness_mm": 11.92,
        "material_loss_percent": 25.0,
        "degradation_condition": "Moderate",
        "failure_probability": 0.1085,
        "failure_probability_percent": 10.8,
        "risk_class": "Low",
        "primary_hazard": "Corrosive Soil & Anoxic Groundwater Degradation",
        "failure_code": "ERR-GEO-CORR-04",
        "diagnostic_message": "KP 25.0: High external corrosion hazard (10.8%) resulting from saturated groundwater (Corrosivity Index 0.459) and anaerobic clay soil. Coating breakdown risk is high.",
        "remediation_plan": "Upgrade Impressed Current Cathodic Protection (ICCP), apply 3LPE coating repair, and conduct smart-pig inline inspection."
      },
      "geometry": {
        "type": "Point",
        "coordinates": [
          6.125944,
          6.348645
        ]
      }
    },
    {
      "type": "Feature",
      "properties": {
        "kp": 26.0,
        "pipeline_id": 4,
        "pipeline_code": "OBN-AJA",
        "pipeline_name": "Oben\u2013Ajaokuta Gas Trunk Line (Western Line)",
        "latitude": 6.356591,
        "longitude": 6.130182,
        "elevation": 80.0,
        "slope_deg": 0.06,
        "river_proximity_km": 137.1,
        "fault_distance_km": 123.24,
        "soil_type": "Stable Sandy Loam",
        "soil_risk": 0,
        "flooding_index": 0.246,
        "earthquake_factor": 0.03,
        "erosion_factor": 0.051,
        "landslide_index": 0.089,
        "soil_corrosivity_index": 0.464,
        "hoop_stress_ratio": 0.354,
        "pipe_diameter_inches": 24.0,
        "operating_pressure_psig": 1200.0,
        "pipe_material": "API 5L X65",
        "design_wall_thickness_mm": 15.9,
        "operational_age_years": 16.0,
        "corrosion_rate_mm_per_year": 0.225,
        "thickness_loss_mm": 3.6,
        "remaining_wall_thickness_mm": 12.3,
        "material_loss_percent": 22.6,
        "degradation_condition": "Moderate",
        "failure_probability": 0.1073,
        "failure_probability_percent": 10.7,
        "risk_class": "Low",
        "primary_hazard": "Corrosive Soil & Anoxic Groundwater Degradation",
        "failure_code": "ERR-GEO-CORR-04",
        "diagnostic_message": "KP 26.0: High external corrosion hazard (10.7%) resulting from saturated groundwater (Corrosivity Index 0.464) and anaerobic clay soil. Coating breakdown risk is high.",
        "remediation_plan": "Upgrade Impressed Current Cathodic Protection (ICCP), apply 3LPE coating repair, and conduct smart-pig inline inspection."
      },
      "geometry": {
        "type": "Point",
        "coordinates": [
          6.130182,
          6.356591
        ]
      }
    },
    {
      "type": "Feature",
      "properties": {
        "kp": 27.0,
        "pipeline_id": 4,
        "pipeline_code": "OBN-AJA",
        "pipeline_name": "Oben\u2013Ajaokuta Gas Trunk Line (Western Line)",
        "latitude": 6.364536,
        "longitude": 6.134419,
        "elevation": 84.0,
        "slope_deg": 0.0,
        "river_proximity_km": 136.1,
        "fault_distance_km": 122.08,
        "soil_type": "Stable Sandy Loam",
        "soil_risk": 0,
        "flooding_index": 0.253,
        "earthquake_factor": 0.051,
        "erosion_factor": 0.05,
        "landslide_index": 0.081,
        "soil_corrosivity_index": 0.457,
        "hoop_stress_ratio": 0.354,
        "pipe_diameter_inches": 24.0,
        "operating_pressure_psig": 1200.0,
        "pipe_material": "API 5L X65",
        "design_wall_thickness_mm": 15.9,
        "operational_age_years": 16.0,
        "corrosion_rate_mm_per_year": 0.25,
        "thickness_loss_mm": 4.0,
        "remaining_wall_thickness_mm": 11.9,
        "material_loss_percent": 25.2,
        "degradation_condition": "Moderate",
        "failure_probability": 0.1093,
        "failure_probability_percent": 10.9,
        "risk_class": "Low",
        "primary_hazard": "Corrosive Soil & Anoxic Groundwater Degradation",
        "failure_code": "ERR-GEO-CORR-04",
        "diagnostic_message": "KP 27.0: High external corrosion hazard (10.9%) resulting from saturated groundwater (Corrosivity Index 0.457) and anaerobic clay soil. Coating breakdown risk is high.",
        "remediation_plan": "Upgrade Impressed Current Cathodic Protection (ICCP), apply 3LPE coating repair, and conduct smart-pig inline inspection."
      },
      "geometry": {
        "type": "Point",
        "coordinates": [
          6.134419,
          6.364536
        ]
      }
    },
    {
      "type": "Feature",
      "properties": {
        "kp": 28.0,
        "pipeline_id": 4,
        "pipeline_code": "OBN-AJA",
        "pipeline_name": "Oben\u2013Ajaokuta Gas Trunk Line (Western Line)",
        "latitude": 6.372482,
        "longitude": 6.138657,
        "elevation": 80.0,
        "slope_deg": 0.34,
        "river_proximity_km": 135.1,
        "fault_distance_km": 120.83,
        "soil_type": "Stable Sandy Loam",
        "soil_risk": 0,
        "flooding_index": 0.237,
        "earthquake_factor": 0.065,
        "erosion_factor": 0.05,
        "landslide_index": 0.097,
        "soil_corrosivity_index": 0.464,
        "hoop_stress_ratio": 0.354,
        "pipe_diameter_inches": 24.0,
        "operating_pressure_psig": 1200.0,
        "pipe_material": "API 5L X65",
        "design_wall_thickness_mm": 15.9,
        "operational_age_years": 16.0,
        "corrosion_rate_mm_per_year": 0.236,
        "thickness_loss_mm": 3.78,
        "remaining_wall_thickness_mm": 12.12,
        "material_loss_percent": 23.8,
        "degradation_condition": "Moderate",
        "failure_probability": 0.1113,
        "failure_probability_percent": 11.1,
        "risk_class": "Low",
        "primary_hazard": "Corrosive Soil & Anoxic Groundwater Degradation",
        "failure_code": "ERR-GEO-CORR-04",
        "diagnostic_message": "KP 28.0: High external corrosion hazard (11.1%) resulting from saturated groundwater (Corrosivity Index 0.464) and anaerobic clay soil. Coating breakdown risk is high.",
        "remediation_plan": "Upgrade Impressed Current Cathodic Protection (ICCP), apply 3LPE coating repair, and conduct smart-pig inline inspection."
      },
      "geometry": {
        "type": "Point",
        "coordinates": [
          6.138657,
          6.372482
        ]
      }
    },
    {
      "type": "Feature",
      "properties": {
        "kp": 29.0,
        "pipeline_id": 4,
        "pipeline_code": "OBN-AJA",
        "pipeline_name": "Oben\u2013Ajaokuta Gas Trunk Line (Western Line)",
        "latitude": 6.380428,
        "longitude": 6.142895,
        "elevation": 90.0,
        "slope_deg": 0.34,
        "river_proximity_km": 134.1,
        "fault_distance_km": 119.88,
        "soil_type": "Stable Sandy Loam",
        "soil_risk": 0,
        "flooding_index": 0.259,
        "earthquake_factor": 0.034,
        "erosion_factor": 0.051,
        "landslide_index": 0.083,
        "soil_corrosivity_index": 0.447,
        "hoop_stress_ratio": 0.354,
        "pipe_diameter_inches": 24.0,
        "operating_pressure_psig": 1200.0,
        "pipe_material": "API 5L X65",
        "design_wall_thickness_mm": 15.9,
        "operational_age_years": 16.0,
        "corrosion_rate_mm_per_year": 0.234,
        "thickness_loss_mm": 3.74,
        "remaining_wall_thickness_mm": 12.16,
        "material_loss_percent": 23.5,
        "degradation_condition": "Moderate",
        "failure_probability": 0.1077,
        "failure_probability_percent": 10.8,
        "risk_class": "Low",
        "primary_hazard": "Low Geo-Hazard Stress (Nominal Operational)",
        "failure_code": "NOMINAL-00",
        "diagnostic_message": "KP 29.0: Stable terrain conditions (10.8% PoF). Operating within normal design parameters under standard Catholic Protection monitoring.",
        "remediation_plan": "Maintain standard periodic aerial Right-of-Way surveillance and annual CP survey."
      },
      "geometry": {
        "type": "Point",
        "coordinates": [
          6.142895,
          6.380428
        ]
      }
    },
    {
      "type": "Feature",
      "properties": {
        "kp": 30.0,
        "pipeline_id": 4,
        "pipeline_code": "OBN-AJA",
        "pipeline_name": "Oben\u2013Ajaokuta Gas Trunk Line (Western Line)",
        "latitude": 6.388374,
        "longitude": 6.147133,
        "elevation": 86.0,
        "slope_deg": 0.63,
        "river_proximity_km": 133.1,
        "fault_distance_km": 118.84,
        "soil_type": "Stable Sandy Loam",
        "soil_risk": 0,
        "flooding_index": 0.239,
        "earthquake_factor": 0.065,
        "erosion_factor": 0.05,
        "landslide_index": 0.104,
        "soil_corrosivity_index": 0.454,
        "hoop_stress_ratio": 0.354,
        "pipe_diameter_inches": 24.0,
        "operating_pressure_psig": 1200.0,
        "pipe_material": "API 5L X65",
        "design_wall_thickness_mm": 15.9,
        "operational_age_years": 16.0,
        "corrosion_rate_mm_per_year": 0.226,
        "thickness_loss_mm": 3.62,
        "remaining_wall_thickness_mm": 12.28,
        "material_loss_percent": 22.8,
        "degradation_condition": "Moderate",
        "failure_probability": 0.1119,
        "failure_probability_percent": 11.2,
        "risk_class": "Low",
        "primary_hazard": "Corrosive Soil & Anoxic Groundwater Degradation",
        "failure_code": "ERR-GEO-CORR-04",
        "diagnostic_message": "KP 30.0: High external corrosion hazard (11.2%) resulting from saturated groundwater (Corrosivity Index 0.454) and anaerobic clay soil. Coating breakdown risk is high.",
        "remediation_plan": "Upgrade Impressed Current Cathodic Protection (ICCP), apply 3LPE coating repair, and conduct smart-pig inline inspection."
      },
      "geometry": {
        "type": "Point",
        "coordinates": [
          6.147133,
          6.388374
        ]
      }
    },
    {
      "type": "Feature",
      "properties": {
        "kp": 31.0,
        "pipeline_id": 4,
        "pipeline_code": "OBN-AJA",
        "pipeline_name": "Oben\u2013Ajaokuta Gas Trunk Line (Western Line)",
        "latitude": 6.39632,
        "longitude": 6.15137,
        "elevation": 79.0,
        "slope_deg": 1.6,
        "river_proximity_km": 132.1,
        "fault_distance_km": 118.22,
        "soil_type": "Corrosive Lowland Clay",
        "soil_risk": 1,
        "flooding_index": 0.233,
        "earthquake_factor": 0.065,
        "erosion_factor": 0.071,
        "landslide_index": 0.119,
        "soil_corrosivity_index": 0.666,
        "hoop_stress_ratio": 0.354,
        "pipe_diameter_inches": 24.0,
        "operating_pressure_psig": 1200.0,
        "pipe_material": "API 5L X65",
        "design_wall_thickness_mm": 15.9,
        "operational_age_years": 16.0,
        "corrosion_rate_mm_per_year": 0.296,
        "thickness_loss_mm": 4.74,
        "remaining_wall_thickness_mm": 11.16,
        "material_loss_percent": 29.8,
        "degradation_condition": "Moderate",
        "failure_probability": 0.1339,
        "failure_probability_percent": 13.4,
        "risk_class": "Low",
        "primary_hazard": "Corrosive Soil & Anoxic Groundwater Degradation",
        "failure_code": "ERR-GEO-CORR-04",
        "diagnostic_message": "KP 31.0: High external corrosion hazard (13.4%) resulting from saturated groundwater (Corrosivity Index 0.666) and anaerobic clay soil. Coating breakdown risk is high.",
        "remediation_plan": "Upgrade Impressed Current Cathodic Protection (ICCP), apply 3LPE coating repair, and conduct smart-pig inline inspection."
      },
      "geometry": {
        "type": "Point",
        "coordinates": [
          6.15137,
          6.39632
        ]
      }
    },
    {
      "type": "Feature",
      "properties": {
        "kp": 32.0,
        "pipeline_id": 4,
        "pipeline_code": "OBN-AJA",
        "pipeline_name": "Oben\u2013Ajaokuta Gas Trunk Line (Western Line)",
        "latitude": 6.404265,
        "longitude": 6.155608,
        "elevation": 114.0,
        "slope_deg": 0.52,
        "river_proximity_km": 131.11,
        "fault_distance_km": 116.87,
        "soil_type": "Stable Sandy Loam",
        "soil_risk": 0,
        "flooding_index": 0.217,
        "earthquake_factor": 0.03,
        "erosion_factor": 0.08,
        "landslide_index": 0.108,
        "soil_corrosivity_index": 0.406,
        "hoop_stress_ratio": 0.354,
        "pipe_diameter_inches": 24.0,
        "operating_pressure_psig": 1200.0,
        "pipe_material": "API 5L X65",
        "design_wall_thickness_mm": 15.9,
        "operational_age_years": 16.0,
        "corrosion_rate_mm_per_year": 0.204,
        "thickness_loss_mm": 3.26,
        "remaining_wall_thickness_mm": 12.64,
        "material_loss_percent": 20.5,
        "degradation_condition": "Moderate",
        "failure_probability": 0.1025,
        "failure_probability_percent": 10.2,
        "risk_class": "Low",
        "primary_hazard": "Low Geo-Hazard Stress (Nominal Operational)",
        "failure_code": "NOMINAL-00",
        "diagnostic_message": "KP 32.0: Stable terrain conditions (10.2% PoF). Operating within normal design parameters under standard Catholic Protection monitoring.",
        "remediation_plan": "Maintain standard periodic aerial Right-of-Way surveillance and annual CP survey."
      },
      "geometry": {
        "type": "Point",
        "coordinates": [
          6.155608,
          6.404265
        ]
      }
    },
    {
      "type": "Feature",
      "properties": {
        "kp": 33.0,
        "pipeline_id": 4,
        "pipeline_code": "OBN-AJA",
        "pipeline_name": "Oben\u2013Ajaokuta Gas Trunk Line (Western Line)",
        "latitude": 6.412211,
        "longitude": 6.159846,
        "elevation": 88.0,
        "slope_deg": 0.06,
        "river_proximity_km": 130.11,
        "fault_distance_km": 116.15,
        "soil_type": "Stable Sandy Loam",
        "soil_risk": 0,
        "flooding_index": 0.253,
        "earthquake_factor": 0.03,
        "erosion_factor": 0.05,
        "landslide_index": 0.059,
        "soil_corrosivity_index": 0.451,
        "hoop_stress_ratio": 0.354,
        "pipe_diameter_inches": 24.0,
        "operating_pressure_psig": 1200.0,
        "pipe_material": "API 5L X65",
        "design_wall_thickness_mm": 15.9,
        "operational_age_years": 16.0,
        "corrosion_rate_mm_per_year": 0.241,
        "thickness_loss_mm": 3.86,
        "remaining_wall_thickness_mm": 12.04,
        "material_loss_percent": 24.3,
        "degradation_condition": "Moderate",
        "failure_probability": 0.1027,
        "failure_probability_percent": 10.3,
        "risk_class": "Low",
        "primary_hazard": "Corrosive Soil & Anoxic Groundwater Degradation",
        "failure_code": "ERR-GEO-CORR-04",
        "diagnostic_message": "KP 33.0: High external corrosion hazard (10.3%) resulting from saturated groundwater (Corrosivity Index 0.451) and anaerobic clay soil. Coating breakdown risk is high.",
        "remediation_plan": "Upgrade Impressed Current Cathodic Protection (ICCP), apply 3LPE coating repair, and conduct smart-pig inline inspection."
      },
      "geometry": {
        "type": "Point",
        "coordinates": [
          6.159846,
          6.412211
        ]
      }
    },
    {
      "type": "Feature",
      "properties": {
        "kp": 34.0,
        "pipeline_id": 4,
        "pipeline_code": "OBN-AJA",
        "pipeline_name": "Oben\u2013Ajaokuta Gas Trunk Line (Western Line)",
        "latitude": 6.420157,
        "longitude": 6.164084,
        "elevation": 115.0,
        "slope_deg": 1.49,
        "river_proximity_km": 129.11,
        "fault_distance_km": 115.19,
        "soil_type": "Stable Sandy Loam",
        "soil_risk": 0,
        "flooding_index": 0.214,
        "earthquake_factor": 0.058,
        "erosion_factor": 0.097,
        "landslide_index": 0.151,
        "soil_corrosivity_index": 0.404,
        "hoop_stress_ratio": 0.354,
        "pipe_diameter_inches": 24.0,
        "operating_pressure_psig": 1200.0,
        "pipe_material": "API 5L X65",
        "design_wall_thickness_mm": 15.9,
        "operational_age_years": 16.0,
        "corrosion_rate_mm_per_year": 0.228,
        "thickness_loss_mm": 3.65,
        "remaining_wall_thickness_mm": 12.25,
        "material_loss_percent": 23.0,
        "degradation_condition": "Moderate",
        "failure_probability": 0.1134,
        "failure_probability_percent": 11.3,
        "risk_class": "Low",
        "primary_hazard": "Low Geo-Hazard Stress (Nominal Operational)",
        "failure_code": "NOMINAL-00",
        "diagnostic_message": "KP 34.0: Stable terrain conditions (11.3% PoF). Operating within normal design parameters under standard Catholic Protection monitoring.",
        "remediation_plan": "Maintain standard periodic aerial Right-of-Way surveillance and annual CP survey."
      },
      "geometry": {
        "type": "Point",
        "coordinates": [
          6.164084,
          6.420157
        ]
      }
    },
    {
      "type": "Feature",
      "properties": {
        "kp": 35.0,
        "pipeline_id": 4,
        "pipeline_code": "OBN-AJA",
        "pipeline_name": "Oben\u2013Ajaokuta Gas Trunk Line (Western Line)",
        "latitude": 6.428103,
        "longitude": 6.168321,
        "elevation": 114.0,
        "slope_deg": 1.37,
        "river_proximity_km": 128.11,
        "fault_distance_km": 113.93,
        "soil_type": "Stable Sandy Loam",
        "soil_risk": 0,
        "flooding_index": 0.197,
        "earthquake_factor": 0.03,
        "erosion_factor": 0.05,
        "landslide_index": 0.144,
        "soil_corrosivity_index": 0.406,
        "hoop_stress_ratio": 0.354,
        "pipe_diameter_inches": 24.0,
        "operating_pressure_psig": 1200.0,
        "pipe_material": "API 5L X65",
        "design_wall_thickness_mm": 15.9,
        "operational_age_years": 16.0,
        "corrosion_rate_mm_per_year": 0.232,
        "thickness_loss_mm": 3.71,
        "remaining_wall_thickness_mm": 12.19,
        "material_loss_percent": 23.3,
        "degradation_condition": "Moderate",
        "failure_probability": 0.1017,
        "failure_probability_percent": 10.2,
        "risk_class": "Low",
        "primary_hazard": "Low Geo-Hazard Stress (Nominal Operational)",
        "failure_code": "NOMINAL-00",
        "diagnostic_message": "KP 35.0: Stable terrain conditions (10.2% PoF). Operating within normal design parameters under standard Catholic Protection monitoring.",
        "remediation_plan": "Maintain standard periodic aerial Right-of-Way surveillance and annual CP survey."
      },
      "geometry": {
        "type": "Point",
        "coordinates": [
          6.168321,
          6.428103
        ]
      }
    },
    {
      "type": "Feature",
      "properties": {
        "kp": 36.0,
        "pipeline_id": 4,
        "pipeline_code": "OBN-AJA",
        "pipeline_name": "Oben\u2013Ajaokuta Gas Trunk Line (Western Line)",
        "latitude": 6.436049,
        "longitude": 6.172559,
        "elevation": 91.0,
        "slope_deg": 0.69,
        "river_proximity_km": 127.11,
        "fault_distance_km": 112.84,
        "soil_type": "Stable Sandy Loam",
        "soil_risk": 0,
        "flooding_index": 0.221,
        "earthquake_factor": 0.035,
        "erosion_factor": 0.092,
        "landslide_index": 0.095,
        "soil_corrosivity_index": 0.445,
        "hoop_stress_ratio": 0.354,
        "pipe_diameter_inches": 24.0,
        "operating_pressure_psig": 1200.0,
        "pipe_material": "API 5L X65",
        "design_wall_thickness_mm": 15.9,
        "operational_age_years": 16.0,
        "corrosion_rate_mm_per_year": 0.229,
        "thickness_loss_mm": 3.66,
        "remaining_wall_thickness_mm": 12.24,
        "material_loss_percent": 23.0,
        "degradation_condition": "Moderate",
        "failure_probability": 0.1064,
        "failure_probability_percent": 10.6,
        "risk_class": "Low",
        "primary_hazard": "Low Geo-Hazard Stress (Nominal Operational)",
        "failure_code": "NOMINAL-00",
        "diagnostic_message": "KP 36.0: Stable terrain conditions (10.6% PoF). Operating within normal design parameters under standard Catholic Protection monitoring.",
        "remediation_plan": "Maintain standard periodic aerial Right-of-Way surveillance and annual CP survey."
      },
      "geometry": {
        "type": "Point",
        "coordinates": [
          6.172559,
          6.436049
        ]
      }
    },
    {
      "type": "Feature",
      "properties": {
        "kp": 37.0,
        "pipeline_id": 4,
        "pipeline_code": "OBN-AJA",
        "pipeline_name": "Oben\u2013Ajaokuta Gas Trunk Line (Western Line)",
        "latitude": 6.443994,
        "longitude": 6.176797,
        "elevation": 102.0,
        "slope_deg": 1.95,
        "river_proximity_km": 126.11,
        "fault_distance_km": 111.85,
        "soil_type": "Stable Sandy Loam",
        "soil_risk": 0,
        "flooding_index": 0.211,
        "earthquake_factor": 0.067,
        "erosion_factor": 0.119,
        "landslide_index": 0.137,
        "soil_corrosivity_index": 0.427,
        "hoop_stress_ratio": 0.354,
        "pipe_diameter_inches": 24.0,
        "operating_pressure_psig": 1200.0,
        "pipe_material": "API 5L X65",
        "design_wall_thickness_mm": 15.9,
        "operational_age_years": 16.0,
        "corrosion_rate_mm_per_year": 0.24,
        "thickness_loss_mm": 3.84,
        "remaining_wall_thickness_mm": 12.06,
        "material_loss_percent": 24.2,
        "degradation_condition": "Moderate",
        "failure_probability": 0.1159,
        "failure_probability_percent": 11.6,
        "risk_class": "Low",
        "primary_hazard": "Low Geo-Hazard Stress (Nominal Operational)",
        "failure_code": "NOMINAL-00",
        "diagnostic_message": "KP 37.0: Stable terrain conditions (11.6% PoF). Operating within normal design parameters under standard Catholic Protection monitoring.",
        "remediation_plan": "Maintain standard periodic aerial Right-of-Way surveillance and annual CP survey."
      },
      "geometry": {
        "type": "Point",
        "coordinates": [
          6.176797,
          6.443994
        ]
      }
    },
    {
      "type": "Feature",
      "properties": {
        "kp": 38.0,
        "pipeline_id": 4,
        "pipeline_code": "OBN-AJA",
        "pipeline_name": "Oben\u2013Ajaokuta Gas Trunk Line (Western Line)",
        "latitude": 6.451998,
        "longitude": 6.180918,
        "elevation": 125.0,
        "slope_deg": 2.46,
        "river_proximity_km": 125.11,
        "fault_distance_km": 111.22,
        "soil_type": "Stable Sandy Loam",
        "soil_risk": 0,
        "flooding_index": 0.224,
        "earthquake_factor": 0.035,
        "erosion_factor": 0.094,
        "landslide_index": 0.19,
        "soil_corrosivity_index": 0.387,
        "hoop_stress_ratio": 0.354,
        "pipe_diameter_inches": 24.0,
        "operating_pressure_psig": 1200.0,
        "pipe_material": "API 5L X65",
        "design_wall_thickness_mm": 15.9,
        "operational_age_years": 16.0,
        "corrosion_rate_mm_per_year": 0.214,
        "thickness_loss_mm": 3.42,
        "remaining_wall_thickness_mm": 12.48,
        "material_loss_percent": 21.5,
        "degradation_condition": "Moderate",
        "failure_probability": 0.1165,
        "failure_probability_percent": 11.7,
        "risk_class": "Low",
        "primary_hazard": "Low Geo-Hazard Stress (Nominal Operational)",
        "failure_code": "NOMINAL-00",
        "diagnostic_message": "KP 38.0: Stable terrain conditions (11.7% PoF). Operating within normal design parameters under standard Catholic Protection monitoring.",
        "remediation_plan": "Maintain standard periodic aerial Right-of-Way surveillance and annual CP survey."
      },
      "geometry": {
        "type": "Point",
        "coordinates": [
          6.180918,
          6.451998
        ]
      }
    },
    {
      "type": "Feature",
      "properties": {
        "kp": 39.0,
        "pipeline_id": 4,
        "pipeline_code": "OBN-AJA",
        "pipeline_name": "Oben\u2013Ajaokuta Gas Trunk Line (Western Line)",
        "latitude": 6.460179,
        "longitude": 6.184677,
        "elevation": 145.0,
        "slope_deg": 2.4,
        "river_proximity_km": 124.11,
        "fault_distance_km": 109.93,
        "soil_type": "Stable Sandy Loam",
        "soil_risk": 0,
        "flooding_index": 0.162,
        "earthquake_factor": 0.03,
        "erosion_factor": 0.108,
        "landslide_index": 0.189,
        "soil_corrosivity_index": 0.353,
        "hoop_stress_ratio": 0.354,
        "pipe_diameter_inches": 24.0,
        "operating_pressure_psig": 1200.0,
        "pipe_material": "API 5L X65",
        "design_wall_thickness_mm": 15.9,
        "operational_age_years": 16.0,
        "corrosion_rate_mm_per_year": 0.201,
        "thickness_loss_mm": 3.22,
        "remaining_wall_thickness_mm": 12.68,
        "material_loss_percent": 20.3,
        "degradation_condition": "Moderate",
        "failure_probability": 0.1028,
        "failure_probability_percent": 10.3,
        "risk_class": "Low",
        "primary_hazard": "Low Geo-Hazard Stress (Nominal Operational)",
        "failure_code": "NOMINAL-00",
        "diagnostic_message": "KP 39.0: Stable terrain conditions (10.3% PoF). Operating within normal design parameters under standard Catholic Protection monitoring.",
        "remediation_plan": "Maintain standard periodic aerial Right-of-Way surveillance and annual CP survey."
      },
      "geometry": {
        "type": "Point",
        "coordinates": [
          6.184677,
          6.460179
        ]
      }
    },
    {
      "type": "Feature",
      "properties": {
        "kp": 40.0,
        "pipeline_id": 4,
        "pipeline_code": "OBN-AJA",
        "pipeline_name": "Oben\u2013Ajaokuta Gas Trunk Line (Western Line)",
        "latitude": 6.468361,
        "longitude": 6.188436,
        "elevation": 167.0,
        "slope_deg": 2.58,
        "river_proximity_km": 123.11,
        "fault_distance_km": 109.43,
        "soil_type": "Stable Sandy Loam",
        "soil_risk": 0,
        "flooding_index": 0.143,
        "earthquake_factor": 0.048,
        "erosion_factor": 0.09,
        "landslide_index": 0.236,
        "soil_corrosivity_index": 0.315,
        "hoop_stress_ratio": 0.354,
        "pipe_diameter_inches": 24.0,
        "operating_pressure_psig": 1200.0,
        "pipe_material": "API 5L X65",
        "design_wall_thickness_mm": 15.9,
        "operational_age_years": 16.0,
        "corrosion_rate_mm_per_year": 0.167,
        "thickness_loss_mm": 2.67,
        "remaining_wall_thickness_mm": 13.23,
        "material_loss_percent": 16.8,
        "degradation_condition": "Moderate",
        "failure_probability": 0.1039,
        "failure_probability_percent": 10.4,
        "risk_class": "Low",
        "primary_hazard": "Low Geo-Hazard Stress (Nominal Operational)",
        "failure_code": "NOMINAL-00",
        "diagnostic_message": "KP 40.0: Stable terrain conditions (10.4% PoF). Operating within normal design parameters under standard Catholic Protection monitoring.",
        "remediation_plan": "Maintain standard periodic aerial Right-of-Way surveillance and annual CP survey."
      },
      "geometry": {
        "type": "Point",
        "coordinates": [
          6.188436,
          6.468361
        ]
      }
    },
    {
      "type": "Feature",
      "properties": {
        "kp": 41.0,
        "pipeline_id": 4,
        "pipeline_code": "OBN-AJA",
        "pipeline_name": "Oben\u2013Ajaokuta Gas Trunk Line (Western Line)",
        "latitude": 6.476542,
        "longitude": 6.192195,
        "elevation": 190.0,
        "slope_deg": 2.75,
        "river_proximity_km": 122.11,
        "fault_distance_km": 108.27,
        "soil_type": "Stable Sandy Loam",
        "soil_risk": 0,
        "flooding_index": 0.158,
        "earthquake_factor": 0.064,
        "erosion_factor": 0.113,
        "landslide_index": 0.242,
        "soil_corrosivity_index": 0.276,
        "hoop_stress_ratio": 0.354,
        "pipe_diameter_inches": 24.0,
        "operating_pressure_psig": 1200.0,
        "pipe_material": "API 5L X65",
        "design_wall_thickness_mm": 15.9,
        "operational_age_years": 16.0,
        "corrosion_rate_mm_per_year": 0.17,
        "thickness_loss_mm": 2.72,
        "remaining_wall_thickness_mm": 13.18,
        "material_loss_percent": 17.1,
        "degradation_condition": "Moderate",
        "failure_probability": 0.1081,
        "failure_probability_percent": 10.8,
        "risk_class": "Low",
        "primary_hazard": "Low Geo-Hazard Stress (Nominal Operational)",
        "failure_code": "NOMINAL-00",
        "diagnostic_message": "KP 41.0: Stable terrain conditions (10.8% PoF). Operating within normal design parameters under standard Catholic Protection monitoring.",
        "remediation_plan": "Maintain standard periodic aerial Right-of-Way surveillance and annual CP survey."
      },
      "geometry": {
        "type": "Point",
        "coordinates": [
          6.192195,
          6.476542
        ]
      }
    },
    {
      "type": "Feature",
      "properties": {
        "kp": 42.0,
        "pipeline_id": 4,
        "pipeline_code": "OBN-AJA",
        "pipeline_name": "Oben\u2013Ajaokuta Gas Trunk Line (Western Line)",
        "latitude": 6.484724,
        "longitude": 6.195954,
        "elevation": 215.0,
        "slope_deg": 2.52,
        "river_proximity_km": 121.11,
        "fault_distance_km": 107.39,
        "soil_type": "Expansive Shale & Rocky Outcrop",
        "soil_risk": 2,
        "flooding_index": 0.119,
        "earthquake_factor": 0.03,
        "erosion_factor": 0.128,
        "landslide_index": 0.256,
        "soil_corrosivity_index": 0.633,
        "hoop_stress_ratio": 0.354,
        "pipe_diameter_inches": 24.0,
        "operating_pressure_psig": 1200.0,
        "pipe_material": "API 5L X65",
        "design_wall_thickness_mm": 15.9,
        "operational_age_years": 16.0,
        "corrosion_rate_mm_per_year": 0.308,
        "thickness_loss_mm": 4.93,
        "remaining_wall_thickness_mm": 10.97,
        "material_loss_percent": 31.0,
        "degradation_condition": "Moderate",
        "failure_probability": 0.1322,
        "failure_probability_percent": 13.2,
        "risk_class": "Low",
        "primary_hazard": "Corrosive Soil & Anoxic Groundwater Degradation",
        "failure_code": "ERR-GEO-CORR-04",
        "diagnostic_message": "KP 42.0: High external corrosion hazard (13.2%) resulting from saturated groundwater (Corrosivity Index 0.633) and anaerobic clay soil. Coating breakdown risk is high.",
        "remediation_plan": "Upgrade Impressed Current Cathodic Protection (ICCP), apply 3LPE coating repair, and conduct smart-pig inline inspection."
      },
      "geometry": {
        "type": "Point",
        "coordinates": [
          6.195954,
          6.484724
        ]
      }
    },
    {
      "type": "Feature",
      "properties": {
        "kp": 43.0,
        "pipeline_id": 4,
        "pipeline_code": "OBN-AJA",
        "pipeline_name": "Oben\u2013Ajaokuta Gas Trunk Line (Western Line)",
        "latitude": 6.492905,
        "longitude": 6.199713,
        "elevation": 234.0,
        "slope_deg": 1.83,
        "river_proximity_km": 120.11,
        "fault_distance_km": 106.0,
        "soil_type": "Expansive Shale & Rocky Outcrop",
        "soil_risk": 2,
        "flooding_index": 0.105,
        "earthquake_factor": 0.032,
        "erosion_factor": 0.092,
        "landslide_index": 0.219,
        "soil_corrosivity_index": 0.6,
        "hoop_stress_ratio": 0.354,
        "pipe_diameter_inches": 24.0,
        "operating_pressure_psig": 1200.0,
        "pipe_material": "API 5L X65",
        "design_wall_thickness_mm": 15.9,
        "operational_age_years": 16.0,
        "corrosion_rate_mm_per_year": 0.294,
        "thickness_loss_mm": 4.7,
        "remaining_wall_thickness_mm": 11.2,
        "material_loss_percent": 29.6,
        "degradation_condition": "Moderate",
        "failure_probability": 0.1181,
        "failure_probability_percent": 11.8,
        "risk_class": "Low",
        "primary_hazard": "Corrosive Soil & Anoxic Groundwater Degradation",
        "failure_code": "ERR-GEO-CORR-04",
        "diagnostic_message": "KP 43.0: High external corrosion hazard (11.8%) resulting from saturated groundwater (Corrosivity Index 0.6) and anaerobic clay soil. Coating breakdown risk is high.",
        "remediation_plan": "Upgrade Impressed Current Cathodic Protection (ICCP), apply 3LPE coating repair, and conduct smart-pig inline inspection."
      },
      "geometry": {
        "type": "Point",
        "coordinates": [
          6.199713,
          6.492905
        ]
      }
    },
    {
      "type": "Feature",
      "properties": {
        "kp": 44.0,
        "pipeline_id": 4,
        "pipeline_code": "OBN-AJA",
        "pipeline_name": "Oben\u2013Ajaokuta Gas Trunk Line (Western Line)",
        "latitude": 6.501086,
        "longitude": 6.203472,
        "elevation": 247.0,
        "slope_deg": 1.2,
        "river_proximity_km": 119.11,
        "fault_distance_km": 105.48,
        "soil_type": "Expansive Shale & Rocky Outcrop",
        "soil_risk": 2,
        "flooding_index": 0.061,
        "earthquake_factor": 0.067,
        "erosion_factor": 0.06,
        "landslide_index": 0.234,
        "soil_corrosivity_index": 0.578,
        "hoop_stress_ratio": 0.354,
        "pipe_diameter_inches": 24.0,
        "operating_pressure_psig": 1200.0,
        "pipe_material": "API 5L X65",
        "design_wall_thickness_mm": 15.9,
        "operational_age_years": 16.0,
        "corrosion_rate_mm_per_year": 0.291,
        "thickness_loss_mm": 4.66,
        "remaining_wall_thickness_mm": 11.24,
        "material_loss_percent": 29.3,
        "degradation_condition": "Moderate",
        "failure_probability": 0.1122,
        "failure_probability_percent": 11.2,
        "risk_class": "Low",
        "primary_hazard": "Corrosive Soil & Anoxic Groundwater Degradation",
        "failure_code": "ERR-GEO-CORR-04",
        "diagnostic_message": "KP 44.0: High external corrosion hazard (11.2%) resulting from saturated groundwater (Corrosivity Index 0.578) and anaerobic clay soil. Coating breakdown risk is high.",
        "remediation_plan": "Upgrade Impressed Current Cathodic Protection (ICCP), apply 3LPE coating repair, and conduct smart-pig inline inspection."
      },
      "geometry": {
        "type": "Point",
        "coordinates": [
          6.203472,
          6.501086
        ]
      }
    },
    {
      "type": "Feature",
      "properties": {
        "kp": 45.0,
        "pipeline_id": 4,
        "pipeline_code": "OBN-AJA",
        "pipeline_name": "Oben\u2013Ajaokuta Gas Trunk Line (Western Line)",
        "latitude": 6.509268,
        "longitude": 6.207231,
        "elevation": 255.0,
        "slope_deg": 1.89,
        "river_proximity_km": 118.11,
        "fault_distance_km": 104.22,
        "soil_type": "Expansive Shale & Rocky Outcrop",
        "soil_risk": 2,
        "flooding_index": 0.088,
        "earthquake_factor": 0.061,
        "erosion_factor": 0.073,
        "landslide_index": 0.243,
        "soil_corrosivity_index": 0.564,
        "hoop_stress_ratio": 0.354,
        "pipe_diameter_inches": 24.0,
        "operating_pressure_psig": 1200.0,
        "pipe_material": "API 5L X65",
        "design_wall_thickness_mm": 15.9,
        "operational_age_years": 16.0,
        "corrosion_rate_mm_per_year": 0.281,
        "thickness_loss_mm": 4.5,
        "remaining_wall_thickness_mm": 11.4,
        "material_loss_percent": 28.3,
        "degradation_condition": "Moderate",
        "failure_probability": 0.1175,
        "failure_probability_percent": 11.8,
        "risk_class": "Low",
        "primary_hazard": "Corrosive Soil & Anoxic Groundwater Degradation",
        "failure_code": "ERR-GEO-CORR-04",
        "diagnostic_message": "KP 45.0: High external corrosion hazard (11.8%) resulting from saturated groundwater (Corrosivity Index 0.564) and anaerobic clay soil. Coating breakdown risk is high.",
        "remediation_plan": "Upgrade Impressed Current Cathodic Protection (ICCP), apply 3LPE coating repair, and conduct smart-pig inline inspection."
      },
      "geometry": {
        "type": "Point",
        "coordinates": [
          6.207231,
          6.509268
        ]
      }
    },
    {
      "type": "Feature",
      "properties": {
        "kp": 46.0,
        "pipeline_id": 4,
        "pipeline_code": "OBN-AJA",
        "pipeline_name": "Oben\u2013Ajaokuta Gas Trunk Line (Western Line)",
        "latitude": 6.517449,
        "longitude": 6.21099,
        "elevation": 280.0,
        "slope_deg": 0.4,
        "river_proximity_km": 117.11,
        "fault_distance_km": 103.37,
        "soil_type": "Expansive Shale & Rocky Outcrop",
        "soil_risk": 2,
        "flooding_index": 0.064,
        "earthquake_factor": 0.056,
        "erosion_factor": 0.05,
        "landslide_index": 0.223,
        "soil_corrosivity_index": 0.522,
        "hoop_stress_ratio": 0.354,
        "pipe_diameter_inches": 24.0,
        "operating_pressure_psig": 1200.0,
        "pipe_material": "API 5L X65",
        "design_wall_thickness_mm": 15.9,
        "operational_age_years": 16.0,
        "corrosion_rate_mm_per_year": 0.243,
        "thickness_loss_mm": 3.89,
        "remaining_wall_thickness_mm": 12.01,
        "material_loss_percent": 24.5,
        "degradation_condition": "Moderate",
        "failure_probability": 0.1038,
        "failure_probability_percent": 10.4,
        "risk_class": "Low",
        "primary_hazard": "Corrosive Soil & Anoxic Groundwater Degradation",
        "failure_code": "ERR-GEO-CORR-04",
        "diagnostic_message": "KP 46.0: High external corrosion hazard (10.4%) resulting from saturated groundwater (Corrosivity Index 0.522) and anaerobic clay soil. Coating breakdown risk is high.",
        "remediation_plan": "Upgrade Impressed Current Cathodic Protection (ICCP), apply 3LPE coating repair, and conduct smart-pig inline inspection."
      },
      "geometry": {
        "type": "Point",
        "coordinates": [
          6.21099,
          6.517449
        ]
      }
    },
    {
      "type": "Feature",
      "properties": {
        "kp": 47.0,
        "pipeline_id": 4,
        "pipeline_code": "OBN-AJA",
        "pipeline_name": "Oben\u2013Ajaokuta Gas Trunk Line (Western Line)",
        "latitude": 6.525631,
        "longitude": 6.214749,
        "elevation": 262.0,
        "slope_deg": 1.09,
        "river_proximity_km": 116.11,
        "fault_distance_km": 102.22,
        "soil_type": "Expansive Shale & Rocky Outcrop",
        "soil_risk": 2,
        "flooding_index": 0.044,
        "earthquake_factor": 0.03,
        "erosion_factor": 0.055,
        "landslide_index": 0.22,
        "soil_corrosivity_index": 0.552,
        "hoop_stress_ratio": 0.354,
        "pipe_diameter_inches": 24.0,
        "operating_pressure_psig": 1200.0,
        "pipe_material": "API 5L X65",
        "design_wall_thickness_mm": 15.9,
        "operational_age_years": 16.0,
        "corrosion_rate_mm_per_year": 0.278,
        "thickness_loss_mm": 4.45,
        "remaining_wall_thickness_mm": 11.45,
        "material_loss_percent": 28.0,
        "degradation_condition": "Moderate",
        "failure_probability": 0.0995,
        "failure_probability_percent": 10.0,
        "risk_class": "Low",
        "primary_hazard": "Corrosive Soil & Anoxic Groundwater Degradation",
        "failure_code": "ERR-GEO-CORR-04",
        "diagnostic_message": "KP 47.0: High external corrosion hazard (10.0%) resulting from saturated groundwater (Corrosivity Index 0.552) and anaerobic clay soil. Coating breakdown risk is high.",
        "remediation_plan": "Upgrade Impressed Current Cathodic Protection (ICCP), apply 3LPE coating repair, and conduct smart-pig inline inspection."
      },
      "geometry": {
        "type": "Point",
        "coordinates": [
          6.214749,
          6.525631
        ]
      }
    },
    {
      "type": "Feature",
      "properties": {
        "kp": 48.0,
        "pipeline_id": 4,
        "pipeline_code": "OBN-AJA",
        "pipeline_name": "Oben\u2013Ajaokuta Gas Trunk Line (Western Line)",
        "latitude": 6.533812,
        "longitude": 6.218508,
        "elevation": 261.0,
        "slope_deg": 2.29,
        "river_proximity_km": 115.11,
        "fault_distance_km": 101.14,
        "soil_type": "Expansive Shale & Rocky Outcrop",
        "soil_risk": 2,
        "flooding_index": 0.068,
        "earthquake_factor": 0.03,
        "erosion_factor": 0.079,
        "landslide_index": 0.258,
        "soil_corrosivity_index": 0.554,
        "hoop_stress_ratio": 0.354,
        "pipe_diameter_inches": 24.0,
        "operating_pressure_psig": 1200.0,
        "pipe_material": "API 5L X65",
        "design_wall_thickness_mm": 15.9,
        "operational_age_years": 16.0,
        "corrosion_rate_mm_per_year": 0.253,
        "thickness_loss_mm": 4.05,
        "remaining_wall_thickness_mm": 11.85,
        "material_loss_percent": 25.5,
        "degradation_condition": "Moderate",
        "failure_probability": 0.112,
        "failure_probability_percent": 11.2,
        "risk_class": "Low",
        "primary_hazard": "Corrosive Soil & Anoxic Groundwater Degradation",
        "failure_code": "ERR-GEO-CORR-04",
        "diagnostic_message": "KP 48.0: High external corrosion hazard (11.2%) resulting from saturated groundwater (Corrosivity Index 0.554) and anaerobic clay soil. Coating breakdown risk is high.",
        "remediation_plan": "Upgrade Impressed Current Cathodic Protection (ICCP), apply 3LPE coating repair, and conduct smart-pig inline inspection."
      },
      "geometry": {
        "type": "Point",
        "coordinates": [
          6.218508,
          6.533812
        ]
      }
    },
    {
      "type": "Feature",
      "properties": {
        "kp": 49.0,
        "pipeline_id": 4,
        "pipeline_code": "OBN-AJA",
        "pipeline_name": "Oben\u2013Ajaokuta Gas Trunk Line (Western Line)",
        "latitude": 6.541994,
        "longitude": 6.222267,
        "elevation": 302.0,
        "slope_deg": 2.12,
        "river_proximity_km": 114.11,
        "fault_distance_km": 100.27,
        "soil_type": "Expansive Shale & Rocky Outcrop",
        "soil_risk": 2,
        "flooding_index": 0.04,
        "earthquake_factor": 0.046,
        "erosion_factor": 0.083,
        "landslide_index": 0.283,
        "soil_corrosivity_index": 0.484,
        "hoop_stress_ratio": 0.354,
        "pipe_diameter_inches": 24.0,
        "operating_pressure_psig": 1200.0,
        "pipe_material": "API 5L X65",
        "design_wall_thickness_mm": 15.9,
        "operational_age_years": 16.0,
        "corrosion_rate_mm_per_year": 0.258,
        "thickness_loss_mm": 4.13,
        "remaining_wall_thickness_mm": 11.77,
        "material_loss_percent": 26.0,
        "degradation_condition": "Moderate",
        "failure_probability": 0.1069,
        "failure_probability_percent": 10.7,
        "risk_class": "Low",
        "primary_hazard": "Corrosive Soil & Anoxic Groundwater Degradation",
        "failure_code": "ERR-GEO-CORR-04",
        "diagnostic_message": "KP 49.0: High external corrosion hazard (10.7%) resulting from saturated groundwater (Corrosivity Index 0.484) and anaerobic clay soil. Coating breakdown risk is high.",
        "remediation_plan": "Upgrade Impressed Current Cathodic Protection (ICCP), apply 3LPE coating repair, and conduct smart-pig inline inspection."
      },
      "geometry": {
        "type": "Point",
        "coordinates": [
          6.222267,
          6.541994
        ]
      }
    },
    {
      "type": "Feature",
      "properties": {
        "kp": 50.0,
        "pipeline_id": 4,
        "pipeline_code": "OBN-AJA",
        "pipeline_name": "Oben\u2013Ajaokuta Gas Trunk Line (Western Line)",
        "latitude": 6.550175,
        "longitude": 6.226026,
        "elevation": 298.0,
        "slope_deg": 0.57,
        "river_proximity_km": 113.11,
        "fault_distance_km": 99.23,
        "soil_type": "Expansive Shale & Rocky Outcrop",
        "soil_risk": 2,
        "flooding_index": 0.04,
        "earthquake_factor": 0.03,
        "erosion_factor": 0.05,
        "landslide_index": 0.223,
        "soil_corrosivity_index": 0.491,
        "hoop_stress_ratio": 0.354,
        "pipe_diameter_inches": 24.0,
        "operating_pressure_psig": 1200.0,
        "pipe_material": "API 5L X65",
        "design_wall_thickness_mm": 15.9,
        "operational_age_years": 16.0,
        "corrosion_rate_mm_per_year": 0.243,
        "thickness_loss_mm": 3.89,
        "remaining_wall_thickness_mm": 12.01,
        "material_loss_percent": 24.5,
        "degradation_condition": "Moderate",
        "failure_probability": 0.0934,
        "failure_probability_percent": 9.3,
        "risk_class": "Low",
        "primary_hazard": "Corrosive Soil & Anoxic Groundwater Degradation",
        "failure_code": "ERR-GEO-CORR-04",
        "diagnostic_message": "KP 50.0: High external corrosion hazard (9.3%) resulting from saturated groundwater (Corrosivity Index 0.491) and anaerobic clay soil. Coating breakdown risk is high.",
        "remediation_plan": "Upgrade Impressed Current Cathodic Protection (ICCP), apply 3LPE coating repair, and conduct smart-pig inline inspection."
      },
      "geometry": {
        "type": "Point",
        "coordinates": [
          6.226026,
          6.550175
        ]
      }
    },
    {
      "type": "Feature",
      "properties": {
        "kp": 51.0,
        "pipeline_id": 4,
        "pipeline_code": "OBN-AJA",
        "pipeline_name": "Oben\u2013Ajaokuta Gas Trunk Line (Western Line)",
        "latitude": 6.558357,
        "longitude": 6.229785,
        "elevation": 292.0,
        "slope_deg": 0.46,
        "river_proximity_km": 112.11,
        "fault_distance_km": 98.27,
        "soil_type": "Expansive Shale & Rocky Outcrop",
        "soil_risk": 2,
        "flooding_index": 0.041,
        "earthquake_factor": 0.045,
        "erosion_factor": 0.074,
        "landslide_index": 0.232,
        "soil_corrosivity_index": 0.501,
        "hoop_stress_ratio": 0.354,
        "pipe_diameter_inches": 24.0,
        "operating_pressure_psig": 1200.0,
        "pipe_material": "API 5L X65",
        "design_wall_thickness_mm": 15.9,
        "operational_age_years": 16.0,
        "corrosion_rate_mm_per_year": 0.259,
        "thickness_loss_mm": 4.14,
        "remaining_wall_thickness_mm": 11.76,
        "material_loss_percent": 26.0,
        "degradation_condition": "Moderate",
        "failure_probability": 0.0999,
        "failure_probability_percent": 10.0,
        "risk_class": "Low",
        "primary_hazard": "Corrosive Soil & Anoxic Groundwater Degradation",
        "failure_code": "ERR-GEO-CORR-04",
        "diagnostic_message": "KP 51.0: High external corrosion hazard (10.0%) resulting from saturated groundwater (Corrosivity Index 0.501) and anaerobic clay soil. Coating breakdown risk is high.",
        "remediation_plan": "Upgrade Impressed Current Cathodic Protection (ICCP), apply 3LPE coating repair, and conduct smart-pig inline inspection."
      },
      "geometry": {
        "type": "Point",
        "coordinates": [
          6.229785,
          6.558357
        ]
      }
    },
    {
      "type": "Feature",
      "properties": {
        "kp": 52.0,
        "pipeline_id": 4,
        "pipeline_code": "OBN-AJA",
        "pipeline_name": "Oben\u2013Ajaokuta Gas Trunk Line (Western Line)",
        "latitude": 6.566538,
        "longitude": 6.233545,
        "elevation": 290.0,
        "slope_deg": 0.06,
        "river_proximity_km": 111.11,
        "fault_distance_km": 97.5,
        "soil_type": "Expansive Shale & Rocky Outcrop",
        "soil_risk": 2,
        "flooding_index": 0.04,
        "earthquake_factor": 0.03,
        "erosion_factor": 0.05,
        "landslide_index": 0.209,
        "soil_corrosivity_index": 0.504,
        "hoop_stress_ratio": 0.354,
        "pipe_diameter_inches": 24.0,
        "operating_pressure_psig": 1200.0,
        "pipe_material": "API 5L X65",
        "design_wall_thickness_mm": 15.9,
        "operational_age_years": 16.0,
        "corrosion_rate_mm_per_year": 0.267,
        "thickness_loss_mm": 4.27,
        "remaining_wall_thickness_mm": 11.63,
        "material_loss_percent": 26.9,
        "degradation_condition": "Moderate",
        "failure_probability": 0.0924,
        "failure_probability_percent": 9.2,
        "risk_class": "Low",
        "primary_hazard": "Corrosive Soil & Anoxic Groundwater Degradation",
        "failure_code": "ERR-GEO-CORR-04",
        "diagnostic_message": "KP 52.0: High external corrosion hazard (9.2%) resulting from saturated groundwater (Corrosivity Index 0.504) and anaerobic clay soil. Coating breakdown risk is high.",
        "remediation_plan": "Upgrade Impressed Current Cathodic Protection (ICCP), apply 3LPE coating repair, and conduct smart-pig inline inspection."
      },
      "geometry": {
        "type": "Point",
        "coordinates": [
          6.233545,
          6.566538
        ]
      }
    },
    {
      "type": "Feature",
      "properties": {
        "kp": 53.0,
        "pipeline_id": 4,
        "pipeline_code": "OBN-AJA",
        "pipeline_name": "Oben\u2013Ajaokuta Gas Trunk Line (Western Line)",
        "latitude": 6.57472,
        "longitude": 6.237304,
        "elevation": 291.0,
        "slope_deg": 0.74,
        "river_proximity_km": 110.11,
        "fault_distance_km": 96.08,
        "soil_type": "Expansive Shale & Rocky Outcrop",
        "soil_risk": 2,
        "flooding_index": 0.062,
        "earthquake_factor": 0.03,
        "erosion_factor": 0.093,
        "landslide_index": 0.224,
        "soil_corrosivity_index": 0.503,
        "hoop_stress_ratio": 0.354,
        "pipe_diameter_inches": 24.0,
        "operating_pressure_psig": 1200.0,
        "pipe_material": "API 5L X65",
        "design_wall_thickness_mm": 15.9,
        "operational_age_years": 16.0,
        "corrosion_rate_mm_per_year": 0.235,
        "thickness_loss_mm": 3.76,
        "remaining_wall_thickness_mm": 12.14,
        "material_loss_percent": 23.6,
        "degradation_condition": "Moderate",
        "failure_probability": 0.1024,
        "failure_probability_percent": 10.2,
        "risk_class": "Low",
        "primary_hazard": "Corrosive Soil & Anoxic Groundwater Degradation",
        "failure_code": "ERR-GEO-CORR-04",
        "diagnostic_message": "KP 53.0: High external corrosion hazard (10.2%) resulting from saturated groundwater (Corrosivity Index 0.503) and anaerobic clay soil. Coating breakdown risk is high.",
        "remediation_plan": "Upgrade Impressed Current Cathodic Protection (ICCP), apply 3LPE coating repair, and conduct smart-pig inline inspection."
      },
      "geometry": {
        "type": "Point",
        "coordinates": [
          6.237304,
          6.57472
        ]
      }
    },
    {
      "type": "Feature",
      "properties": {
        "kp": 54.0,
        "pipeline_id": 4,
        "pipeline_code": "OBN-AJA",
        "pipeline_name": "Oben\u2013Ajaokuta Gas Trunk Line (Western Line)",
        "latitude": 6.582901,
        "longitude": 6.241063,
        "elevation": 303.0,
        "slope_deg": 0.0,
        "river_proximity_km": 109.11,
        "fault_distance_km": 95.24,
        "soil_type": "Expansive Shale & Rocky Outcrop",
        "soil_risk": 2,
        "flooding_index": 0.04,
        "earthquake_factor": 0.03,
        "erosion_factor": 0.05,
        "landslide_index": 0.221,
        "soil_corrosivity_index": 0.482,
        "hoop_stress_ratio": 0.354,
        "pipe_diameter_inches": 24.0,
        "operating_pressure_psig": 1200.0,
        "pipe_material": "API 5L X65",
        "design_wall_thickness_mm": 15.9,
        "operational_age_years": 16.0,
        "corrosion_rate_mm_per_year": 0.245,
        "thickness_loss_mm": 3.92,
        "remaining_wall_thickness_mm": 11.98,
        "material_loss_percent": 24.7,
        "degradation_condition": "Moderate",
        "failure_probability": 0.0923,
        "failure_probability_percent": 9.2,
        "risk_class": "Low",
        "primary_hazard": "Corrosive Soil & Anoxic Groundwater Degradation",
        "failure_code": "ERR-GEO-CORR-04",
        "diagnostic_message": "KP 54.0: High external corrosion hazard (9.2%) resulting from saturated groundwater (Corrosivity Index 0.482) and anaerobic clay soil. Coating breakdown risk is high.",
        "remediation_plan": "Upgrade Impressed Current Cathodic Protection (ICCP), apply 3LPE coating repair, and conduct smart-pig inline inspection."
      },
      "geometry": {
        "type": "Point",
        "coordinates": [
          6.241063,
          6.582901
        ]
      }
    },
    {
      "type": "Feature",
      "properties": {
        "kp": 55.0,
        "pipeline_id": 4,
        "pipeline_code": "OBN-AJA",
        "pipeline_name": "Oben\u2013Ajaokuta Gas Trunk Line (Western Line)",
        "latitude": 6.591082,
        "longitude": 6.244822,
        "elevation": 291.0,
        "slope_deg": 0.0,
        "river_proximity_km": 108.11,
        "fault_distance_km": 94.14,
        "soil_type": "Expansive Shale & Rocky Outcrop",
        "soil_risk": 2,
        "flooding_index": 0.046,
        "earthquake_factor": 0.052,
        "erosion_factor": 0.05,
        "landslide_index": 0.198,
        "soil_corrosivity_index": 0.503,
        "hoop_stress_ratio": 0.354,
        "pipe_diameter_inches": 24.0,
        "operating_pressure_psig": 1200.0,
        "pipe_material": "API 5L X65",
        "design_wall_thickness_mm": 15.9,
        "operational_age_years": 16.0,
        "corrosion_rate_mm_per_year": 0.236,
        "thickness_loss_mm": 3.78,
        "remaining_wall_thickness_mm": 12.12,
        "material_loss_percent": 23.8,
        "degradation_condition": "Moderate",
        "failure_probability": 0.0945,
        "failure_probability_percent": 9.4,
        "risk_class": "Low",
        "primary_hazard": "Corrosive Soil & Anoxic Groundwater Degradation",
        "failure_code": "ERR-GEO-CORR-04",
        "diagnostic_message": "KP 55.0: High external corrosion hazard (9.4%) resulting from saturated groundwater (Corrosivity Index 0.503) and anaerobic clay soil. Coating breakdown risk is high.",
        "remediation_plan": "Upgrade Impressed Current Cathodic Protection (ICCP), apply 3LPE coating repair, and conduct smart-pig inline inspection."
      },
      "geometry": {
        "type": "Point",
        "coordinates": [
          6.244822,
          6.591082
        ]
      }
    },
    {
      "type": "Feature",
      "properties": {
        "kp": 56.0,
        "pipeline_id": 4,
        "pipeline_code": "OBN-AJA",
        "pipeline_name": "Oben\u2013Ajaokuta Gas Trunk Line (Western Line)",
        "latitude": 6.599264,
        "longitude": 6.248581,
        "elevation": 303.0,
        "slope_deg": 1.09,
        "river_proximity_km": 107.11,
        "fault_distance_km": 93.07,
        "soil_type": "Expansive Shale & Rocky Outcrop",
        "soil_risk": 2,
        "flooding_index": 0.041,
        "earthquake_factor": 0.03,
        "erosion_factor": 0.068,
        "landslide_index": 0.259,
        "soil_corrosivity_index": 0.482,
        "hoop_stress_ratio": 0.354,
        "pipe_diameter_inches": 24.0,
        "operating_pressure_psig": 1200.0,
        "pipe_material": "API 5L X65",
        "design_wall_thickness_mm": 15.9,
        "operational_age_years": 16.0,
        "corrosion_rate_mm_per_year": 0.227,
        "thickness_loss_mm": 3.63,
        "remaining_wall_thickness_mm": 12.27,
        "material_loss_percent": 22.8,
        "degradation_condition": "Moderate",
        "failure_probability": 0.0999,
        "failure_probability_percent": 10.0,
        "risk_class": "Low",
        "primary_hazard": "Corrosive Soil & Anoxic Groundwater Degradation",
        "failure_code": "ERR-GEO-CORR-04",
        "diagnostic_message": "KP 56.0: High external corrosion hazard (10.0%) resulting from saturated groundwater (Corrosivity Index 0.482) and anaerobic clay soil. Coating breakdown risk is high.",
        "remediation_plan": "Upgrade Impressed Current Cathodic Protection (ICCP), apply 3LPE coating repair, and conduct smart-pig inline inspection."
      },
      "geometry": {
        "type": "Point",
        "coordinates": [
          6.248581,
          6.599264
        ]
      }
    },
    {
      "type": "Feature",
      "properties": {
        "kp": 57.0,
        "pipeline_id": 4,
        "pipeline_code": "OBN-AJA",
        "pipeline_name": "Oben\u2013Ajaokuta Gas Trunk Line (Western Line)",
        "latitude": 6.607445,
        "longitude": 6.25234,
        "elevation": 310.0,
        "slope_deg": 0.06,
        "river_proximity_km": 106.11,
        "fault_distance_km": 92.31,
        "soil_type": "Expansive Shale & Rocky Outcrop",
        "soil_risk": 2,
        "flooding_index": 0.04,
        "earthquake_factor": 0.067,
        "erosion_factor": 0.05,
        "landslide_index": 0.228,
        "soil_corrosivity_index": 0.47,
        "hoop_stress_ratio": 0.354,
        "pipe_diameter_inches": 24.0,
        "operating_pressure_psig": 1200.0,
        "pipe_material": "API 5L X65",
        "design_wall_thickness_mm": 15.9,
        "operational_age_years": 16.0,
        "corrosion_rate_mm_per_year": 0.241,
        "thickness_loss_mm": 3.86,
        "remaining_wall_thickness_mm": 12.04,
        "material_loss_percent": 24.3,
        "degradation_condition": "Moderate",
        "failure_probability": 0.097,
        "failure_probability_percent": 9.7,
        "risk_class": "Low",
        "primary_hazard": "Corrosive Soil & Anoxic Groundwater Degradation",
        "failure_code": "ERR-GEO-CORR-04",
        "diagnostic_message": "KP 57.0: High external corrosion hazard (9.7%) resulting from saturated groundwater (Corrosivity Index 0.47) and anaerobic clay soil. Coating breakdown risk is high.",
        "remediation_plan": "Upgrade Impressed Current Cathodic Protection (ICCP), apply 3LPE coating repair, and conduct smart-pig inline inspection."
      },
      "geometry": {
        "type": "Point",
        "coordinates": [
          6.25234,
          6.607445
        ]
      }
    },
    {
      "type": "Feature",
      "properties": {
        "kp": 58.0,
        "pipeline_id": 4,
        "pipeline_code": "OBN-AJA",
        "pipeline_name": "Oben\u2013Ajaokuta Gas Trunk Line (Western Line)",
        "latitude": 6.615627,
        "longitude": 6.256099,
        "elevation": 304.0,
        "slope_deg": 1.6,
        "river_proximity_km": 105.11,
        "fault_distance_km": 91.0,
        "soil_type": "Expansive Shale & Rocky Outcrop",
        "soil_risk": 2,
        "flooding_index": 0.04,
        "earthquake_factor": 0.066,
        "erosion_factor": 0.084,
        "landslide_index": 0.283,
        "soil_corrosivity_index": 0.48,
        "hoop_stress_ratio": 0.354,
        "pipe_diameter_inches": 24.0,
        "operating_pressure_psig": 1200.0,
        "pipe_material": "API 5L X65",
        "design_wall_thickness_mm": 15.9,
        "operational_age_years": 16.0,
        "corrosion_rate_mm_per_year": 0.258,
        "thickness_loss_mm": 4.13,
        "remaining_wall_thickness_mm": 11.77,
        "material_loss_percent": 26.0,
        "degradation_condition": "Moderate",
        "failure_probability": 0.1092,
        "failure_probability_percent": 10.9,
        "risk_class": "Low",
        "primary_hazard": "Corrosive Soil & Anoxic Groundwater Degradation",
        "failure_code": "ERR-GEO-CORR-04",
        "diagnostic_message": "KP 58.0: High external corrosion hazard (10.9%) resulting from saturated groundwater (Corrosivity Index 0.48) and anaerobic clay soil. Coating breakdown risk is high.",
        "remediation_plan": "Upgrade Impressed Current Cathodic Protection (ICCP), apply 3LPE coating repair, and conduct smart-pig inline inspection."
      },
      "geometry": {
        "type": "Point",
        "coordinates": [
          6.256099,
          6.615627
        ]
      }
    },
    {
      "type": "Feature",
      "properties": {
        "kp": 59.0,
        "pipeline_id": 4,
        "pipeline_code": "OBN-AJA",
        "pipeline_name": "Oben\u2013Ajaokuta Gas Trunk Line (Western Line)",
        "latitude": 6.623808,
        "longitude": 6.259858,
        "elevation": 282.0,
        "slope_deg": 0.97,
        "river_proximity_km": 104.11,
        "fault_distance_km": 90.12,
        "soil_type": "Expansive Shale & Rocky Outcrop",
        "soil_risk": 2,
        "flooding_index": 0.04,
        "earthquake_factor": 0.046,
        "erosion_factor": 0.056,
        "landslide_index": 0.246,
        "soil_corrosivity_index": 0.518,
        "hoop_stress_ratio": 0.354,
        "pipe_diameter_inches": 24.0,
        "operating_pressure_psig": 1200.0,
        "pipe_material": "API 5L X65",
        "design_wall_thickness_mm": 15.9,
        "operational_age_years": 16.0,
        "corrosion_rate_mm_per_year": 0.273,
        "thickness_loss_mm": 4.37,
        "remaining_wall_thickness_mm": 11.53,
        "material_loss_percent": 27.5,
        "degradation_condition": "Moderate",
        "failure_probability": 0.1019,
        "failure_probability_percent": 10.2,
        "risk_class": "Low",
        "primary_hazard": "Corrosive Soil & Anoxic Groundwater Degradation",
        "failure_code": "ERR-GEO-CORR-04",
        "diagnostic_message": "KP 59.0: High external corrosion hazard (10.2%) resulting from saturated groundwater (Corrosivity Index 0.518) and anaerobic clay soil. Coating breakdown risk is high.",
        "remediation_plan": "Upgrade Impressed Current Cathodic Protection (ICCP), apply 3LPE coating repair, and conduct smart-pig inline inspection."
      },
      "geometry": {
        "type": "Point",
        "coordinates": [
          6.259858,
          6.623808
        ]
      }
    },
    {
      "type": "Feature",
      "properties": {
        "kp": 60.0,
        "pipeline_id": 4,
        "pipeline_code": "OBN-AJA",
        "pipeline_name": "Oben\u2013Ajaokuta Gas Trunk Line (Western Line)",
        "latitude": 6.63199,
        "longitude": 6.263617,
        "elevation": 287.0,
        "slope_deg": 0.06,
        "river_proximity_km": 103.11,
        "fault_distance_km": 89.21,
        "soil_type": "Expansive Shale & Rocky Outcrop",
        "soil_risk": 2,
        "flooding_index": 0.04,
        "earthquake_factor": 0.056,
        "erosion_factor": 0.05,
        "landslide_index": 0.215,
        "soil_corrosivity_index": 0.51,
        "hoop_stress_ratio": 0.354,
        "pipe_diameter_inches": 24.0,
        "operating_pressure_psig": 1200.0,
        "pipe_material": "API 5L X65",
        "design_wall_thickness_mm": 15.9,
        "operational_age_years": 16.0,
        "corrosion_rate_mm_per_year": 0.251,
        "thickness_loss_mm": 4.02,
        "remaining_wall_thickness_mm": 11.88,
        "material_loss_percent": 25.3,
        "degradation_condition": "Moderate",
        "failure_probability": 0.0972,
        "failure_probability_percent": 9.7,
        "risk_class": "Low",
        "primary_hazard": "Corrosive Soil & Anoxic Groundwater Degradation",
        "failure_code": "ERR-GEO-CORR-04",
        "diagnostic_message": "KP 60.0: High external corrosion hazard (9.7%) resulting from saturated groundwater (Corrosivity Index 0.51) and anaerobic clay soil. Coating breakdown risk is high.",
        "remediation_plan": "Upgrade Impressed Current Cathodic Protection (ICCP), apply 3LPE coating repair, and conduct smart-pig inline inspection."
      },
      "geometry": {
        "type": "Point",
        "coordinates": [
          6.263617,
          6.63199
        ]
      }
    },
    {
      "type": "Feature",
      "properties": {
        "kp": 61.0,
        "pipeline_id": 4,
        "pipeline_code": "OBN-AJA",
        "pipeline_name": "Oben\u2013Ajaokuta Gas Trunk Line (Western Line)",
        "latitude": 6.640171,
        "longitude": 6.267376,
        "elevation": 283.0,
        "slope_deg": 0.46,
        "river_proximity_km": 102.11,
        "fault_distance_km": 88.4,
        "soil_type": "Expansive Shale & Rocky Outcrop",
        "soil_risk": 2,
        "flooding_index": 0.04,
        "earthquake_factor": 0.047,
        "erosion_factor": 0.05,
        "landslide_index": 0.218,
        "soil_corrosivity_index": 0.516,
        "hoop_stress_ratio": 0.354,
        "pipe_diameter_inches": 24.0,
        "operating_pressure_psig": 1200.0,
        "pipe_material": "API 5L X65",
        "design_wall_thickness_mm": 15.9,
        "operational_age_years": 16.0,
        "corrosion_rate_mm_per_year": 0.243,
        "thickness_loss_mm": 3.89,
        "remaining_wall_thickness_mm": 12.01,
        "material_loss_percent": 24.5,
        "degradation_condition": "Moderate",
        "failure_probability": 0.097,
        "failure_probability_percent": 9.7,
        "risk_class": "Low",
        "primary_hazard": "Corrosive Soil & Anoxic Groundwater Degradation",
        "failure_code": "ERR-GEO-CORR-04",
        "diagnostic_message": "KP 61.0: High external corrosion hazard (9.7%) resulting from saturated groundwater (Corrosivity Index 0.516) and anaerobic clay soil. Coating breakdown risk is high.",
        "remediation_plan": "Upgrade Impressed Current Cathodic Protection (ICCP), apply 3LPE coating repair, and conduct smart-pig inline inspection."
      },
      "geometry": {
        "type": "Point",
        "coordinates": [
          6.267376,
          6.640171
        ]
      }
    },
    {
      "type": "Feature",
      "properties": {
        "kp": 62.0,
        "pipeline_id": 4,
        "pipeline_code": "OBN-AJA",
        "pipeline_name": "Oben\u2013Ajaokuta Gas Trunk Line (Western Line)",
        "latitude": 6.648353,
        "longitude": 6.271135,
        "elevation": 295.0,
        "slope_deg": 1.66,
        "river_proximity_km": 101.11,
        "fault_distance_km": 87.45,
        "soil_type": "Expansive Shale & Rocky Outcrop",
        "soil_risk": 2,
        "flooding_index": 0.055,
        "earthquake_factor": 0.03,
        "erosion_factor": 0.05,
        "landslide_index": 0.248,
        "soil_corrosivity_index": 0.496,
        "hoop_stress_ratio": 0.354,
        "pipe_diameter_inches": 24.0,
        "operating_pressure_psig": 1200.0,
        "pipe_material": "API 5L X65",
        "design_wall_thickness_mm": 15.9,
        "operational_age_years": 16.0,
        "corrosion_rate_mm_per_year": 0.254,
        "thickness_loss_mm": 4.06,
        "remaining_wall_thickness_mm": 11.84,
        "material_loss_percent": 25.5,
        "degradation_condition": "Moderate",
        "failure_probability": 0.1003,
        "failure_probability_percent": 10.0,
        "risk_class": "Low",
        "primary_hazard": "Corrosive Soil & Anoxic Groundwater Degradation",
        "failure_code": "ERR-GEO-CORR-04",
        "diagnostic_message": "KP 62.0: High external corrosion hazard (10.0%) resulting from saturated groundwater (Corrosivity Index 0.496) and anaerobic clay soil. Coating breakdown risk is high.",
        "remediation_plan": "Upgrade Impressed Current Cathodic Protection (ICCP), apply 3LPE coating repair, and conduct smart-pig inline inspection."
      },
      "geometry": {
        "type": "Point",
        "coordinates": [
          6.271135,
          6.648353
        ]
      }
    },
    {
      "type": "Feature",
      "properties": {
        "kp": 63.0,
        "pipeline_id": 4,
        "pipeline_code": "OBN-AJA",
        "pipeline_name": "Oben\u2013Ajaokuta Gas Trunk Line (Western Line)",
        "latitude": 6.656534,
        "longitude": 6.274894,
        "elevation": 312.0,
        "slope_deg": 2.46,
        "river_proximity_km": 100.11,
        "fault_distance_km": 86.39,
        "soil_type": "Expansive Shale & Rocky Outcrop",
        "soil_risk": 2,
        "flooding_index": 0.04,
        "earthquake_factor": 0.03,
        "erosion_factor": 0.084,
        "landslide_index": 0.311,
        "soil_corrosivity_index": 0.467,
        "hoop_stress_ratio": 0.354,
        "pipe_diameter_inches": 24.0,
        "operating_pressure_psig": 1200.0,
        "pipe_material": "API 5L X65",
        "design_wall_thickness_mm": 15.9,
        "operational_age_years": 16.0,
        "corrosion_rate_mm_per_year": 0.237,
        "thickness_loss_mm": 3.79,
        "remaining_wall_thickness_mm": 12.11,
        "material_loss_percent": 23.8,
        "degradation_condition": "Moderate",
        "failure_probability": 0.1077,
        "failure_probability_percent": 10.8,
        "risk_class": "Low",
        "primary_hazard": "Corrosive Soil & Anoxic Groundwater Degradation",
        "failure_code": "ERR-GEO-CORR-04",
        "diagnostic_message": "KP 63.0: High external corrosion hazard (10.8%) resulting from saturated groundwater (Corrosivity Index 0.467) and anaerobic clay soil. Coating breakdown risk is high.",
        "remediation_plan": "Upgrade Impressed Current Cathodic Protection (ICCP), apply 3LPE coating repair, and conduct smart-pig inline inspection."
      },
      "geometry": {
        "type": "Point",
        "coordinates": [
          6.274894,
          6.656534
        ]
      }
    },
    {
      "type": "Feature",
      "properties": {
        "kp": 64.0,
        "pipeline_id": 4,
        "pipeline_code": "OBN-AJA",
        "pipeline_name": "Oben\u2013Ajaokuta Gas Trunk Line (Western Line)",
        "latitude": 6.664716,
        "longitude": 6.278653,
        "elevation": 338.0,
        "slope_deg": 2.69,
        "river_proximity_km": 99.11,
        "fault_distance_km": 85.62,
        "soil_type": "Expansive Shale & Rocky Outcrop",
        "soil_risk": 2,
        "flooding_index": 0.04,
        "earthquake_factor": 0.052,
        "erosion_factor": 0.09,
        "landslide_index": 0.329,
        "soil_corrosivity_index": 0.43,
        "hoop_stress_ratio": 0.354,
        "pipe_diameter_inches": 24.0,
        "operating_pressure_psig": 1200.0,
        "pipe_material": "API 5L X65",
        "design_wall_thickness_mm": 15.9,
        "operational_age_years": 16.0,
        "corrosion_rate_mm_per_year": 0.232,
        "thickness_loss_mm": 3.71,
        "remaining_wall_thickness_mm": 12.19,
        "material_loss_percent": 23.3,
        "degradation_condition": "Moderate",
        "failure_probability": 0.1105,
        "failure_probability_percent": 11.1,
        "risk_class": "Low",
        "primary_hazard": "Low Geo-Hazard Stress (Nominal Operational)",
        "failure_code": "NOMINAL-00",
        "diagnostic_message": "KP 64.0: Stable terrain conditions (11.1% PoF). Operating within normal design parameters under standard Catholic Protection monitoring.",
        "remediation_plan": "Maintain standard periodic aerial Right-of-Way surveillance and annual CP survey."
      },
      "geometry": {
        "type": "Point",
        "coordinates": [
          6.278653,
          6.664716
        ]
      }
    },
    {
      "type": "Feature",
      "properties": {
        "kp": 65.0,
        "pipeline_id": 4,
        "pipeline_code": "OBN-AJA",
        "pipeline_name": "Oben\u2013Ajaokuta Gas Trunk Line (Western Line)",
        "latitude": 6.672897,
        "longitude": 6.282412,
        "elevation": 359.0,
        "slope_deg": 2.06,
        "river_proximity_km": 98.11,
        "fault_distance_km": 84.46,
        "soil_type": "Expansive Shale & Rocky Outcrop",
        "soil_risk": 2,
        "flooding_index": 0.057,
        "earthquake_factor": 0.03,
        "erosion_factor": 0.054,
        "landslide_index": 0.331,
        "soil_corrosivity_index": 0.43,
        "hoop_stress_ratio": 0.354,
        "pipe_diameter_inches": 24.0,
        "operating_pressure_psig": 1200.0,
        "pipe_material": "API 5L X65",
        "design_wall_thickness_mm": 15.9,
        "operational_age_years": 16.0,
        "corrosion_rate_mm_per_year": 0.227,
        "thickness_loss_mm": 3.63,
        "remaining_wall_thickness_mm": 12.27,
        "material_loss_percent": 22.8,
        "degradation_condition": "Moderate",
        "failure_probability": 0.1079,
        "failure_probability_percent": 10.8,
        "risk_class": "Low",
        "primary_hazard": "Low Geo-Hazard Stress (Nominal Operational)",
        "failure_code": "NOMINAL-00",
        "diagnostic_message": "KP 65.0: Stable terrain conditions (10.8% PoF). Operating within normal design parameters under standard Catholic Protection monitoring.",
        "remediation_plan": "Maintain standard periodic aerial Right-of-Way surveillance and annual CP survey."
      },
      "geometry": {
        "type": "Point",
        "coordinates": [
          6.282412,
          6.672897
        ]
      }
    },
    {
      "type": "Feature",
      "properties": {
        "kp": 66.0,
        "pipeline_id": 4,
        "pipeline_code": "OBN-AJA",
        "pipeline_name": "Oben\u2013Ajaokuta Gas Trunk Line (Western Line)",
        "latitude": 6.681078,
        "longitude": 6.286171,
        "elevation": 374.0,
        "slope_deg": 1.26,
        "river_proximity_km": 97.11,
        "fault_distance_km": 83.22,
        "soil_type": "Expansive Shale & Rocky Outcrop",
        "soil_risk": 2,
        "flooding_index": 0.04,
        "earthquake_factor": 0.03,
        "erosion_factor": 0.101,
        "landslide_index": 0.289,
        "soil_corrosivity_index": 0.43,
        "hoop_stress_ratio": 0.354,
        "pipe_diameter_inches": 24.0,
        "operating_pressure_psig": 1200.0,
        "pipe_material": "API 5L X65",
        "design_wall_thickness_mm": 15.9,
        "operational_age_years": 16.0,
        "corrosion_rate_mm_per_year": 0.216,
        "thickness_loss_mm": 3.46,
        "remaining_wall_thickness_mm": 12.44,
        "material_loss_percent": 21.8,
        "degradation_condition": "Moderate",
        "failure_probability": 0.1026,
        "failure_probability_percent": 10.3,
        "risk_class": "Low",
        "primary_hazard": "Low Geo-Hazard Stress (Nominal Operational)",
        "failure_code": "NOMINAL-00",
        "diagnostic_message": "KP 66.0: Stable terrain conditions (10.3% PoF). Operating within normal design parameters under standard Catholic Protection monitoring.",
        "remediation_plan": "Maintain standard periodic aerial Right-of-Way surveillance and annual CP survey."
      },
      "geometry": {
        "type": "Point",
        "coordinates": [
          6.286171,
          6.681078
        ]
      }
    },
    {
      "type": "Feature",
      "properties": {
        "kp": 67.0,
        "pipeline_id": 4,
        "pipeline_code": "OBN-AJA",
        "pipeline_name": "Oben\u2013Ajaokuta Gas Trunk Line (Western Line)",
        "latitude": 6.68926,
        "longitude": 6.28993,
        "elevation": 381.0,
        "slope_deg": 0.92,
        "river_proximity_km": 96.11,
        "fault_distance_km": 82.2,
        "soil_type": "Expansive Shale & Rocky Outcrop",
        "soil_risk": 2,
        "flooding_index": 0.04,
        "earthquake_factor": 0.03,
        "erosion_factor": 0.064,
        "landslide_index": 0.275,
        "soil_corrosivity_index": 0.43,
        "hoop_stress_ratio": 0.354,
        "pipe_diameter_inches": 24.0,
        "operating_pressure_psig": 1200.0,
        "pipe_material": "API 5L X65",
        "design_wall_thickness_mm": 15.9,
        "operational_age_years": 16.0,
        "corrosion_rate_mm_per_year": 0.235,
        "thickness_loss_mm": 3.76,
        "remaining_wall_thickness_mm": 12.14,
        "material_loss_percent": 23.6,
        "degradation_condition": "Moderate",
        "failure_probability": 0.0971,
        "failure_probability_percent": 9.7,
        "risk_class": "Low",
        "primary_hazard": "Low Geo-Hazard Stress (Nominal Operational)",
        "failure_code": "NOMINAL-00",
        "diagnostic_message": "KP 67.0: Stable terrain conditions (9.7% PoF). Operating within normal design parameters under standard Catholic Protection monitoring.",
        "remediation_plan": "Maintain standard periodic aerial Right-of-Way surveillance and annual CP survey."
      },
      "geometry": {
        "type": "Point",
        "coordinates": [
          6.28993,
          6.68926
        ]
      }
    },
    {
      "type": "Feature",
      "properties": {
        "kp": 68.0,
        "pipeline_id": 4,
        "pipeline_code": "OBN-AJA",
        "pipeline_name": "Oben\u2013Ajaokuta Gas Trunk Line (Western Line)",
        "latitude": 6.697441,
        "longitude": 6.293689,
        "elevation": 390.0,
        "slope_deg": 1.2,
        "river_proximity_km": 95.11,
        "fault_distance_km": 81.21,
        "soil_type": "Expansive Shale & Rocky Outcrop",
        "soil_risk": 2,
        "flooding_index": 0.04,
        "earthquake_factor": 0.063,
        "erosion_factor": 0.08,
        "landslide_index": 0.31,
        "soil_corrosivity_index": 0.43,
        "hoop_stress_ratio": 0.354,
        "pipe_diameter_inches": 24.0,
        "operating_pressure_psig": 1200.0,
        "pipe_material": "API 5L X65",
        "design_wall_thickness_mm": 15.9,
        "operational_age_years": 16.0,
        "corrosion_rate_mm_per_year": 0.216,
        "thickness_loss_mm": 3.46,
        "remaining_wall_thickness_mm": 12.44,
        "material_loss_percent": 21.8,
        "degradation_condition": "Moderate",
        "failure_probability": 0.1081,
        "failure_probability_percent": 10.8,
        "risk_class": "Low",
        "primary_hazard": "Low Geo-Hazard Stress (Nominal Operational)",
        "failure_code": "NOMINAL-00",
        "diagnostic_message": "KP 68.0: Stable terrain conditions (10.8% PoF). Operating within normal design parameters under standard Catholic Protection monitoring.",
        "remediation_plan": "Maintain standard periodic aerial Right-of-Way surveillance and annual CP survey."
      },
      "geometry": {
        "type": "Point",
        "coordinates": [
          6.293689,
          6.697441
        ]
      }
    },
    {
      "type": "Feature",
      "properties": {
        "kp": 69.0,
        "pipeline_id": 4,
        "pipeline_code": "OBN-AJA",
        "pipeline_name": "Oben\u2013Ajaokuta Gas Trunk Line (Western Line)",
        "latitude": 6.705623,
        "longitude": 6.297448,
        "elevation": 402.0,
        "slope_deg": 1.15,
        "river_proximity_km": 94.11,
        "fault_distance_km": 80.28,
        "soil_type": "Expansive Shale & Rocky Outcrop",
        "soil_risk": 2,
        "flooding_index": 0.041,
        "earthquake_factor": 0.07,
        "erosion_factor": 0.08,
        "landslide_index": 0.317,
        "soil_corrosivity_index": 0.43,
        "hoop_stress_ratio": 0.354,
        "pipe_diameter_inches": 24.0,
        "operating_pressure_psig": 1200.0,
        "pipe_material": "API 5L X65",
        "design_wall_thickness_mm": 15.9,
        "operational_age_years": 16.0,
        "corrosion_rate_mm_per_year": 0.233,
        "thickness_loss_mm": 3.73,
        "remaining_wall_thickness_mm": 12.17,
        "material_loss_percent": 23.5,
        "degradation_condition": "Moderate",
        "failure_probability": 0.1103,
        "failure_probability_percent": 11.0,
        "risk_class": "Low",
        "primary_hazard": "Low Geo-Hazard Stress (Nominal Operational)",
        "failure_code": "NOMINAL-00",
        "diagnostic_message": "KP 69.0: Stable terrain conditions (11.0% PoF). Operating within normal design parameters under standard Catholic Protection monitoring.",
        "remediation_plan": "Maintain standard periodic aerial Right-of-Way surveillance and annual CP survey."
      },
      "geometry": {
        "type": "Point",
        "coordinates": [
          6.297448,
          6.705623
        ]
      }
    },
    {
      "type": "Feature",
      "properties": {
        "kp": 70.0,
        "pipeline_id": 4,
        "pipeline_code": "OBN-AJA",
        "pipeline_name": "Oben\u2013Ajaokuta Gas Trunk Line (Western Line)",
        "latitude": 6.713804,
        "longitude": 6.301207,
        "elevation": 410.0,
        "slope_deg": 0.0,
        "river_proximity_km": 93.11,
        "fault_distance_km": 79.37,
        "soil_type": "Expansive Shale & Rocky Outcrop",
        "soil_risk": 2,
        "flooding_index": 0.04,
        "earthquake_factor": 0.044,
        "erosion_factor": 0.081,
        "landslide_index": 0.263,
        "soil_corrosivity_index": 0.43,
        "hoop_stress_ratio": 0.354,
        "pipe_diameter_inches": 24.0,
        "operating_pressure_psig": 1200.0,
        "pipe_material": "API 5L X65",
        "design_wall_thickness_mm": 15.9,
        "operational_age_years": 16.0,
        "corrosion_rate_mm_per_year": 0.231,
        "thickness_loss_mm": 3.7,
        "remaining_wall_thickness_mm": 12.2,
        "material_loss_percent": 23.3,
        "degradation_condition": "Moderate",
        "failure_probability": 0.0986,
        "failure_probability_percent": 9.9,
        "risk_class": "Low",
        "primary_hazard": "Low Geo-Hazard Stress (Nominal Operational)",
        "failure_code": "NOMINAL-00",
        "diagnostic_message": "KP 70.0: Stable terrain conditions (9.9% PoF). Operating within normal design parameters under standard Catholic Protection monitoring.",
        "remediation_plan": "Maintain standard periodic aerial Right-of-Way surveillance and annual CP survey."
      },
      "geometry": {
        "type": "Point",
        "coordinates": [
          6.301207,
          6.713804
        ]
      }
    },
    {
      "type": "Feature",
      "properties": {
        "kp": 71.0,
        "pipeline_id": 4,
        "pipeline_code": "OBN-AJA",
        "pipeline_name": "Oben\u2013Ajaokuta Gas Trunk Line (Western Line)",
        "latitude": 6.721986,
        "longitude": 6.304966,
        "elevation": 402.0,
        "slope_deg": 1.55,
        "river_proximity_km": 92.11,
        "fault_distance_km": 78.22,
        "soil_type": "Expansive Shale & Rocky Outcrop",
        "soil_risk": 2,
        "flooding_index": 0.04,
        "earthquake_factor": 0.03,
        "erosion_factor": 0.071,
        "landslide_index": 0.34,
        "soil_corrosivity_index": 0.43,
        "hoop_stress_ratio": 0.354,
        "pipe_diameter_inches": 24.0,
        "operating_pressure_psig": 1200.0,
        "pipe_material": "API 5L X65",
        "design_wall_thickness_mm": 15.9,
        "operational_age_years": 16.0,
        "corrosion_rate_mm_per_year": 0.217,
        "thickness_loss_mm": 3.47,
        "remaining_wall_thickness_mm": 12.43,
        "material_loss_percent": 21.8,
        "degradation_condition": "Moderate",
        "failure_probability": 0.1077,
        "failure_probability_percent": 10.8,
        "risk_class": "Low",
        "primary_hazard": "Low Geo-Hazard Stress (Nominal Operational)",
        "failure_code": "NOMINAL-00",
        "diagnostic_message": "KP 71.0: Stable terrain conditions (10.8% PoF). Operating within normal design parameters under standard Catholic Protection monitoring.",
        "remediation_plan": "Maintain standard periodic aerial Right-of-Way surveillance and annual CP survey."
      },
      "geometry": {
        "type": "Point",
        "coordinates": [
          6.304966,
          6.721986
        ]
      }
    },
    {
      "type": "Feature",
      "properties": {
        "kp": 72.0,
        "pipeline_id": 4,
        "pipeline_code": "OBN-AJA",
        "pipeline_name": "Oben\u2013Ajaokuta Gas Trunk Line (Western Line)",
        "latitude": 6.730167,
        "longitude": 6.308725,
        "elevation": 383.0,
        "slope_deg": 2.63,
        "river_proximity_km": 91.11,
        "fault_distance_km": 77.51,
        "soil_type": "Expansive Shale & Rocky Outcrop",
        "soil_risk": 2,
        "flooding_index": 0.047,
        "earthquake_factor": 0.067,
        "erosion_factor": 0.076,
        "landslide_index": 0.354,
        "soil_corrosivity_index": 0.43,
        "hoop_stress_ratio": 0.354,
        "pipe_diameter_inches": 24.0,
        "operating_pressure_psig": 1200.0,
        "pipe_material": "API 5L X65",
        "design_wall_thickness_mm": 15.9,
        "operational_age_years": 16.0,
        "corrosion_rate_mm_per_year": 0.209,
        "thickness_loss_mm": 3.34,
        "remaining_wall_thickness_mm": 12.56,
        "material_loss_percent": 21.0,
        "degradation_condition": "Moderate",
        "failure_probability": 0.1163,
        "failure_probability_percent": 11.6,
        "risk_class": "Low",
        "primary_hazard": "Low Geo-Hazard Stress (Nominal Operational)",
        "failure_code": "NOMINAL-00",
        "diagnostic_message": "KP 72.0: Stable terrain conditions (11.6% PoF). Operating within normal design parameters under standard Catholic Protection monitoring.",
        "remediation_plan": "Maintain standard periodic aerial Right-of-Way surveillance and annual CP survey."
      },
      "geometry": {
        "type": "Point",
        "coordinates": [
          6.308725,
          6.730167
        ]
      }
    },
    {
      "type": "Feature",
      "properties": {
        "kp": 73.0,
        "pipeline_id": 4,
        "pipeline_code": "OBN-AJA",
        "pipeline_name": "Oben\u2013Ajaokuta Gas Trunk Line (Western Line)",
        "latitude": 6.738349,
        "longitude": 6.312485,
        "elevation": 356.0,
        "slope_deg": 0.34,
        "river_proximity_km": 90.11,
        "fault_distance_km": 76.72,
        "soil_type": "Expansive Shale & Rocky Outcrop",
        "soil_risk": 2,
        "flooding_index": 0.054,
        "earthquake_factor": 0.043,
        "erosion_factor": 0.079,
        "landslide_index": 0.256,
        "soil_corrosivity_index": 0.43,
        "hoop_stress_ratio": 0.354,
        "pipe_diameter_inches": 24.0,
        "operating_pressure_psig": 1200.0,
        "pipe_material": "API 5L X65",
        "design_wall_thickness_mm": 15.9,
        "operational_age_years": 16.0,
        "corrosion_rate_mm_per_year": 0.228,
        "thickness_loss_mm": 3.65,
        "remaining_wall_thickness_mm": 12.25,
        "material_loss_percent": 23.0,
        "degradation_condition": "Moderate",
        "failure_probability": 0.0997,
        "failure_probability_percent": 10.0,
        "risk_class": "Low",
        "primary_hazard": "Low Geo-Hazard Stress (Nominal Operational)",
        "failure_code": "NOMINAL-00",
        "diagnostic_message": "KP 73.0: Stable terrain conditions (10.0% PoF). Operating within normal design parameters under standard Catholic Protection monitoring.",
        "remediation_plan": "Maintain standard periodic aerial Right-of-Way surveillance and annual CP survey."
      },
      "geometry": {
        "type": "Point",
        "coordinates": [
          6.312485,
          6.738349
        ]
      }
    },
    {
      "type": "Feature",
      "properties": {
        "kp": 74.0,
        "pipeline_id": 4,
        "pipeline_code": "OBN-AJA",
        "pipeline_name": "Oben\u2013Ajaokuta Gas Trunk Line (Western Line)",
        "latitude": 6.74653,
        "longitude": 6.316244,
        "elevation": 377.0,
        "slope_deg": 0.8,
        "river_proximity_km": 89.11,
        "fault_distance_km": 75.19,
        "soil_type": "Expansive Shale & Rocky Outcrop",
        "soil_risk": 2,
        "flooding_index": 0.046,
        "earthquake_factor": 0.03,
        "erosion_factor": 0.087,
        "landslide_index": 0.297,
        "soil_corrosivity_index": 0.43,
        "hoop_stress_ratio": 0.354,
        "pipe_diameter_inches": 24.0,
        "operating_pressure_psig": 1200.0,
        "pipe_material": "API 5L X65",
        "design_wall_thickness_mm": 15.9,
        "operational_age_years": 16.0,
        "corrosion_rate_mm_per_year": 0.232,
        "thickness_loss_mm": 3.71,
        "remaining_wall_thickness_mm": 12.19,
        "material_loss_percent": 23.3,
        "degradation_condition": "Moderate",
        "failure_probability": 0.1036,
        "failure_probability_percent": 10.4,
        "risk_class": "Low",
        "primary_hazard": "Low Geo-Hazard Stress (Nominal Operational)",
        "failure_code": "NOMINAL-00",
        "diagnostic_message": "KP 74.0: Stable terrain conditions (10.4% PoF). Operating within normal design parameters under standard Catholic Protection monitoring.",
        "remediation_plan": "Maintain standard periodic aerial Right-of-Way surveillance and annual CP survey."
      },
      "geometry": {
        "type": "Point",
        "coordinates": [
          6.316244,
          6.74653
        ]
      }
    },
    {
      "type": "Feature",
      "properties": {
        "kp": 75.0,
        "pipeline_id": 4,
        "pipeline_code": "OBN-AJA",
        "pipeline_name": "Oben\u2013Ajaokuta Gas Trunk Line (Western Line)",
        "latitude": 6.754712,
        "longitude": 6.320003,
        "elevation": 370.0,
        "slope_deg": 2.18,
        "river_proximity_km": 88.11,
        "fault_distance_km": 74.17,
        "soil_type": "Expansive Shale & Rocky Outcrop",
        "soil_risk": 2,
        "flooding_index": 0.04,
        "earthquake_factor": 0.03,
        "erosion_factor": 0.077,
        "landslide_index": 0.317,
        "soil_corrosivity_index": 0.43,
        "hoop_stress_ratio": 0.354,
        "pipe_diameter_inches": 24.0,
        "operating_pressure_psig": 1200.0,
        "pipe_material": "API 5L X65",
        "design_wall_thickness_mm": 15.9,
        "operational_age_years": 16.0,
        "corrosion_rate_mm_per_year": 0.241,
        "thickness_loss_mm": 3.86,
        "remaining_wall_thickness_mm": 12.04,
        "material_loss_percent": 24.3,
        "degradation_condition": "Moderate",
        "failure_probability": 0.1047,
        "failure_probability_percent": 10.5,
        "risk_class": "Low",
        "primary_hazard": "Low Geo-Hazard Stress (Nominal Operational)",
        "failure_code": "NOMINAL-00",
        "diagnostic_message": "KP 75.0: Stable terrain conditions (10.5% PoF). Operating within normal design parameters under standard Catholic Protection monitoring.",
        "remediation_plan": "Maintain standard periodic aerial Right-of-Way surveillance and annual CP survey."
      },
      "geometry": {
        "type": "Point",
        "coordinates": [
          6.320003,
          6.754712
        ]
      }
    },
    {
      "type": "Feature",
      "properties": {
        "kp": 76.0,
        "pipeline_id": 4,
        "pipeline_code": "OBN-AJA",
        "pipeline_name": "Oben\u2013Ajaokuta Gas Trunk Line (Western Line)",
        "latitude": 6.762893,
        "longitude": 6.323762,
        "elevation": 339.0,
        "slope_deg": 5.26,
        "river_proximity_km": 87.11,
        "fault_distance_km": 73.5,
        "soil_type": "Expansive Shale & Rocky Outcrop",
        "soil_risk": 2,
        "flooding_index": 0.04,
        "earthquake_factor": 0.035,
        "erosion_factor": 0.146,
        "landslide_index": 0.433,
        "soil_corrosivity_index": 0.43,
        "hoop_stress_ratio": 0.354,
        "pipe_diameter_inches": 24.0,
        "operating_pressure_psig": 1200.0,
        "pipe_material": "API 5L X65",
        "design_wall_thickness_mm": 15.9,
        "operational_age_years": 16.0,
        "corrosion_rate_mm_per_year": 0.224,
        "thickness_loss_mm": 3.58,
        "remaining_wall_thickness_mm": 12.32,
        "material_loss_percent": 22.5,
        "degradation_condition": "Moderate",
        "failure_probability": 0.1293,
        "failure_probability_percent": 12.9,
        "risk_class": "Low",
        "primary_hazard": "Slope Instability & Landslide Hazard",
        "failure_code": "ERR-GEO-SLOPE-02",
        "diagnostic_message": "KP 76.0: Pipeline elevated failure risk (12.9%) due to steep rocky slope terrain (5.26\u00b0 slope angle, Landslide Index 0.433). Gravitational soil movement risk buckling or un-seating pipe joint welds.",
        "remediation_plan": "Construct slope retaining gabion walls, install strain gauge monitoring sensors, and stabilize right-of-way."
      },
      "geometry": {
        "type": "Point",
        "coordinates": [
          6.323762,
          6.762893
        ]
      }
    },
    {
      "type": "Feature",
      "properties": {
        "kp": 77.0,
        "pipeline_id": 4,
        "pipeline_code": "OBN-AJA",
        "pipeline_name": "Oben\u2013Ajaokuta Gas Trunk Line (Western Line)",
        "latitude": 6.771074,
        "longitude": 6.327521,
        "elevation": 278.0,
        "slope_deg": 4.0,
        "river_proximity_km": 86.12,
        "fault_distance_km": 72.73,
        "soil_type": "Expansive Shale & Rocky Outcrop",
        "soil_risk": 2,
        "flooding_index": 0.055,
        "earthquake_factor": 0.071,
        "erosion_factor": 0.153,
        "landslide_index": 0.332,
        "soil_corrosivity_index": 0.525,
        "hoop_stress_ratio": 0.354,
        "pipe_diameter_inches": 24.0,
        "operating_pressure_psig": 1200.0,
        "pipe_material": "API 5L X65",
        "design_wall_thickness_mm": 15.9,
        "operational_age_years": 16.0,
        "corrosion_rate_mm_per_year": 0.277,
        "thickness_loss_mm": 4.43,
        "remaining_wall_thickness_mm": 11.47,
        "material_loss_percent": 27.9,
        "degradation_condition": "Moderate",
        "failure_probability": 0.1302,
        "failure_probability_percent": 13.0,
        "risk_class": "Low",
        "primary_hazard": "Corrosive Soil & Anoxic Groundwater Degradation",
        "failure_code": "ERR-GEO-CORR-04",
        "diagnostic_message": "KP 77.0: High external corrosion hazard (13.0%) resulting from saturated groundwater (Corrosivity Index 0.525) and anaerobic clay soil. Coating breakdown risk is high.",
        "remediation_plan": "Upgrade Impressed Current Cathodic Protection (ICCP), apply 3LPE coating repair, and conduct smart-pig inline inspection."
      },
      "geometry": {
        "type": "Point",
        "coordinates": [
          6.327521,
          6.771074
        ]
      }
    },
    {
      "type": "Feature",
      "properties": {
        "kp": 78.0,
        "pipeline_id": 4,
        "pipeline_code": "OBN-AJA",
        "pipeline_name": "Oben\u2013Ajaokuta Gas Trunk Line (Western Line)",
        "latitude": 6.779256,
        "longitude": 6.33128,
        "elevation": 269.0,
        "slope_deg": 0.97,
        "river_proximity_km": 85.12,
        "fault_distance_km": 71.26,
        "soil_type": "Expansive Shale & Rocky Outcrop",
        "soil_risk": 2,
        "flooding_index": 0.08,
        "earthquake_factor": 0.035,
        "erosion_factor": 0.094,
        "landslide_index": 0.239,
        "soil_corrosivity_index": 0.541,
        "hoop_stress_ratio": 0.354,
        "pipe_diameter_inches": 24.0,
        "operating_pressure_psig": 1200.0,
        "pipe_material": "API 5L X65",
        "design_wall_thickness_mm": 15.9,
        "operational_age_years": 16.0,
        "corrosion_rate_mm_per_year": 0.278,
        "thickness_loss_mm": 4.45,
        "remaining_wall_thickness_mm": 11.45,
        "material_loss_percent": 28.0,
        "degradation_condition": "Moderate",
        "failure_probability": 0.112,
        "failure_probability_percent": 11.2,
        "risk_class": "Low",
        "primary_hazard": "Corrosive Soil & Anoxic Groundwater Degradation",
        "failure_code": "ERR-GEO-CORR-04",
        "diagnostic_message": "KP 78.0: High external corrosion hazard (11.2%) resulting from saturated groundwater (Corrosivity Index 0.541) and anaerobic clay soil. Coating breakdown risk is high.",
        "remediation_plan": "Upgrade Impressed Current Cathodic Protection (ICCP), apply 3LPE coating repair, and conduct smart-pig inline inspection."
      },
      "geometry": {
        "type": "Point",
        "coordinates": [
          6.33128,
          6.779256
        ]
      }
    },
    {
      "type": "Feature",
      "properties": {
        "kp": 79.0,
        "pipeline_id": 4,
        "pipeline_code": "OBN-AJA",
        "pipeline_name": "Oben\u2013Ajaokuta Gas Trunk Line (Western Line)",
        "latitude": 6.787437,
        "longitude": 6.335039,
        "elevation": 295.0,
        "slope_deg": 0.4,
        "river_proximity_km": 84.12,
        "fault_distance_km": 70.68,
        "soil_type": "Expansive Shale & Rocky Outcrop",
        "soil_risk": 2,
        "flooding_index": 0.04,
        "earthquake_factor": 0.03,
        "erosion_factor": 0.05,
        "landslide_index": 0.206,
        "soil_corrosivity_index": 0.497,
        "hoop_stress_ratio": 0.354,
        "pipe_diameter_inches": 24.0,
        "operating_pressure_psig": 1200.0,
        "pipe_material": "API 5L X65",
        "design_wall_thickness_mm": 15.9,
        "operational_age_years": 16.0,
        "corrosion_rate_mm_per_year": 0.257,
        "thickness_loss_mm": 4.11,
        "remaining_wall_thickness_mm": 11.79,
        "material_loss_percent": 25.8,
        "degradation_condition": "Moderate",
        "failure_probability": 0.0913,
        "failure_probability_percent": 9.1,
        "risk_class": "Low",
        "primary_hazard": "Corrosive Soil & Anoxic Groundwater Degradation",
        "failure_code": "ERR-GEO-CORR-04",
        "diagnostic_message": "KP 79.0: High external corrosion hazard (9.1%) resulting from saturated groundwater (Corrosivity Index 0.497) and anaerobic clay soil. Coating breakdown risk is high.",
        "remediation_plan": "Upgrade Impressed Current Cathodic Protection (ICCP), apply 3LPE coating repair, and conduct smart-pig inline inspection."
      },
      "geometry": {
        "type": "Point",
        "coordinates": [
          6.335039,
          6.787437
        ]
      }
    },
    {
      "type": "Feature",
      "properties": {
        "kp": 80.0,
        "pipeline_id": 4,
        "pipeline_code": "OBN-AJA",
        "pipeline_name": "Oben\u2013Ajaokuta Gas Trunk Line (Western Line)",
        "latitude": 6.795619,
        "longitude": 6.338798,
        "elevation": 262.0,
        "slope_deg": 4.06,
        "river_proximity_km": 83.12,
        "fault_distance_km": 69.43,
        "soil_type": "Expansive Shale & Rocky Outcrop",
        "soil_risk": 2,
        "flooding_index": 0.095,
        "earthquake_factor": 0.051,
        "erosion_factor": 0.152,
        "landslide_index": 0.321,
        "soil_corrosivity_index": 0.553,
        "hoop_stress_ratio": 0.354,
        "pipe_diameter_inches": 24.0,
        "operating_pressure_psig": 1200.0,
        "pipe_material": "API 5L X65",
        "design_wall_thickness_mm": 15.9,
        "operational_age_years": 16.0,
        "corrosion_rate_mm_per_year": 0.285,
        "thickness_loss_mm": 4.56,
        "remaining_wall_thickness_mm": 11.34,
        "material_loss_percent": 28.7,
        "degradation_condition": "Moderate",
        "failure_probability": 0.1355,
        "failure_probability_percent": 13.6,
        "risk_class": "Low",
        "primary_hazard": "Corrosive Soil & Anoxic Groundwater Degradation",
        "failure_code": "ERR-GEO-CORR-04",
        "diagnostic_message": "KP 80.0: High external corrosion hazard (13.6%) resulting from saturated groundwater (Corrosivity Index 0.553) and anaerobic clay soil. Coating breakdown risk is high.",
        "remediation_plan": "Upgrade Impressed Current Cathodic Protection (ICCP), apply 3LPE coating repair, and conduct smart-pig inline inspection."
      },
      "geometry": {
        "type": "Point",
        "coordinates": [
          6.338798,
          6.795619
        ]
      }
    },
    {
      "type": "Feature",
      "properties": {
        "kp": 81.0,
        "pipeline_id": 4,
        "pipeline_code": "OBN-AJA",
        "pipeline_name": "Oben\u2013Ajaokuta Gas Trunk Line (Western Line)",
        "latitude": 6.8038,
        "longitude": 6.342557,
        "elevation": 224.0,
        "slope_deg": 3.89,
        "river_proximity_km": 82.12,
        "fault_distance_km": 68.79,
        "soil_type": "Expansive Shale & Rocky Outcrop",
        "soil_risk": 2,
        "flooding_index": 0.109,
        "earthquake_factor": 0.049,
        "erosion_factor": 0.144,
        "landslide_index": 0.293,
        "soil_corrosivity_index": 0.618,
        "hoop_stress_ratio": 0.354,
        "pipe_diameter_inches": 24.0,
        "operating_pressure_psig": 1200.0,
        "pipe_material": "API 5L X65",
        "design_wall_thickness_mm": 15.9,
        "operational_age_years": 16.0,
        "corrosion_rate_mm_per_year": 0.295,
        "thickness_loss_mm": 4.72,
        "remaining_wall_thickness_mm": 11.18,
        "material_loss_percent": 29.7,
        "degradation_condition": "Moderate",
        "failure_probability": 0.1386,
        "failure_probability_percent": 13.9,
        "risk_class": "Low",
        "primary_hazard": "Corrosive Soil & Anoxic Groundwater Degradation",
        "failure_code": "ERR-GEO-CORR-04",
        "diagnostic_message": "KP 81.0: High external corrosion hazard (13.9%) resulting from saturated groundwater (Corrosivity Index 0.618) and anaerobic clay soil. Coating breakdown risk is high.",
        "remediation_plan": "Upgrade Impressed Current Cathodic Protection (ICCP), apply 3LPE coating repair, and conduct smart-pig inline inspection."
      },
      "geometry": {
        "type": "Point",
        "coordinates": [
          6.342557,
          6.8038
        ]
      }
    },
    {
      "type": "Feature",
      "properties": {
        "kp": 82.0,
        "pipeline_id": 4,
        "pipeline_code": "OBN-AJA",
        "pipeline_name": "Oben\u2013Ajaokuta Gas Trunk Line (Western Line)",
        "latitude": 6.811982,
        "longitude": 6.346316,
        "elevation": 194.0,
        "slope_deg": 2.81,
        "river_proximity_km": 81.12,
        "fault_distance_km": 67.49,
        "soil_type": "Stable Sandy Loam",
        "soil_risk": 0,
        "flooding_index": 0.122,
        "earthquake_factor": 0.035,
        "erosion_factor": 0.067,
        "landslide_index": 0.228,
        "soil_corrosivity_index": 0.269,
        "hoop_stress_ratio": 0.354,
        "pipe_diameter_inches": 24.0,
        "operating_pressure_psig": 1200.0,
        "pipe_material": "API 5L X65",
        "design_wall_thickness_mm": 15.9,
        "operational_age_years": 16.0,
        "corrosion_rate_mm_per_year": 0.148,
        "thickness_loss_mm": 2.37,
        "remaining_wall_thickness_mm": 13.53,
        "material_loss_percent": 14.9,
        "degradation_condition": "Moderate",
        "failure_probability": 0.0911,
        "failure_probability_percent": 9.1,
        "risk_class": "Low",
        "primary_hazard": "Low Geo-Hazard Stress (Nominal Operational)",
        "failure_code": "NOMINAL-00",
        "diagnostic_message": "KP 82.0: Stable terrain conditions (9.1% PoF). Operating within normal design parameters under standard Catholic Protection monitoring.",
        "remediation_plan": "Maintain standard periodic aerial Right-of-Way surveillance and annual CP survey."
      },
      "geometry": {
        "type": "Point",
        "coordinates": [
          6.346316,
          6.811982
        ]
      }
    },
    {
      "type": "Feature",
      "properties": {
        "kp": 83.0,
        "pipeline_id": 4,
        "pipeline_code": "OBN-AJA",
        "pipeline_name": "Oben\u2013Ajaokuta Gas Trunk Line (Western Line)",
        "latitude": 6.820167,
        "longitude": 6.350066,
        "elevation": 175.0,
        "slope_deg": 0.17,
        "river_proximity_km": 80.12,
        "fault_distance_km": 66.84,
        "soil_type": "Stable Sandy Loam",
        "soil_risk": 0,
        "flooding_index": 0.161,
        "earthquake_factor": 0.071,
        "erosion_factor": 0.05,
        "landslide_index": 0.128,
        "soil_corrosivity_index": 0.302,
        "hoop_stress_ratio": 0.354,
        "pipe_diameter_inches": 24.0,
        "operating_pressure_psig": 1200.0,
        "pipe_material": "API 5L X65",
        "design_wall_thickness_mm": 15.9,
        "operational_age_years": 16.0,
        "corrosion_rate_mm_per_year": 0.175,
        "thickness_loss_mm": 2.8,
        "remaining_wall_thickness_mm": 13.1,
        "material_loss_percent": 17.6,
        "degradation_condition": "Moderate",
        "failure_probability": 0.0888,
        "failure_probability_percent": 8.9,
        "risk_class": "Low",
        "primary_hazard": "Low Geo-Hazard Stress (Nominal Operational)",
        "failure_code": "NOMINAL-00",
        "diagnostic_message": "KP 83.0: Stable terrain conditions (8.9% PoF). Operating within normal design parameters under standard Catholic Protection monitoring.",
        "remediation_plan": "Maintain standard periodic aerial Right-of-Way surveillance and annual CP survey."
      },
      "geometry": {
        "type": "Point",
        "coordinates": [
          6.350066,
          6.820167
        ]
      }
    },
    {
      "type": "Feature",
      "properties": {
        "kp": 84.0,
        "pipeline_id": 4,
        "pipeline_code": "OBN-AJA",
        "pipeline_name": "Oben\u2013Ajaokuta Gas Trunk Line (Western Line)",
        "latitude": 6.828543,
        "longitude": 6.353365,
        "elevation": 191.0,
        "slope_deg": 1.95,
        "river_proximity_km": 79.12,
        "fault_distance_km": 65.53,
        "soil_type": "Stable Sandy Loam",
        "soil_risk": 0,
        "flooding_index": 0.123,
        "earthquake_factor": 0.051,
        "erosion_factor": 0.061,
        "landslide_index": 0.217,
        "soil_corrosivity_index": 0.275,
        "hoop_stress_ratio": 0.354,
        "pipe_diameter_inches": 24.0,
        "operating_pressure_psig": 1200.0,
        "pipe_material": "API 5L X65",
        "design_wall_thickness_mm": 15.9,
        "operational_age_years": 16.0,
        "corrosion_rate_mm_per_year": 0.171,
        "thickness_loss_mm": 2.74,
        "remaining_wall_thickness_mm": 13.16,
        "material_loss_percent": 17.2,
        "degradation_condition": "Moderate",
        "failure_probability": 0.0917,
        "failure_probability_percent": 9.2,
        "risk_class": "Low",
        "primary_hazard": "Low Geo-Hazard Stress (Nominal Operational)",
        "failure_code": "NOMINAL-00",
        "diagnostic_message": "KP 84.0: Stable terrain conditions (9.2% PoF). Operating within normal design parameters under standard Catholic Protection monitoring.",
        "remediation_plan": "Maintain standard periodic aerial Right-of-Way surveillance and annual CP survey."
      },
      "geometry": {
        "type": "Point",
        "coordinates": [
          6.353365,
          6.828543
        ]
      }
    },
    {
      "type": "Feature",
      "properties": {
        "kp": 85.0,
        "pipeline_id": 4,
        "pipeline_code": "OBN-AJA",
        "pipeline_name": "Oben\u2013Ajaokuta Gas Trunk Line (Western Line)",
        "latitude": 6.836918,
        "longitude": 6.356665,
        "elevation": 141.0,
        "slope_deg": 4.17,
        "river_proximity_km": 78.12,
        "fault_distance_km": 64.37,
        "soil_type": "Stable Sandy Loam",
        "soil_risk": 0,
        "flooding_index": 0.171,
        "earthquake_factor": 0.06,
        "erosion_factor": 0.125,
        "landslide_index": 0.247,
        "soil_corrosivity_index": 0.361,
        "hoop_stress_ratio": 0.354,
        "pipe_diameter_inches": 24.0,
        "operating_pressure_psig": 1200.0,
        "pipe_material": "API 5L X65",
        "design_wall_thickness_mm": 15.9,
        "operational_age_years": 16.0,
        "corrosion_rate_mm_per_year": 0.217,
        "thickness_loss_mm": 3.47,
        "remaining_wall_thickness_mm": 12.43,
        "material_loss_percent": 21.8,
        "degradation_condition": "Moderate",
        "failure_probability": 0.1194,
        "failure_probability_percent": 11.9,
        "risk_class": "Low",
        "primary_hazard": "Low Geo-Hazard Stress (Nominal Operational)",
        "failure_code": "NOMINAL-00",
        "diagnostic_message": "KP 85.0: Stable terrain conditions (11.9% PoF). Operating within normal design parameters under standard Catholic Protection monitoring.",
        "remediation_plan": "Maintain standard periodic aerial Right-of-Way surveillance and annual CP survey."
      },
      "geometry": {
        "type": "Point",
        "coordinates": [
          6.356665,
          6.836918
        ]
      }
    },
    {
      "type": "Feature",
      "properties": {
        "kp": 86.0,
        "pipeline_id": 4,
        "pipeline_code": "OBN-AJA",
        "pipeline_name": "Oben\u2013Ajaokuta Gas Trunk Line (Western Line)",
        "latitude": 6.845294,
        "longitude": 6.359964,
        "elevation": 118.0,
        "slope_deg": 1.83,
        "river_proximity_km": 77.12,
        "fault_distance_km": 63.32,
        "soil_type": "Stable Sandy Loam",
        "soil_risk": 0,
        "flooding_index": 0.226,
        "earthquake_factor": 0.072,
        "erosion_factor": 0.061,
        "landslide_index": 0.148,
        "soil_corrosivity_index": 0.4,
        "hoop_stress_ratio": 0.354,
        "pipe_diameter_inches": 24.0,
        "operating_pressure_psig": 1200.0,
        "pipe_material": "API 5L X65",
        "design_wall_thickness_mm": 15.9,
        "operational_age_years": 16.0,
        "corrosion_rate_mm_per_year": 0.197,
        "thickness_loss_mm": 3.15,
        "remaining_wall_thickness_mm": 12.75,
        "material_loss_percent": 19.8,
        "degradation_condition": "Moderate",
        "failure_probability": 0.1133,
        "failure_probability_percent": 11.3,
        "risk_class": "Low",
        "primary_hazard": "Low Geo-Hazard Stress (Nominal Operational)",
        "failure_code": "NOMINAL-00",
        "diagnostic_message": "KP 86.0: Stable terrain conditions (11.3% PoF). Operating within normal design parameters under standard Catholic Protection monitoring.",
        "remediation_plan": "Maintain standard periodic aerial Right-of-Way surveillance and annual CP survey."
      },
      "geometry": {
        "type": "Point",
        "coordinates": [
          6.359964,
          6.845294
        ]
      }
    },
    {
      "type": "Feature",
      "properties": {
        "kp": 87.0,
        "pipeline_id": 4,
        "pipeline_code": "OBN-AJA",
        "pipeline_name": "Oben\u2013Ajaokuta Gas Trunk Line (Western Line)",
        "latitude": 6.85367,
        "longitude": 6.363264,
        "elevation": 109.0,
        "slope_deg": 0.92,
        "river_proximity_km": 76.13,
        "fault_distance_km": 62.48,
        "soil_type": "Stable Sandy Loam",
        "soil_risk": 0,
        "flooding_index": 0.205,
        "earthquake_factor": 0.055,
        "erosion_factor": 0.05,
        "landslide_index": 0.123,
        "soil_corrosivity_index": 0.415,
        "hoop_stress_ratio": 0.354,
        "pipe_diameter_inches": 24.0,
        "operating_pressure_psig": 1200.0,
        "pipe_material": "API 5L X65",
        "design_wall_thickness_mm": 15.9,
        "operational_age_years": 16.0,
        "corrosion_rate_mm_per_year": 0.238,
        "thickness_loss_mm": 3.81,
        "remaining_wall_thickness_mm": 12.09,
        "material_loss_percent": 24.0,
        "degradation_condition": "Moderate",
        "failure_probability": 0.1039,
        "failure_probability_percent": 10.4,
        "risk_class": "Low",
        "primary_hazard": "Low Geo-Hazard Stress (Nominal Operational)",
        "failure_code": "NOMINAL-00",
        "diagnostic_message": "KP 87.0: Stable terrain conditions (10.4% PoF). Operating within normal design parameters under standard Catholic Protection monitoring.",
        "remediation_plan": "Maintain standard periodic aerial Right-of-Way surveillance and annual CP survey."
      },
      "geometry": {
        "type": "Point",
        "coordinates": [
          6.363264,
          6.85367
        ]
      }
    },
    {
      "type": "Feature",
      "properties": {
        "kp": 88.0,
        "pipeline_id": 4,
        "pipeline_code": "OBN-AJA",
        "pipeline_name": "Oben\u2013Ajaokuta Gas Trunk Line (Western Line)",
        "latitude": 6.862046,
        "longitude": 6.366563,
        "elevation": 102.0,
        "slope_deg": 0.11,
        "river_proximity_km": 75.13,
        "fault_distance_km": 61.79,
        "soil_type": "Stable Sandy Loam",
        "soil_risk": 0,
        "flooding_index": 0.238,
        "earthquake_factor": 0.032,
        "erosion_factor": 0.057,
        "landslide_index": 0.089,
        "soil_corrosivity_index": 0.428,
        "hoop_stress_ratio": 0.354,
        "pipe_diameter_inches": 24.0,
        "operating_pressure_psig": 1200.0,
        "pipe_material": "API 5L X65",
        "design_wall_thickness_mm": 15.9,
        "operational_age_years": 16.0,
        "corrosion_rate_mm_per_year": 0.22,
        "thickness_loss_mm": 3.52,
        "remaining_wall_thickness_mm": 12.38,
        "material_loss_percent": 22.1,
        "degradation_condition": "Moderate",
        "failure_probability": 0.1035,
        "failure_probability_percent": 10.3,
        "risk_class": "Low",
        "primary_hazard": "Low Geo-Hazard Stress (Nominal Operational)",
        "failure_code": "NOMINAL-00",
        "diagnostic_message": "KP 88.0: Stable terrain conditions (10.3% PoF). Operating within normal design parameters under standard Catholic Protection monitoring.",
        "remediation_plan": "Maintain standard periodic aerial Right-of-Way surveillance and annual CP survey."
      },
      "geometry": {
        "type": "Point",
        "coordinates": [
          6.366563,
          6.862046
        ]
      }
    },
    {
      "type": "Feature",
      "properties": {
        "kp": 89.0,
        "pipeline_id": 4,
        "pipeline_code": "OBN-AJA",
        "pipeline_name": "Oben\u2013Ajaokuta Gas Trunk Line (Western Line)",
        "latitude": 6.870421,
        "longitude": 6.369863,
        "elevation": 111.0,
        "slope_deg": 0.97,
        "river_proximity_km": 74.13,
        "fault_distance_km": 60.39,
        "soil_type": "Stable Sandy Loam",
        "soil_risk": 0,
        "flooding_index": 0.243,
        "earthquake_factor": 0.041,
        "erosion_factor": 0.05,
        "landslide_index": 0.12,
        "soil_corrosivity_index": 0.412,
        "hoop_stress_ratio": 0.354,
        "pipe_diameter_inches": 24.0,
        "operating_pressure_psig": 1200.0,
        "pipe_material": "API 5L X65",
        "design_wall_thickness_mm": 15.9,
        "operational_age_years": 16.0,
        "corrosion_rate_mm_per_year": 0.213,
        "thickness_loss_mm": 3.41,
        "remaining_wall_thickness_mm": 12.49,
        "material_loss_percent": 21.4,
        "degradation_condition": "Moderate",
        "failure_probability": 0.1082,
        "failure_probability_percent": 10.8,
        "risk_class": "Low",
        "primary_hazard": "Low Geo-Hazard Stress (Nominal Operational)",
        "failure_code": "NOMINAL-00",
        "diagnostic_message": "KP 89.0: Stable terrain conditions (10.8% PoF). Operating within normal design parameters under standard Catholic Protection monitoring.",
        "remediation_plan": "Maintain standard periodic aerial Right-of-Way surveillance and annual CP survey."
      },
      "geometry": {
        "type": "Point",
        "coordinates": [
          6.369863,
          6.870421
        ]
      }
    },
    {
      "type": "Feature",
      "properties": {
        "kp": 90.0,
        "pipeline_id": 4,
        "pipeline_code": "OBN-AJA",
        "pipeline_name": "Oben\u2013Ajaokuta Gas Trunk Line (Western Line)",
        "latitude": 6.878797,
        "longitude": 6.373162,
        "elevation": 85.0,
        "slope_deg": 1.89,
        "river_proximity_km": 73.13,
        "fault_distance_km": 59.82,
        "soil_type": "Stable Sandy Loam",
        "soil_risk": 0,
        "flooding_index": 0.261,
        "earthquake_factor": 0.06,
        "erosion_factor": 0.05,
        "landslide_index": 0.141,
        "soil_corrosivity_index": 0.457,
        "hoop_stress_ratio": 0.354,
        "pipe_diameter_inches": 24.0,
        "operating_pressure_psig": 1200.0,
        "pipe_material": "API 5L X65",
        "design_wall_thickness_mm": 15.9,
        "operational_age_years": 16.0,
        "corrosion_rate_mm_per_year": 0.233,
        "thickness_loss_mm": 3.73,
        "remaining_wall_thickness_mm": 12.17,
        "material_loss_percent": 23.5,
        "degradation_condition": "Moderate",
        "failure_probability": 0.1211,
        "failure_probability_percent": 12.1,
        "risk_class": "Low",
        "primary_hazard": "Corrosive Soil & Anoxic Groundwater Degradation",
        "failure_code": "ERR-GEO-CORR-04",
        "diagnostic_message": "KP 90.0: High external corrosion hazard (12.1%) resulting from saturated groundwater (Corrosivity Index 0.457) and anaerobic clay soil. Coating breakdown risk is high.",
        "remediation_plan": "Upgrade Impressed Current Cathodic Protection (ICCP), apply 3LPE coating repair, and conduct smart-pig inline inspection."
      },
      "geometry": {
        "type": "Point",
        "coordinates": [
          6.373162,
          6.878797
        ]
      }
    },
    {
      "type": "Feature",
      "properties": {
        "kp": 91.0,
        "pipeline_id": 4,
        "pipeline_code": "OBN-AJA",
        "pipeline_name": "Oben\u2013Ajaokuta Gas Trunk Line (Western Line)",
        "latitude": 6.887173,
        "longitude": 6.376462,
        "elevation": 78.0,
        "slope_deg": 0.34,
        "river_proximity_km": 72.14,
        "fault_distance_km": 58.34,
        "soil_type": "Corrosive Lowland Clay",
        "soil_risk": 1,
        "flooding_index": 0.245,
        "earthquake_factor": 0.06,
        "erosion_factor": 0.05,
        "landslide_index": 0.083,
        "soil_corrosivity_index": 0.669,
        "hoop_stress_ratio": 0.354,
        "pipe_diameter_inches": 24.0,
        "operating_pressure_psig": 1200.0,
        "pipe_material": "API 5L X65",
        "design_wall_thickness_mm": 15.9,
        "operational_age_years": 16.0,
        "corrosion_rate_mm_per_year": 0.303,
        "thickness_loss_mm": 4.85,
        "remaining_wall_thickness_mm": 11.05,
        "material_loss_percent": 30.5,
        "degradation_condition": "Moderate",
        "failure_probability": 0.1283,
        "failure_probability_percent": 12.8,
        "risk_class": "Low",
        "primary_hazard": "Corrosive Soil & Anoxic Groundwater Degradation",
        "failure_code": "ERR-GEO-CORR-04",
        "diagnostic_message": "KP 91.0: High external corrosion hazard (12.8%) resulting from saturated groundwater (Corrosivity Index 0.669) and anaerobic clay soil. Coating breakdown risk is high.",
        "remediation_plan": "Upgrade Impressed Current Cathodic Protection (ICCP), apply 3LPE coating repair, and conduct smart-pig inline inspection."
      },
      "geometry": {
        "type": "Point",
        "coordinates": [
          6.376462,
          6.887173
        ]
      }
    },
    {
      "type": "Feature",
      "properties": {
        "kp": 92.0,
        "pipeline_id": 4,
        "pipeline_code": "OBN-AJA",
        "pipeline_name": "Oben\u2013Ajaokuta Gas Trunk Line (Western Line)",
        "latitude": 6.895548,
        "longitude": 6.379761,
        "elevation": 79.0,
        "slope_deg": 0.69,
        "river_proximity_km": 71.14,
        "fault_distance_km": 57.35,
        "soil_type": "Corrosive Lowland Clay",
        "soil_risk": 1,
        "flooding_index": 0.243,
        "earthquake_factor": 0.073,
        "erosion_factor": 0.083,
        "landslide_index": 0.114,
        "soil_corrosivity_index": 0.667,
        "hoop_stress_ratio": 0.354,
        "pipe_diameter_inches": 24.0,
        "operating_pressure_psig": 1200.0,
        "pipe_material": "API 5L X65",
        "design_wall_thickness_mm": 15.9,
        "operational_age_years": 16.0,
        "corrosion_rate_mm_per_year": 0.313,
        "thickness_loss_mm": 5.01,
        "remaining_wall_thickness_mm": 10.89,
        "material_loss_percent": 31.5,
        "degradation_condition": "Critical",
        "failure_probability": 0.1371,
        "failure_probability_percent": 13.7,
        "risk_class": "Low",
        "primary_hazard": "Corrosive Soil & Anoxic Groundwater Degradation",
        "failure_code": "ERR-GEO-CORR-04",
        "diagnostic_message": "KP 92.0: High external corrosion hazard (13.7%) resulting from saturated groundwater (Corrosivity Index 0.667) and anaerobic clay soil. Coating breakdown risk is high.",
        "remediation_plan": "Upgrade Impressed Current Cathodic Protection (ICCP), apply 3LPE coating repair, and conduct smart-pig inline inspection."
      },
      "geometry": {
        "type": "Point",
        "coordinates": [
          6.379761,
          6.895548
        ]
      }
    },
    {
      "type": "Feature",
      "properties": {
        "kp": 93.0,
        "pipeline_id": 4,
        "pipeline_code": "OBN-AJA",
        "pipeline_name": "Oben\u2013Ajaokuta Gas Trunk Line (Western Line)",
        "latitude": 6.903924,
        "longitude": 6.383061,
        "elevation": 66.0,
        "slope_deg": 0.52,
        "river_proximity_km": 70.14,
        "fault_distance_km": 56.42,
        "soil_type": "Corrosive Lowland Clay",
        "soil_risk": 1,
        "flooding_index": 0.271,
        "earthquake_factor": 0.042,
        "erosion_factor": 0.084,
        "landslide_index": 0.065,
        "soil_corrosivity_index": 0.69,
        "hoop_stress_ratio": 0.354,
        "pipe_diameter_inches": 24.0,
        "operating_pressure_psig": 1200.0,
        "pipe_material": "API 5L X65",
        "design_wall_thickness_mm": 15.9,
        "operational_age_years": 16.0,
        "corrosion_rate_mm_per_year": 0.322,
        "thickness_loss_mm": 5.15,
        "remaining_wall_thickness_mm": 10.75,
        "material_loss_percent": 32.4,
        "degradation_condition": "Critical",
        "failure_probability": 0.1328,
        "failure_probability_percent": 13.3,
        "risk_class": "Low",
        "primary_hazard": "Corrosive Soil & Anoxic Groundwater Degradation",
        "failure_code": "ERR-GEO-CORR-04",
        "diagnostic_message": "KP 93.0: High external corrosion hazard (13.3%) resulting from saturated groundwater (Corrosivity Index 0.69) and anaerobic clay soil. Coating breakdown risk is high.",
        "remediation_plan": "Upgrade Impressed Current Cathodic Protection (ICCP), apply 3LPE coating repair, and conduct smart-pig inline inspection."
      },
      "geometry": {
        "type": "Point",
        "coordinates": [
          6.383061,
          6.903924
        ]
      }
    },
    {
      "type": "Feature",
      "properties": {
        "kp": 94.0,
        "pipeline_id": 4,
        "pipeline_code": "OBN-AJA",
        "pipeline_name": "Oben\u2013Ajaokuta Gas Trunk Line (Western Line)",
        "latitude": 6.9123,
        "longitude": 6.38636,
        "elevation": 70.0,
        "slope_deg": 0.23,
        "river_proximity_km": 69.15,
        "fault_distance_km": 55.45,
        "soil_type": "Corrosive Lowland Clay",
        "soil_risk": 1,
        "flooding_index": 0.256,
        "earthquake_factor": 0.059,
        "erosion_factor": 0.05,
        "landslide_index": 0.067,
        "soil_corrosivity_index": 0.682,
        "hoop_stress_ratio": 0.354,
        "pipe_diameter_inches": 24.0,
        "operating_pressure_psig": 1200.0,
        "pipe_material": "API 5L X65",
        "design_wall_thickness_mm": 15.9,
        "operational_age_years": 16.0,
        "corrosion_rate_mm_per_year": 0.315,
        "thickness_loss_mm": 5.04,
        "remaining_wall_thickness_mm": 10.86,
        "material_loss_percent": 31.7,
        "degradation_condition": "Critical",
        "failure_probability": 0.1288,
        "failure_probability_percent": 12.9,
        "risk_class": "Low",
        "primary_hazard": "Corrosive Soil & Anoxic Groundwater Degradation",
        "failure_code": "ERR-GEO-CORR-04",
        "diagnostic_message": "KP 94.0: High external corrosion hazard (12.9%) resulting from saturated groundwater (Corrosivity Index 0.682) and anaerobic clay soil. Coating breakdown risk is high.",
        "remediation_plan": "Upgrade Impressed Current Cathodic Protection (ICCP), apply 3LPE coating repair, and conduct smart-pig inline inspection."
      },
      "geometry": {
        "type": "Point",
        "coordinates": [
          6.38636,
          6.9123
        ]
      }
    },
    {
      "type": "Feature",
      "properties": {
        "kp": 95.0,
        "pipeline_id": 4,
        "pipeline_code": "OBN-AJA",
        "pipeline_name": "Oben\u2013Ajaokuta Gas Trunk Line (Western Line)",
        "latitude": 6.920675,
        "longitude": 6.38966,
        "elevation": 62.0,
        "slope_deg": 0.69,
        "river_proximity_km": 68.15,
        "fault_distance_km": 54.65,
        "soil_type": "Corrosive Lowland Clay",
        "soil_risk": 1,
        "flooding_index": 0.287,
        "earthquake_factor": 0.069,
        "erosion_factor": 0.096,
        "landslide_index": 0.096,
        "soil_corrosivity_index": 0.696,
        "hoop_stress_ratio": 0.354,
        "pipe_diameter_inches": 24.0,
        "operating_pressure_psig": 1200.0,
        "pipe_material": "API 5L X65",
        "design_wall_thickness_mm": 15.9,
        "operational_age_years": 16.0,
        "corrosion_rate_mm_per_year": 0.317,
        "thickness_loss_mm": 5.07,
        "remaining_wall_thickness_mm": 10.83,
        "material_loss_percent": 31.9,
        "degradation_condition": "Critical",
        "failure_probability": 0.1454,
        "failure_probability_percent": 14.5,
        "risk_class": "Low",
        "primary_hazard": "Corrosive Soil & Anoxic Groundwater Degradation",
        "failure_code": "ERR-GEO-CORR-04",
        "diagnostic_message": "KP 95.0: High external corrosion hazard (14.5%) resulting from saturated groundwater (Corrosivity Index 0.696) and anaerobic clay soil. Coating breakdown risk is high.",
        "remediation_plan": "Upgrade Impressed Current Cathodic Protection (ICCP), apply 3LPE coating repair, and conduct smart-pig inline inspection."
      },
      "geometry": {
        "type": "Point",
        "coordinates": [
          6.38966,
          6.920675
        ]
      }
    },
    {
      "type": "Feature",
      "properties": {
        "kp": 96.0,
        "pipeline_id": 4,
        "pipeline_code": "OBN-AJA",
        "pipeline_name": "Oben\u2013Ajaokuta Gas Trunk Line (Western Line)",
        "latitude": 6.929051,
        "longitude": 6.392959,
        "elevation": 58.0,
        "slope_deg": 0.57,
        "river_proximity_km": 67.15,
        "fault_distance_km": 53.8,
        "soil_type": "Corrosive Lowland Clay",
        "soil_risk": 1,
        "flooding_index": 0.274,
        "earthquake_factor": 0.031,
        "erosion_factor": 0.085,
        "landslide_index": 0.059,
        "soil_corrosivity_index": 0.703,
        "hoop_stress_ratio": 0.354,
        "pipe_diameter_inches": 24.0,
        "operating_pressure_psig": 1200.0,
        "pipe_material": "API 5L X65",
        "design_wall_thickness_mm": 15.9,
        "operational_age_years": 16.0,
        "corrosion_rate_mm_per_year": 0.343,
        "thickness_loss_mm": 5.49,
        "remaining_wall_thickness_mm": 10.41,
        "material_loss_percent": 34.5,
        "degradation_condition": "Critical",
        "failure_probability": 0.1322,
        "failure_probability_percent": 13.2,
        "risk_class": "Low",
        "primary_hazard": "Corrosive Soil & Anoxic Groundwater Degradation",
        "failure_code": "ERR-GEO-CORR-04",
        "diagnostic_message": "KP 96.0: High external corrosion hazard (13.2%) resulting from saturated groundwater (Corrosivity Index 0.703) and anaerobic clay soil. Coating breakdown risk is high.",
        "remediation_plan": "Upgrade Impressed Current Cathodic Protection (ICCP), apply 3LPE coating repair, and conduct smart-pig inline inspection."
      },
      "geometry": {
        "type": "Point",
        "coordinates": [
          6.392959,
          6.929051
        ]
      }
    },
    {
      "type": "Feature",
      "properties": {
        "kp": 97.0,
        "pipeline_id": 4,
        "pipeline_code": "OBN-AJA",
        "pipeline_name": "Oben\u2013Ajaokuta Gas Trunk Line (Western Line)",
        "latitude": 6.937427,
        "longitude": 6.396259,
        "elevation": 52.0,
        "slope_deg": 0.57,
        "river_proximity_km": 66.16,
        "fault_distance_km": 52.67,
        "soil_type": "Corrosive Lowland Clay",
        "soil_risk": 1,
        "flooding_index": 0.29,
        "earthquake_factor": 0.056,
        "erosion_factor": 0.089,
        "landslide_index": 0.079,
        "soil_corrosivity_index": 0.714,
        "hoop_stress_ratio": 0.354,
        "pipe_diameter_inches": 24.0,
        "operating_pressure_psig": 1200.0,
        "pipe_material": "API 5L X65",
        "design_wall_thickness_mm": 15.9,
        "operational_age_years": 16.0,
        "corrosion_rate_mm_per_year": 0.336,
        "thickness_loss_mm": 5.38,
        "remaining_wall_thickness_mm": 10.52,
        "material_loss_percent": 33.8,
        "degradation_condition": "Critical",
        "failure_probability": 0.1427,
        "failure_probability_percent": 14.3,
        "risk_class": "Low",
        "primary_hazard": "Corrosive Soil & Anoxic Groundwater Degradation",
        "failure_code": "ERR-GEO-CORR-04",
        "diagnostic_message": "KP 97.0: High external corrosion hazard (14.3%) resulting from saturated groundwater (Corrosivity Index 0.714) and anaerobic clay soil. Coating breakdown risk is high.",
        "remediation_plan": "Upgrade Impressed Current Cathodic Protection (ICCP), apply 3LPE coating repair, and conduct smart-pig inline inspection."
      },
      "geometry": {
        "type": "Point",
        "coordinates": [
          6.396259,
          6.937427
        ]
      }
    },
    {
      "type": "Feature",
      "properties": {
        "kp": 98.0,
        "pipeline_id": 4,
        "pipeline_code": "OBN-AJA",
        "pipeline_name": "Oben\u2013Ajaokuta Gas Trunk Line (Western Line)",
        "latitude": 6.945802,
        "longitude": 6.399559,
        "elevation": 48.0,
        "slope_deg": 0.06,
        "river_proximity_km": 65.16,
        "fault_distance_km": 51.45,
        "soil_type": "Corrosive Lowland Clay",
        "soil_risk": 1,
        "flooding_index": 0.289,
        "earthquake_factor": 0.03,
        "erosion_factor": 0.066,
        "landslide_index": 0.053,
        "soil_corrosivity_index": 0.72,
        "hoop_stress_ratio": 0.354,
        "pipe_diameter_inches": 24.0,
        "operating_pressure_psig": 1200.0,
        "pipe_material": "API 5L X65",
        "design_wall_thickness_mm": 15.9,
        "operational_age_years": 16.0,
        "corrosion_rate_mm_per_year": 0.341,
        "thickness_loss_mm": 5.46,
        "remaining_wall_thickness_mm": 10.44,
        "material_loss_percent": 34.3,
        "degradation_condition": "Critical",
        "failure_probability": 0.1337,
        "failure_probability_percent": 13.4,
        "risk_class": "Low",
        "primary_hazard": "Corrosive Soil & Anoxic Groundwater Degradation",
        "failure_code": "ERR-GEO-CORR-04",
        "diagnostic_message": "KP 98.0: High external corrosion hazard (13.4%) resulting from saturated groundwater (Corrosivity Index 0.72) and anaerobic clay soil. Coating breakdown risk is high.",
        "remediation_plan": "Upgrade Impressed Current Cathodic Protection (ICCP), apply 3LPE coating repair, and conduct smart-pig inline inspection."
      },
      "geometry": {
        "type": "Point",
        "coordinates": [
          6.399559,
          6.945802
        ]
      }
    },
    {
      "type": "Feature",
      "properties": {
        "kp": 99.0,
        "pipeline_id": 4,
        "pipeline_code": "OBN-AJA",
        "pipeline_name": "Oben\u2013Ajaokuta Gas Trunk Line (Western Line)",
        "latitude": 6.954178,
        "longitude": 6.402858,
        "elevation": 53.0,
        "slope_deg": 0.11,
        "river_proximity_km": 64.16,
        "fault_distance_km": 50.44,
        "soil_type": "Corrosive Lowland Clay",
        "soil_risk": 1,
        "flooding_index": 0.262,
        "earthquake_factor": 0.06,
        "erosion_factor": 0.05,
        "landslide_index": 0.04,
        "soil_corrosivity_index": 0.712,
        "hoop_stress_ratio": 0.354,
        "pipe_diameter_inches": 24.0,
        "operating_pressure_psig": 1200.0,
        "pipe_material": "API 5L X65",
        "design_wall_thickness_mm": 15.9,
        "operational_age_years": 16.0,
        "corrosion_rate_mm_per_year": 0.311,
        "thickness_loss_mm": 4.98,
        "remaining_wall_thickness_mm": 10.92,
        "material_loss_percent": 31.3,
        "degradation_condition": "Moderate",
        "failure_probability": 0.1286,
        "failure_probability_percent": 12.9,
        "risk_class": "Low",
        "primary_hazard": "Corrosive Soil & Anoxic Groundwater Degradation",
        "failure_code": "ERR-GEO-CORR-04",
        "diagnostic_message": "KP 99.0: High external corrosion hazard (12.9%) resulting from saturated groundwater (Corrosivity Index 0.712) and anaerobic clay soil. Coating breakdown risk is high.",
        "remediation_plan": "Upgrade Impressed Current Cathodic Protection (ICCP), apply 3LPE coating repair, and conduct smart-pig inline inspection."
      },
      "geometry": {
        "type": "Point",
        "coordinates": [
          6.402858,
          6.954178
        ]
      }
    },
    {
      "type": "Feature",
      "properties": {
        "kp": 100.0,
        "pipeline_id": 4,
        "pipeline_code": "OBN-AJA",
        "pipeline_name": "Oben\u2013Ajaokuta Gas Trunk Line (Western Line)",
        "latitude": 6.962554,
        "longitude": 6.406158,
        "elevation": 50.0,
        "slope_deg": 0.23,
        "river_proximity_km": 63.17,
        "fault_distance_km": 50.01,
        "soil_type": "Corrosive Lowland Clay",
        "soil_risk": 1,
        "flooding_index": 0.298,
        "earthquake_factor": 0.038,
        "erosion_factor": 0.05,
        "landslide_index": 0.054,
        "soil_corrosivity_index": 0.717,
        "hoop_stress_ratio": 0.354,
        "pipe_diameter_inches": 24.0,
        "operating_pressure_psig": 1200.0,
        "pipe_material": "API 5L X65",
        "design_wall_thickness_mm": 15.9,
        "operational_age_years": 16.0,
        "corrosion_rate_mm_per_year": 0.343,
        "thickness_loss_mm": 5.49,
        "remaining_wall_thickness_mm": 10.41,
        "material_loss_percent": 34.5,
        "degradation_condition": "Critical",
        "failure_probability": 0.1348,
        "failure_probability_percent": 13.5,
        "risk_class": "Low",
        "primary_hazard": "Corrosive Soil & Anoxic Groundwater Degradation",
        "failure_code": "ERR-GEO-CORR-04",
        "diagnostic_message": "KP 100.0: High external corrosion hazard (13.5%) resulting from saturated groundwater (Corrosivity Index 0.717) and anaerobic clay soil. Coating breakdown risk is high.",
        "remediation_plan": "Upgrade Impressed Current Cathodic Protection (ICCP), apply 3LPE coating repair, and conduct smart-pig inline inspection."
      },
      "geometry": {
        "type": "Point",
        "coordinates": [
          6.406158,
          6.962554
        ]
      }
    },
    {
      "type": "Feature",
      "properties": {
        "kp": 101.0,
        "pipeline_id": 4,
        "pipeline_code": "OBN-AJA",
        "pipeline_name": "Oben\u2013Ajaokuta Gas Trunk Line (Western Line)",
        "latitude": 6.970929,
        "longitude": 6.409457,
        "elevation": 49.0,
        "slope_deg": 0.11,
        "river_proximity_km": 62.17,
        "fault_distance_km": 48.84,
        "soil_type": "Corrosive Lowland Clay",
        "soil_risk": 1,
        "flooding_index": 0.271,
        "earthquake_factor": 0.03,
        "erosion_factor": 0.05,
        "landslide_index": 0.061,
        "soil_corrosivity_index": 0.719,
        "hoop_stress_ratio": 0.354,
        "pipe_diameter_inches": 24.0,
        "operating_pressure_psig": 1200.0,
        "pipe_material": "API 5L X65",
        "design_wall_thickness_mm": 15.9,
        "operational_age_years": 16.0,
        "corrosion_rate_mm_per_year": 0.344,
        "thickness_loss_mm": 5.5,
        "remaining_wall_thickness_mm": 10.4,
        "material_loss_percent": 34.6,
        "degradation_condition": "Critical",
        "failure_probability": 0.1302,
        "failure_probability_percent": 13.0,
        "risk_class": "Low",
        "primary_hazard": "Corrosive Soil & Anoxic Groundwater Degradation",
        "failure_code": "ERR-GEO-CORR-04",
        "diagnostic_message": "KP 101.0: High external corrosion hazard (13.0%) resulting from saturated groundwater (Corrosivity Index 0.719) and anaerobic clay soil. Coating breakdown risk is high.",
        "remediation_plan": "Upgrade Impressed Current Cathodic Protection (ICCP), apply 3LPE coating repair, and conduct smart-pig inline inspection."
      },
      "geometry": {
        "type": "Point",
        "coordinates": [
          6.409457,
          6.970929
        ]
      }
    },
    {
      "type": "Feature",
      "properties": {
        "kp": 102.0,
        "pipeline_id": 4,
        "pipeline_code": "OBN-AJA",
        "pipeline_name": "Oben\u2013Ajaokuta Gas Trunk Line (Western Line)",
        "latitude": 6.979305,
        "longitude": 6.412757,
        "elevation": 52.0,
        "slope_deg": 0.4,
        "river_proximity_km": 61.17,
        "fault_distance_km": 47.62,
        "soil_type": "Corrosive Lowland Clay",
        "soil_risk": 1,
        "flooding_index": 0.26,
        "earthquake_factor": 0.03,
        "erosion_factor": 0.092,
        "landslide_index": 0.059,
        "soil_corrosivity_index": 0.714,
        "hoop_stress_ratio": 0.354,
        "pipe_diameter_inches": 24.0,
        "operating_pressure_psig": 1200.0,
        "pipe_material": "API 5L X65",
        "design_wall_thickness_mm": 15.9,
        "operational_age_years": 16.0,
        "corrosion_rate_mm_per_year": 0.342,
        "thickness_loss_mm": 5.47,
        "remaining_wall_thickness_mm": 10.43,
        "material_loss_percent": 34.4,
        "degradation_condition": "Critical",
        "failure_probability": 0.1312,
        "failure_probability_percent": 13.1,
        "risk_class": "Low",
        "primary_hazard": "Corrosive Soil & Anoxic Groundwater Degradation",
        "failure_code": "ERR-GEO-CORR-04",
        "diagnostic_message": "KP 102.0: High external corrosion hazard (13.1%) resulting from saturated groundwater (Corrosivity Index 0.714) and anaerobic clay soil. Coating breakdown risk is high.",
        "remediation_plan": "Upgrade Impressed Current Cathodic Protection (ICCP), apply 3LPE coating repair, and conduct smart-pig inline inspection."
      },
      "geometry": {
        "type": "Point",
        "coordinates": [
          6.412757,
          6.979305
        ]
      }
    },
    {
      "type": "Feature",
      "properties": {
        "kp": 103.0,
        "pipeline_id": 4,
        "pipeline_code": "OBN-AJA",
        "pipeline_name": "Oben\u2013Ajaokuta Gas Trunk Line (Western Line)",
        "latitude": 6.987681,
        "longitude": 6.416056,
        "elevation": 56.0,
        "slope_deg": 0.4,
        "river_proximity_km": 60.18,
        "fault_distance_km": 46.85,
        "soil_type": "Corrosive Lowland Clay",
        "soil_risk": 1,
        "flooding_index": 0.275,
        "earthquake_factor": 0.03,
        "erosion_factor": 0.05,
        "landslide_index": 0.075,
        "soil_corrosivity_index": 0.707,
        "hoop_stress_ratio": 0.354,
        "pipe_diameter_inches": 24.0,
        "operating_pressure_psig": 1200.0,
        "pipe_material": "API 5L X65",
        "design_wall_thickness_mm": 15.9,
        "operational_age_years": 16.0,
        "corrosion_rate_mm_per_year": 0.34,
        "thickness_loss_mm": 5.44,
        "remaining_wall_thickness_mm": 10.46,
        "material_loss_percent": 34.2,
        "degradation_condition": "Critical",
        "failure_probability": 0.132,
        "failure_probability_percent": 13.2,
        "risk_class": "Low",
        "primary_hazard": "Corrosive Soil & Anoxic Groundwater Degradation",
        "failure_code": "ERR-GEO-CORR-04",
        "diagnostic_message": "KP 103.0: High external corrosion hazard (13.2%) resulting from saturated groundwater (Corrosivity Index 0.707) and anaerobic clay soil. Coating breakdown risk is high.",
        "remediation_plan": "Upgrade Impressed Current Cathodic Protection (ICCP), apply 3LPE coating repair, and conduct smart-pig inline inspection."
      },
      "geometry": {
        "type": "Point",
        "coordinates": [
          6.416056,
          6.987681
        ]
      }
    },
    {
      "type": "Feature",
      "properties": {
        "kp": 104.0,
        "pipeline_id": 4,
        "pipeline_code": "OBN-AJA",
        "pipeline_name": "Oben\u2013Ajaokuta Gas Trunk Line (Western Line)",
        "latitude": 6.996057,
        "longitude": 6.419356,
        "elevation": 59.0,
        "slope_deg": 0.11,
        "river_proximity_km": 59.18,
        "fault_distance_km": 45.88,
        "soil_type": "Corrosive Lowland Clay",
        "soil_risk": 1,
        "flooding_index": 0.279,
        "earthquake_factor": 0.03,
        "erosion_factor": 0.086,
        "landslide_index": 0.073,
        "soil_corrosivity_index": 0.702,
        "hoop_stress_ratio": 0.354,
        "pipe_diameter_inches": 24.0,
        "operating_pressure_psig": 1200.0,
        "pipe_material": "API 5L X65",
        "design_wall_thickness_mm": 15.9,
        "operational_age_years": 16.0,
        "corrosion_rate_mm_per_year": 0.318,
        "thickness_loss_mm": 5.09,
        "remaining_wall_thickness_mm": 10.81,
        "material_loss_percent": 32.0,
        "degradation_condition": "Critical",
        "failure_probability": 0.1351,
        "failure_probability_percent": 13.5,
        "risk_class": "Low",
        "primary_hazard": "Corrosive Soil & Anoxic Groundwater Degradation",
        "failure_code": "ERR-GEO-CORR-04",
        "diagnostic_message": "KP 104.0: High external corrosion hazard (13.5%) resulting from saturated groundwater (Corrosivity Index 0.702) and anaerobic clay soil. Coating breakdown risk is high.",
        "remediation_plan": "Upgrade Impressed Current Cathodic Protection (ICCP), apply 3LPE coating repair, and conduct smart-pig inline inspection."
      },
      "geometry": {
        "type": "Point",
        "coordinates": [
          6.419356,
          6.996057
        ]
      }
    },
    {
      "type": "Feature",
      "properties": {
        "kp": 105.0,
        "pipeline_id": 4,
        "pipeline_code": "OBN-AJA",
        "pipeline_name": "Oben\u2013Ajaokuta Gas Trunk Line (Western Line)",
        "latitude": 7.004432,
        "longitude": 6.422655,
        "elevation": 58.0,
        "slope_deg": 0.46,
        "river_proximity_km": 58.19,
        "fault_distance_km": 45.09,
        "soil_type": "Corrosive Lowland Clay",
        "soil_risk": 1,
        "flooding_index": 0.284,
        "earthquake_factor": 0.054,
        "erosion_factor": 0.076,
        "landslide_index": 0.086,
        "soil_corrosivity_index": 0.703,
        "hoop_stress_ratio": 0.354,
        "pipe_diameter_inches": 24.0,
        "operating_pressure_psig": 1200.0,
        "pipe_material": "API 5L X65",
        "design_wall_thickness_mm": 15.9,
        "operational_age_years": 16.0,
        "corrosion_rate_mm_per_year": 0.333,
        "thickness_loss_mm": 5.33,
        "remaining_wall_thickness_mm": 10.57,
        "material_loss_percent": 33.5,
        "degradation_condition": "Critical",
        "failure_probability": 0.1403,
        "failure_probability_percent": 14.0,
        "risk_class": "Low",
        "primary_hazard": "Corrosive Soil & Anoxic Groundwater Degradation",
        "failure_code": "ERR-GEO-CORR-04",
        "diagnostic_message": "KP 105.0: High external corrosion hazard (14.0%) resulting from saturated groundwater (Corrosivity Index 0.703) and anaerobic clay soil. Coating breakdown risk is high.",
        "remediation_plan": "Upgrade Impressed Current Cathodic Protection (ICCP), apply 3LPE coating repair, and conduct smart-pig inline inspection."
      },
      "geometry": {
        "type": "Point",
        "coordinates": [
          6.422655,
          7.004432
        ]
      }
    },
    {
      "type": "Feature",
      "properties": {
        "kp": 106.0,
        "pipeline_id": 4,
        "pipeline_code": "OBN-AJA",
        "pipeline_name": "Oben\u2013Ajaokuta Gas Trunk Line (Western Line)",
        "latitude": 7.012808,
        "longitude": 6.425955,
        "elevation": 67.0,
        "slope_deg": 1.09,
        "river_proximity_km": 57.19,
        "fault_distance_km": 43.6,
        "soil_type": "Corrosive Lowland Clay",
        "soil_risk": 1,
        "flooding_index": 0.262,
        "earthquake_factor": 0.075,
        "erosion_factor": 0.05,
        "landslide_index": 0.098,
        "soil_corrosivity_index": 0.688,
        "hoop_stress_ratio": 0.354,
        "pipe_diameter_inches": 24.0,
        "operating_pressure_psig": 1200.0,
        "pipe_material": "API 5L X65",
        "design_wall_thickness_mm": 15.9,
        "operational_age_years": 16.0,
        "corrosion_rate_mm_per_year": 0.319,
        "thickness_loss_mm": 5.1,
        "remaining_wall_thickness_mm": 10.8,
        "material_loss_percent": 32.1,
        "degradation_condition": "Critical",
        "failure_probability": 0.1372,
        "failure_probability_percent": 13.7,
        "risk_class": "Low",
        "primary_hazard": "Corrosive Soil & Anoxic Groundwater Degradation",
        "failure_code": "ERR-GEO-CORR-04",
        "diagnostic_message": "KP 106.0: High external corrosion hazard (13.7%) resulting from saturated groundwater (Corrosivity Index 0.688) and anaerobic clay soil. Coating breakdown risk is high.",
        "remediation_plan": "Upgrade Impressed Current Cathodic Protection (ICCP), apply 3LPE coating repair, and conduct smart-pig inline inspection."
      },
      "geometry": {
        "type": "Point",
        "coordinates": [
          6.425955,
          7.012808
        ]
      }
    },
    {
      "type": "Feature",
      "properties": {
        "kp": 107.0,
        "pipeline_id": 4,
        "pipeline_code": "OBN-AJA",
        "pipeline_name": "Oben\u2013Ajaokuta Gas Trunk Line (Western Line)",
        "latitude": 7.021184,
        "longitude": 6.429254,
        "elevation": 77.0,
        "slope_deg": 1.26,
        "river_proximity_km": 56.2,
        "fault_distance_km": 42.8,
        "soil_type": "Corrosive Lowland Clay",
        "soil_risk": 1,
        "flooding_index": 0.266,
        "earthquake_factor": 0.076,
        "erosion_factor": 0.051,
        "landslide_index": 0.1,
        "soil_corrosivity_index": 0.671,
        "hoop_stress_ratio": 0.354,
        "pipe_diameter_inches": 24.0,
        "operating_pressure_psig": 1200.0,
        "pipe_material": "API 5L X65",
        "design_wall_thickness_mm": 15.9,
        "operational_age_years": 16.0,
        "corrosion_rate_mm_per_year": 0.303,
        "thickness_loss_mm": 4.85,
        "remaining_wall_thickness_mm": 11.05,
        "material_loss_percent": 30.5,
        "degradation_condition": "Moderate",
        "failure_probability": 0.1369,
        "failure_probability_percent": 13.7,
        "risk_class": "Low",
        "primary_hazard": "Corrosive Soil & Anoxic Groundwater Degradation",
        "failure_code": "ERR-GEO-CORR-04",
        "diagnostic_message": "KP 107.0: High external corrosion hazard (13.7%) resulting from saturated groundwater (Corrosivity Index 0.671) and anaerobic clay soil. Coating breakdown risk is high.",
        "remediation_plan": "Upgrade Impressed Current Cathodic Protection (ICCP), apply 3LPE coating repair, and conduct smart-pig inline inspection."
      },
      "geometry": {
        "type": "Point",
        "coordinates": [
          6.429254,
          7.021184
        ]
      }
    },
    {
      "type": "Feature",
      "properties": {
        "kp": 108.0,
        "pipeline_id": 4,
        "pipeline_code": "OBN-AJA",
        "pipeline_name": "Oben\u2013Ajaokuta Gas Trunk Line (Western Line)",
        "latitude": 7.029559,
        "longitude": 6.432554,
        "elevation": 89.0,
        "slope_deg": 1.66,
        "river_proximity_km": 55.2,
        "fault_distance_km": 42.09,
        "soil_type": "Stable Sandy Loam",
        "soil_risk": 0,
        "flooding_index": 0.256,
        "earthquake_factor": 0.037,
        "erosion_factor": 0.106,
        "landslide_index": 0.152,
        "soil_corrosivity_index": 0.451,
        "hoop_stress_ratio": 0.354,
        "pipe_diameter_inches": 24.0,
        "operating_pressure_psig": 1200.0,
        "pipe_material": "API 5L X65",
        "design_wall_thickness_mm": 15.9,
        "operational_age_years": 16.0,
        "corrosion_rate_mm_per_year": 0.245,
        "thickness_loss_mm": 3.92,
        "remaining_wall_thickness_mm": 11.98,
        "material_loss_percent": 24.7,
        "degradation_condition": "Moderate",
        "failure_probability": 0.1234,
        "failure_probability_percent": 12.3,
        "risk_class": "Low",
        "primary_hazard": "Corrosive Soil & Anoxic Groundwater Degradation",
        "failure_code": "ERR-GEO-CORR-04",
        "diagnostic_message": "KP 108.0: High external corrosion hazard (12.3%) resulting from saturated groundwater (Corrosivity Index 0.451) and anaerobic clay soil. Coating breakdown risk is high.",
        "remediation_plan": "Upgrade Impressed Current Cathodic Protection (ICCP), apply 3LPE coating repair, and conduct smart-pig inline inspection."
      },
      "geometry": {
        "type": "Point",
        "coordinates": [
          6.432554,
          7.029559
        ]
      }
    },
    {
      "type": "Feature",
      "properties": {
        "kp": 109.0,
        "pipeline_id": 4,
        "pipeline_code": "OBN-AJA",
        "pipeline_name": "Oben\u2013Ajaokuta Gas Trunk Line (Western Line)",
        "latitude": 7.037935,
        "longitude": 6.435853,
        "elevation": 106.0,
        "slope_deg": 1.55,
        "river_proximity_km": 54.21,
        "fault_distance_km": 41.13,
        "soil_type": "Stable Sandy Loam",
        "soil_risk": 0,
        "flooding_index": 0.219,
        "earthquake_factor": 0.066,
        "erosion_factor": 0.075,
        "landslide_index": 0.158,
        "soil_corrosivity_index": 0.422,
        "hoop_stress_ratio": 0.354,
        "pipe_diameter_inches": 24.0,
        "operating_pressure_psig": 1200.0,
        "pipe_material": "API 5L X65",
        "design_wall_thickness_mm": 15.9,
        "operational_age_years": 16.0,
        "corrosion_rate_mm_per_year": 0.229,
        "thickness_loss_mm": 3.66,
        "remaining_wall_thickness_mm": 12.24,
        "material_loss_percent": 23.0,
        "degradation_condition": "Moderate",
        "failure_probability": 0.1161,
        "failure_probability_percent": 11.6,
        "risk_class": "Low",
        "primary_hazard": "Low Geo-Hazard Stress (Nominal Operational)",
        "failure_code": "NOMINAL-00",
        "diagnostic_message": "KP 109.0: Stable terrain conditions (11.6% PoF). Operating within normal design parameters under standard Catholic Protection monitoring.",
        "remediation_plan": "Maintain standard periodic aerial Right-of-Way surveillance and annual CP survey."
      },
      "geometry": {
        "type": "Point",
        "coordinates": [
          6.435853,
          7.037935
        ]
      }
    },
    {
      "type": "Feature",
      "properties": {
        "kp": 110.0,
        "pipeline_id": 4,
        "pipeline_code": "OBN-AJA",
        "pipeline_name": "Oben\u2013Ajaokuta Gas Trunk Line (Western Line)",
        "latitude": 7.046311,
        "longitude": 6.439153,
        "elevation": 116.0,
        "slope_deg": 2.41,
        "river_proximity_km": 53.21,
        "fault_distance_km": 40.06,
        "soil_type": "Stable Sandy Loam",
        "soil_risk": 0,
        "flooding_index": 0.23,
        "earthquake_factor": 0.032,
        "erosion_factor": 0.099,
        "landslide_index": 0.202,
        "soil_corrosivity_index": 0.404,
        "hoop_stress_ratio": 0.354,
        "pipe_diameter_inches": 24.0,
        "operating_pressure_psig": 1200.0,
        "pipe_material": "API 5L X65",
        "design_wall_thickness_mm": 15.9,
        "operational_age_years": 16.0,
        "corrosion_rate_mm_per_year": 0.231,
        "thickness_loss_mm": 3.7,
        "remaining_wall_thickness_mm": 12.2,
        "material_loss_percent": 23.3,
        "degradation_condition": "Moderate",
        "failure_probability": 0.121,
        "failure_probability_percent": 12.1,
        "risk_class": "Low",
        "primary_hazard": "Low Geo-Hazard Stress (Nominal Operational)",
        "failure_code": "NOMINAL-00",
        "diagnostic_message": "KP 110.0: Stable terrain conditions (12.1% PoF). Operating within normal design parameters under standard Catholic Protection monitoring.",
        "remediation_plan": "Maintain standard periodic aerial Right-of-Way surveillance and annual CP survey."
      },
      "geometry": {
        "type": "Point",
        "coordinates": [
          6.439153,
          7.046311
        ]
      }
    },
    {
      "type": "Feature",
      "properties": {
        "kp": 111.0,
        "pipeline_id": 4,
        "pipeline_code": "OBN-AJA",
        "pipeline_name": "Oben\u2013Ajaokuta Gas Trunk Line (Western Line)",
        "latitude": 7.054686,
        "longitude": 6.442452,
        "elevation": 148.0,
        "slope_deg": 3.43,
        "river_proximity_km": 52.22,
        "fault_distance_km": 38.64,
        "soil_type": "Stable Sandy Loam",
        "soil_risk": 0,
        "flooding_index": 0.174,
        "earthquake_factor": 0.03,
        "erosion_factor": 0.134,
        "landslide_index": 0.254,
        "soil_corrosivity_index": 0.35,
        "hoop_stress_ratio": 0.354,
        "pipe_diameter_inches": 24.0,
        "operating_pressure_psig": 1200.0,
        "pipe_material": "API 5L X65",
        "design_wall_thickness_mm": 15.9,
        "operational_age_years": 16.0,
        "corrosion_rate_mm_per_year": 0.182,
        "thickness_loss_mm": 2.91,
        "remaining_wall_thickness_mm": 12.99,
        "material_loss_percent": 18.3,
        "degradation_condition": "Moderate",
        "failure_probability": 0.117,
        "failure_probability_percent": 11.7,
        "risk_class": "Low",
        "primary_hazard": "Low Geo-Hazard Stress (Nominal Operational)",
        "failure_code": "NOMINAL-00",
        "diagnostic_message": "KP 111.0: Stable terrain conditions (11.7% PoF). Operating within normal design parameters under standard Catholic Protection monitoring.",
        "remediation_plan": "Maintain standard periodic aerial Right-of-Way surveillance and annual CP survey."
      },
      "geometry": {
        "type": "Point",
        "coordinates": [
          6.442452,
          7.054686
        ]
      }
    },
    {
      "type": "Feature",
      "properties": {
        "kp": 112.0,
        "pipeline_id": 4,
        "pipeline_code": "OBN-AJA",
        "pipeline_name": "Oben\u2013Ajaokuta Gas Trunk Line (Western Line)",
        "latitude": 7.063062,
        "longitude": 6.445752,
        "elevation": 176.0,
        "slope_deg": 3.26,
        "river_proximity_km": 51.22,
        "fault_distance_km": 37.94,
        "soil_type": "Stable Sandy Loam",
        "soil_risk": 0,
        "flooding_index": 0.18,
        "earthquake_factor": 0.066,
        "erosion_factor": 0.116,
        "landslide_index": 0.256,
        "soil_corrosivity_index": 0.302,
        "hoop_stress_ratio": 0.354,
        "pipe_diameter_inches": 24.0,
        "operating_pressure_psig": 1200.0,
        "pipe_material": "API 5L X65",
        "design_wall_thickness_mm": 15.9,
        "operational_age_years": 16.0,
        "corrosion_rate_mm_per_year": 0.175,
        "thickness_loss_mm": 2.8,
        "remaining_wall_thickness_mm": 13.1,
        "material_loss_percent": 17.6,
        "degradation_condition": "Moderate",
        "failure_probability": 0.117,
        "failure_probability_percent": 11.7,
        "risk_class": "Low",
        "primary_hazard": "Low Geo-Hazard Stress (Nominal Operational)",
        "failure_code": "NOMINAL-00",
        "diagnostic_message": "KP 112.0: Stable terrain conditions (11.7% PoF). Operating within normal design parameters under standard Catholic Protection monitoring.",
        "remediation_plan": "Maintain standard periodic aerial Right-of-Way surveillance and annual CP survey."
      },
      "geometry": {
        "type": "Point",
        "coordinates": [
          6.445752,
          7.063062
        ]
      }
    },
    {
      "type": "Feature",
      "properties": {
        "kp": 113.0,
        "pipeline_id": 4,
        "pipeline_code": "OBN-AJA",
        "pipeline_name": "Oben\u2013Ajaokuta Gas Trunk Line (Western Line)",
        "latitude": 7.071438,
        "longitude": 6.449051,
        "elevation": 205.0,
        "slope_deg": 2.86,
        "river_proximity_km": 50.23,
        "fault_distance_km": 36.84,
        "soil_type": "Expansive Shale & Rocky Outcrop",
        "soil_risk": 2,
        "flooding_index": 0.137,
        "earthquake_factor": 0.064,
        "erosion_factor": 0.135,
        "landslide_index": 0.261,
        "soil_corrosivity_index": 0.652,
        "hoop_stress_ratio": 0.354,
        "pipe_diameter_inches": 24.0,
        "operating_pressure_psig": 1200.0,
        "pipe_material": "API 5L X65",
        "design_wall_thickness_mm": 15.9,
        "operational_age_years": 16.0,
        "corrosion_rate_mm_per_year": 0.318,
        "thickness_loss_mm": 5.09,
        "remaining_wall_thickness_mm": 10.81,
        "material_loss_percent": 32.0,
        "degradation_condition": "Critical",
        "failure_probability": 0.1428,
        "failure_probability_percent": 14.3,
        "risk_class": "Low",
        "primary_hazard": "Corrosive Soil & Anoxic Groundwater Degradation",
        "failure_code": "ERR-GEO-CORR-04",
        "diagnostic_message": "KP 113.0: High external corrosion hazard (14.3%) resulting from saturated groundwater (Corrosivity Index 0.652) and anaerobic clay soil. Coating breakdown risk is high.",
        "remediation_plan": "Upgrade Impressed Current Cathodic Protection (ICCP), apply 3LPE coating repair, and conduct smart-pig inline inspection."
      },
      "geometry": {
        "type": "Point",
        "coordinates": [
          6.449051,
          7.071438
        ]
      }
    },
    {
      "type": "Feature",
      "properties": {
        "kp": 114.0,
        "pipeline_id": 4,
        "pipeline_code": "OBN-AJA",
        "pipeline_name": "Oben\u2013Ajaokuta Gas Trunk Line (Western Line)",
        "latitude": 7.079813,
        "longitude": 6.452351,
        "elevation": 226.0,
        "slope_deg": 2.12,
        "river_proximity_km": 49.23,
        "fault_distance_km": 35.79,
        "soil_type": "Expansive Shale & Rocky Outcrop",
        "soil_risk": 2,
        "flooding_index": 0.111,
        "earthquake_factor": 0.03,
        "erosion_factor": 0.07,
        "landslide_index": 0.25,
        "soil_corrosivity_index": 0.616,
        "hoop_stress_ratio": 0.354,
        "pipe_diameter_inches": 24.0,
        "operating_pressure_psig": 1200.0,
        "pipe_material": "API 5L X65",
        "design_wall_thickness_mm": 15.9,
        "operational_age_years": 16.0,
        "corrosion_rate_mm_per_year": 0.314,
        "thickness_loss_mm": 5.02,
        "remaining_wall_thickness_mm": 10.88,
        "material_loss_percent": 31.6,
        "degradation_condition": "Critical",
        "failure_probability": 0.1231,
        "failure_probability_percent": 12.3,
        "risk_class": "Low",
        "primary_hazard": "Corrosive Soil & Anoxic Groundwater Degradation",
        "failure_code": "ERR-GEO-CORR-04",
        "diagnostic_message": "KP 114.0: High external corrosion hazard (12.3%) resulting from saturated groundwater (Corrosivity Index 0.616) and anaerobic clay soil. Coating breakdown risk is high.",
        "remediation_plan": "Upgrade Impressed Current Cathodic Protection (ICCP), apply 3LPE coating repair, and conduct smart-pig inline inspection."
      },
      "geometry": {
        "type": "Point",
        "coordinates": [
          6.452351,
          7.079813
        ]
      }
    },
    {
      "type": "Feature",
      "properties": {
        "kp": 115.0,
        "pipeline_id": 4,
        "pipeline_code": "OBN-AJA",
        "pipeline_name": "Oben\u2013Ajaokuta Gas Trunk Line (Western Line)",
        "latitude": 7.088189,
        "longitude": 6.45565,
        "elevation": 242.0,
        "slope_deg": 2.92,
        "river_proximity_km": 48.24,
        "fault_distance_km": 34.77,
        "soil_type": "Expansive Shale & Rocky Outcrop",
        "soil_risk": 2,
        "flooding_index": 0.092,
        "earthquake_factor": 0.072,
        "erosion_factor": 0.083,
        "landslide_index": 0.283,
        "soil_corrosivity_index": 0.589,
        "hoop_stress_ratio": 0.354,
        "pipe_diameter_inches": 24.0,
        "operating_pressure_psig": 1200.0,
        "pipe_material": "API 5L X65",
        "design_wall_thickness_mm": 15.9,
        "operational_age_years": 16.0,
        "corrosion_rate_mm_per_year": 0.293,
        "thickness_loss_mm": 4.69,
        "remaining_wall_thickness_mm": 11.21,
        "material_loss_percent": 29.5,
        "degradation_condition": "Moderate",
        "failure_probability": 0.1289,
        "failure_probability_percent": 12.9,
        "risk_class": "Low",
        "primary_hazard": "Corrosive Soil & Anoxic Groundwater Degradation",
        "failure_code": "ERR-GEO-CORR-04",
        "diagnostic_message": "KP 115.0: High external corrosion hazard (12.9%) resulting from saturated groundwater (Corrosivity Index 0.589) and anaerobic clay soil. Coating breakdown risk is high.",
        "remediation_plan": "Upgrade Impressed Current Cathodic Protection (ICCP), apply 3LPE coating repair, and conduct smart-pig inline inspection."
      },
      "geometry": {
        "type": "Point",
        "coordinates": [
          6.45565,
          7.088189
        ]
      }
    },
    {
      "type": "Feature",
      "properties": {
        "kp": 116.0,
        "pipeline_id": 4,
        "pipeline_code": "OBN-AJA",
        "pipeline_name": "Oben\u2013Ajaokuta Gas Trunk Line (Western Line)",
        "latitude": 7.096565,
        "longitude": 6.45895,
        "elevation": 277.0,
        "slope_deg": 3.55,
        "river_proximity_km": 47.25,
        "fault_distance_km": 34.11,
        "soil_type": "Expansive Shale & Rocky Outcrop",
        "soil_risk": 2,
        "flooding_index": 0.047,
        "earthquake_factor": 0.046,
        "erosion_factor": 0.142,
        "landslide_index": 0.328,
        "soil_corrosivity_index": 0.529,
        "hoop_stress_ratio": 0.354,
        "pipe_diameter_inches": 24.0,
        "operating_pressure_psig": 1200.0,
        "pipe_material": "API 5L X65",
        "design_wall_thickness_mm": 15.9,
        "operational_age_years": 16.0,
        "corrosion_rate_mm_per_year": 0.241,
        "thickness_loss_mm": 3.86,
        "remaining_wall_thickness_mm": 12.04,
        "material_loss_percent": 24.3,
        "degradation_condition": "Moderate",
        "failure_probability": 0.1243,
        "failure_probability_percent": 12.4,
        "risk_class": "Low",
        "primary_hazard": "Corrosive Soil & Anoxic Groundwater Degradation",
        "failure_code": "ERR-GEO-CORR-04",
        "diagnostic_message": "KP 116.0: High external corrosion hazard (12.4%) resulting from saturated groundwater (Corrosivity Index 0.529) and anaerobic clay soil. Coating breakdown risk is high.",
        "remediation_plan": "Upgrade Impressed Current Cathodic Protection (ICCP), apply 3LPE coating repair, and conduct smart-pig inline inspection."
      },
      "geometry": {
        "type": "Point",
        "coordinates": [
          6.45895,
          7.096565
        ]
      }
    },
    {
      "type": "Feature",
      "properties": {
        "kp": 117.0,
        "pipeline_id": 4,
        "pipeline_code": "OBN-AJA",
        "pipeline_name": "Oben\u2013Ajaokuta Gas Trunk Line (Western Line)",
        "latitude": 7.10494,
        "longitude": 6.462249,
        "elevation": 304.0,
        "slope_deg": 2.63,
        "river_proximity_km": 46.25,
        "fault_distance_km": 33.23,
        "soil_type": "Expansive Shale & Rocky Outcrop",
        "soil_risk": 2,
        "flooding_index": 0.04,
        "earthquake_factor": 0.07,
        "erosion_factor": 0.077,
        "landslide_index": 0.327,
        "soil_corrosivity_index": 0.483,
        "hoop_stress_ratio": 0.354,
        "pipe_diameter_inches": 24.0,
        "operating_pressure_psig": 1200.0,
        "pipe_material": "API 5L X65",
        "design_wall_thickness_mm": 15.9,
        "operational_age_years": 16.0,
        "corrosion_rate_mm_per_year": 0.238,
        "thickness_loss_mm": 3.81,
        "remaining_wall_thickness_mm": 12.09,
        "material_loss_percent": 24.0,
        "degradation_condition": "Moderate",
        "failure_probability": 0.1161,
        "failure_probability_percent": 11.6,
        "risk_class": "Low",
        "primary_hazard": "Corrosive Soil & Anoxic Groundwater Degradation",
        "failure_code": "ERR-GEO-CORR-04",
        "diagnostic_message": "KP 117.0: High external corrosion hazard (11.6%) resulting from saturated groundwater (Corrosivity Index 0.483) and anaerobic clay soil. Coating breakdown risk is high.",
        "remediation_plan": "Upgrade Impressed Current Cathodic Protection (ICCP), apply 3LPE coating repair, and conduct smart-pig inline inspection."
      },
      "geometry": {
        "type": "Point",
        "coordinates": [
          6.462249,
          7.10494
        ]
      }
    },
    {
      "type": "Feature",
      "properties": {
        "kp": 118.0,
        "pipeline_id": 4,
        "pipeline_code": "OBN-AJA",
        "pipeline_name": "Oben\u2013Ajaokuta Gas Trunk Line (Western Line)",
        "latitude": 7.113316,
        "longitude": 6.465549,
        "elevation": 323.0,
        "slope_deg": 1.2,
        "river_proximity_km": 45.26,
        "fault_distance_km": 32.0,
        "soil_type": "Expansive Shale & Rocky Outcrop",
        "soil_risk": 2,
        "flooding_index": 0.04,
        "earthquake_factor": 0.045,
        "erosion_factor": 0.103,
        "landslide_index": 0.287,
        "soil_corrosivity_index": 0.45,
        "hoop_stress_ratio": 0.354,
        "pipe_diameter_inches": 24.0,
        "operating_pressure_psig": 1200.0,
        "pipe_material": "API 5L X65",
        "design_wall_thickness_mm": 15.9,
        "operational_age_years": 16.0,
        "corrosion_rate_mm_per_year": 0.226,
        "thickness_loss_mm": 3.62,
        "remaining_wall_thickness_mm": 12.28,
        "material_loss_percent": 22.8,
        "degradation_condition": "Moderate",
        "failure_probability": 0.1062,
        "failure_probability_percent": 10.6,
        "risk_class": "Low",
        "primary_hazard": "Corrosive Soil & Anoxic Groundwater Degradation",
        "failure_code": "ERR-GEO-CORR-04",
        "diagnostic_message": "KP 118.0: High external corrosion hazard (10.6%) resulting from saturated groundwater (Corrosivity Index 0.45) and anaerobic clay soil. Coating breakdown risk is high.",
        "remediation_plan": "Upgrade Impressed Current Cathodic Protection (ICCP), apply 3LPE coating repair, and conduct smart-pig inline inspection."
      },
      "geometry": {
        "type": "Point",
        "coordinates": [
          6.465549,
          7.113316
        ]
      }
    },
    {
      "type": "Feature",
      "properties": {
        "kp": 119.0,
        "pipeline_id": 4,
        "pipeline_code": "OBN-AJA",
        "pipeline_name": "Oben\u2013Ajaokuta Gas Trunk Line (Western Line)",
        "latitude": 7.121692,
        "longitude": 6.468848,
        "elevation": 283.0,
        "slope_deg": 2.69,
        "river_proximity_km": 44.27,
        "fault_distance_km": 31.11,
        "soil_type": "Expansive Shale & Rocky Outcrop",
        "soil_risk": 2,
        "flooding_index": 0.069,
        "earthquake_factor": 0.08,
        "erosion_factor": 0.11,
        "landslide_index": 0.293,
        "soil_corrosivity_index": 0.519,
        "hoop_stress_ratio": 0.354,
        "pipe_diameter_inches": 24.0,
        "operating_pressure_psig": 1200.0,
        "pipe_material": "API 5L X65",
        "design_wall_thickness_mm": 15.9,
        "operational_age_years": 16.0,
        "corrosion_rate_mm_per_year": 0.254,
        "thickness_loss_mm": 4.06,
        "remaining_wall_thickness_mm": 11.84,
        "material_loss_percent": 25.5,
        "degradation_condition": "Moderate",
        "failure_probability": 0.1235,
        "failure_probability_percent": 12.3,
        "risk_class": "Low",
        "primary_hazard": "Corrosive Soil & Anoxic Groundwater Degradation",
        "failure_code": "ERR-GEO-CORR-04",
        "diagnostic_message": "KP 119.0: High external corrosion hazard (12.3%) resulting from saturated groundwater (Corrosivity Index 0.519) and anaerobic clay soil. Coating breakdown risk is high.",
        "remediation_plan": "Upgrade Impressed Current Cathodic Protection (ICCP), apply 3LPE coating repair, and conduct smart-pig inline inspection."
      },
      "geometry": {
        "type": "Point",
        "coordinates": [
          6.468848,
          7.121692
        ]
      }
    },
    {
      "type": "Feature",
      "properties": {
        "kp": 120.0,
        "pipeline_id": 4,
        "pipeline_code": "OBN-AJA",
        "pipeline_name": "Oben\u2013Ajaokuta Gas Trunk Line (Western Line)",
        "latitude": 7.130068,
        "longitude": 6.472148,
        "elevation": 276.0,
        "slope_deg": 4.52,
        "river_proximity_km": 43.28,
        "fault_distance_km": 30.29,
        "soil_type": "Expansive Shale & Rocky Outcrop",
        "soil_risk": 2,
        "flooding_index": 0.04,
        "earthquake_factor": 0.065,
        "erosion_factor": 0.128,
        "landslide_index": 0.374,
        "soil_corrosivity_index": 0.531,
        "hoop_stress_ratio": 0.354,
        "pipe_diameter_inches": 24.0,
        "operating_pressure_psig": 1200.0,
        "pipe_material": "API 5L X65",
        "design_wall_thickness_mm": 15.9,
        "operational_age_years": 16.0,
        "corrosion_rate_mm_per_year": 0.245,
        "thickness_loss_mm": 3.92,
        "remaining_wall_thickness_mm": 11.98,
        "material_loss_percent": 24.7,
        "degradation_condition": "Moderate",
        "failure_probability": 0.1315,
        "failure_probability_percent": 13.2,
        "risk_class": "Low",
        "primary_hazard": "Corrosive Soil & Anoxic Groundwater Degradation",
        "failure_code": "ERR-GEO-CORR-04",
        "diagnostic_message": "KP 120.0: High external corrosion hazard (13.2%) resulting from saturated groundwater (Corrosivity Index 0.531) and anaerobic clay soil. Coating breakdown risk is high.",
        "remediation_plan": "Upgrade Impressed Current Cathodic Protection (ICCP), apply 3LPE coating repair, and conduct smart-pig inline inspection."
      },
      "geometry": {
        "type": "Point",
        "coordinates": [
          6.472148,
          7.130068
        ]
      }
    },
    {
      "type": "Feature",
      "properties": {
        "kp": 121.0,
        "pipeline_id": 4,
        "pipeline_code": "OBN-AJA",
        "pipeline_name": "Oben\u2013Ajaokuta Gas Trunk Line (Western Line)",
        "latitude": 7.138443,
        "longitude": 6.475447,
        "elevation": 204.0,
        "slope_deg": 5.6,
        "river_proximity_km": 42.29,
        "fault_distance_km": 29.26,
        "soil_type": "Expansive Shale & Rocky Outcrop",
        "soil_risk": 2,
        "flooding_index": 0.136,
        "earthquake_factor": 0.067,
        "erosion_factor": 0.126,
        "landslide_index": 0.361,
        "soil_corrosivity_index": 0.654,
        "hoop_stress_ratio": 0.354,
        "pipe_diameter_inches": 24.0,
        "operating_pressure_psig": 1200.0,
        "pipe_material": "API 5L X65",
        "design_wall_thickness_mm": 15.9,
        "operational_age_years": 16.0,
        "corrosion_rate_mm_per_year": 0.311,
        "thickness_loss_mm": 4.98,
        "remaining_wall_thickness_mm": 10.92,
        "material_loss_percent": 31.3,
        "degradation_condition": "Moderate",
        "failure_probability": 0.1577,
        "failure_probability_percent": 15.8,
        "risk_class": "Low",
        "primary_hazard": "Corrosive Soil & Anoxic Groundwater Degradation",
        "failure_code": "ERR-GEO-CORR-04",
        "diagnostic_message": "KP 121.0: High external corrosion hazard (15.8%) resulting from saturated groundwater (Corrosivity Index 0.654) and anaerobic clay soil. Coating breakdown risk is high.",
        "remediation_plan": "Upgrade Impressed Current Cathodic Protection (ICCP), apply 3LPE coating repair, and conduct smart-pig inline inspection."
      },
      "geometry": {
        "type": "Point",
        "coordinates": [
          6.475447,
          7.138443
        ]
      }
    },
    {
      "type": "Feature",
      "properties": {
        "kp": 122.0,
        "pipeline_id": 4,
        "pipeline_code": "OBN-AJA",
        "pipeline_name": "Oben\u2013Ajaokuta Gas Trunk Line (Western Line)",
        "latitude": 7.146819,
        "longitude": 6.478747,
        "elevation": 178.0,
        "slope_deg": 4.18,
        "river_proximity_km": 41.29,
        "fault_distance_km": 28.29,
        "soil_type": "Stable Sandy Loam",
        "soil_risk": 0,
        "flooding_index": 0.169,
        "earthquake_factor": 0.07,
        "erosion_factor": 0.158,
        "landslide_index": 0.279,
        "soil_corrosivity_index": 0.299,
        "hoop_stress_ratio": 0.354,
        "pipe_diameter_inches": 24.0,
        "operating_pressure_psig": 1200.0,
        "pipe_material": "API 5L X65",
        "design_wall_thickness_mm": 15.9,
        "operational_age_years": 16.0,
        "corrosion_rate_mm_per_year": 0.187,
        "thickness_loss_mm": 2.99,
        "remaining_wall_thickness_mm": 12.91,
        "material_loss_percent": 18.8,
        "degradation_condition": "Moderate",
        "failure_probability": 0.1226,
        "failure_probability_percent": 12.3,
        "risk_class": "Low",
        "primary_hazard": "Low Geo-Hazard Stress (Nominal Operational)",
        "failure_code": "NOMINAL-00",
        "diagnostic_message": "KP 122.0: Stable terrain conditions (12.3% PoF). Operating within normal design parameters under standard Catholic Protection monitoring.",
        "remediation_plan": "Maintain standard periodic aerial Right-of-Way surveillance and annual CP survey."
      },
      "geometry": {
        "type": "Point",
        "coordinates": [
          6.478747,
          7.146819
        ]
      }
    },
    {
      "type": "Feature",
      "properties": {
        "kp": 123.0,
        "pipeline_id": 4,
        "pipeline_code": "OBN-AJA",
        "pipeline_name": "Oben\u2013Ajaokuta Gas Trunk Line (Western Line)",
        "latitude": 7.155122,
        "longitude": 6.482227,
        "elevation": 131.0,
        "slope_deg": 3.38,
        "river_proximity_km": 40.3,
        "fault_distance_km": 27.3,
        "soil_type": "Stable Sandy Loam",
        "soil_risk": 0,
        "flooding_index": 0.19,
        "earthquake_factor": 0.034,
        "erosion_factor": 0.104,
        "landslide_index": 0.24,
        "soil_corrosivity_index": 0.38,
        "hoop_stress_ratio": 0.354,
        "pipe_diameter_inches": 24.0,
        "operating_pressure_psig": 1200.0,
        "pipe_material": "API 5L X65",
        "design_wall_thickness_mm": 15.9,
        "operational_age_years": 16.0,
        "corrosion_rate_mm_per_year": 0.213,
        "thickness_loss_mm": 3.41,
        "remaining_wall_thickness_mm": 12.49,
        "material_loss_percent": 21.4,
        "degradation_condition": "Moderate",
        "failure_probability": 0.1182,
        "failure_probability_percent": 11.8,
        "risk_class": "Low",
        "primary_hazard": "Low Geo-Hazard Stress (Nominal Operational)",
        "failure_code": "NOMINAL-00",
        "diagnostic_message": "KP 123.0: Stable terrain conditions (11.8% PoF). Operating within normal design parameters under standard Catholic Protection monitoring.",
        "remediation_plan": "Maintain standard periodic aerial Right-of-Way surveillance and annual CP survey."
      },
      "geometry": {
        "type": "Point",
        "coordinates": [
          6.482227,
          7.155122
        ]
      }
    },
    {
      "type": "Feature",
      "properties": {
        "kp": 124.0,
        "pipeline_id": 4,
        "pipeline_code": "OBN-AJA",
        "pipeline_name": "Oben\u2013Ajaokuta Gas Trunk Line (Western Line)",
        "latitude": 7.16338,
        "longitude": 6.485817,
        "elevation": 119.0,
        "slope_deg": 0.17,
        "river_proximity_km": 39.31,
        "fault_distance_km": 26.53,
        "soil_type": "Stable Sandy Loam",
        "soil_risk": 0,
        "flooding_index": 0.225,
        "earthquake_factor": 0.058,
        "erosion_factor": 0.05,
        "landslide_index": 0.094,
        "soil_corrosivity_index": 0.401,
        "hoop_stress_ratio": 0.354,
        "pipe_diameter_inches": 24.0,
        "operating_pressure_psig": 1200.0,
        "pipe_material": "API 5L X65",
        "design_wall_thickness_mm": 15.9,
        "operational_age_years": 16.0,
        "corrosion_rate_mm_per_year": 0.21,
        "thickness_loss_mm": 3.36,
        "remaining_wall_thickness_mm": 12.54,
        "material_loss_percent": 21.1,
        "degradation_condition": "Moderate",
        "failure_probability": 0.1022,
        "failure_probability_percent": 10.2,
        "risk_class": "Low",
        "primary_hazard": "Low Geo-Hazard Stress (Nominal Operational)",
        "failure_code": "NOMINAL-00",
        "diagnostic_message": "KP 124.0: Stable terrain conditions (10.2% PoF). Operating within normal design parameters under standard Catholic Protection monitoring.",
        "remediation_plan": "Maintain standard periodic aerial Right-of-Way surveillance and annual CP survey."
      },
      "geometry": {
        "type": "Point",
        "coordinates": [
          6.485817,
          7.16338
        ]
      }
    },
    {
      "type": "Feature",
      "properties": {
        "kp": 125.0,
        "pipeline_id": 4,
        "pipeline_code": "OBN-AJA",
        "pipeline_name": "Oben\u2013Ajaokuta Gas Trunk Line (Western Line)",
        "latitude": 7.171637,
        "longitude": 6.489408,
        "elevation": 128.0,
        "slope_deg": 1.43,
        "river_proximity_km": 38.31,
        "fault_distance_km": 25.17,
        "soil_type": "Stable Sandy Loam",
        "soil_risk": 0,
        "flooding_index": 0.201,
        "earthquake_factor": 0.069,
        "erosion_factor": 0.098,
        "landslide_index": 0.174,
        "soil_corrosivity_index": 0.385,
        "hoop_stress_ratio": 0.354,
        "pipe_diameter_inches": 24.0,
        "operating_pressure_psig": 1200.0,
        "pipe_material": "API 5L X65",
        "design_wall_thickness_mm": 15.9,
        "operational_age_years": 16.0,
        "corrosion_rate_mm_per_year": 0.224,
        "thickness_loss_mm": 3.58,
        "remaining_wall_thickness_mm": 12.32,
        "material_loss_percent": 22.5,
        "degradation_condition": "Moderate",
        "failure_probability": 0.1144,
        "failure_probability_percent": 11.4,
        "risk_class": "Low",
        "primary_hazard": "Low Geo-Hazard Stress (Nominal Operational)",
        "failure_code": "NOMINAL-00",
        "diagnostic_message": "KP 125.0: Stable terrain conditions (11.4% PoF). Operating within normal design parameters under standard Catholic Protection monitoring.",
        "remediation_plan": "Maintain standard periodic aerial Right-of-Way surveillance and annual CP survey."
      },
      "geometry": {
        "type": "Point",
        "coordinates": [
          6.489408,
          7.171637
        ]
      }
    },
    {
      "type": "Feature",
      "properties": {
        "kp": 126.0,
        "pipeline_id": 4,
        "pipeline_code": "OBN-AJA",
        "pipeline_name": "Oben\u2013Ajaokuta Gas Trunk Line (Western Line)",
        "latitude": 7.179895,
        "longitude": 6.492998,
        "elevation": 144.0,
        "slope_deg": 2.12,
        "river_proximity_km": 37.32,
        "fault_distance_km": 24.57,
        "soil_type": "Stable Sandy Loam",
        "soil_risk": 0,
        "flooding_index": 0.196,
        "earthquake_factor": 0.072,
        "erosion_factor": 0.116,
        "landslide_index": 0.174,
        "soil_corrosivity_index": 0.358,
        "hoop_stress_ratio": 0.354,
        "pipe_diameter_inches": 24.0,
        "operating_pressure_psig": 1200.0,
        "pipe_material": "API 5L X65",
        "design_wall_thickness_mm": 15.9,
        "operational_age_years": 16.0,
        "corrosion_rate_mm_per_year": 0.192,
        "thickness_loss_mm": 3.07,
        "remaining_wall_thickness_mm": 12.83,
        "material_loss_percent": 19.3,
        "degradation_condition": "Moderate",
        "failure_probability": 0.1131,
        "failure_probability_percent": 11.3,
        "risk_class": "Low",
        "primary_hazard": "Low Geo-Hazard Stress (Nominal Operational)",
        "failure_code": "NOMINAL-00",
        "diagnostic_message": "KP 126.0: Stable terrain conditions (11.3% PoF). Operating within normal design parameters under standard Catholic Protection monitoring.",
        "remediation_plan": "Maintain standard periodic aerial Right-of-Way surveillance and annual CP survey."
      },
      "geometry": {
        "type": "Point",
        "coordinates": [
          6.492998,
          7.179895
        ]
      }
    },
    {
      "type": "Feature",
      "properties": {
        "kp": 127.0,
        "pipeline_id": 4,
        "pipeline_code": "OBN-AJA",
        "pipeline_name": "Oben\u2013Ajaokuta Gas Trunk Line (Western Line)",
        "latitude": 7.188153,
        "longitude": 6.496588,
        "elevation": 165.0,
        "slope_deg": 2.29,
        "river_proximity_km": 36.32,
        "fault_distance_km": 23.76,
        "soil_type": "Stable Sandy Loam",
        "soil_risk": 0,
        "flooding_index": 0.173,
        "earthquake_factor": 0.069,
        "erosion_factor": 0.104,
        "landslide_index": 0.196,
        "soil_corrosivity_index": 0.322,
        "hoop_stress_ratio": 0.354,
        "pipe_diameter_inches": 24.0,
        "operating_pressure_psig": 1200.0,
        "pipe_material": "API 5L X65",
        "design_wall_thickness_mm": 15.9,
        "operational_age_years": 16.0,
        "corrosion_rate_mm_per_year": 0.177,
        "thickness_loss_mm": 2.83,
        "remaining_wall_thickness_mm": 13.07,
        "material_loss_percent": 17.8,
        "degradation_condition": "Moderate",
        "failure_probability": 0.1077,
        "failure_probability_percent": 10.8,
        "risk_class": "Low",
        "primary_hazard": "Low Geo-Hazard Stress (Nominal Operational)",
        "failure_code": "NOMINAL-00",
        "diagnostic_message": "KP 127.0: Stable terrain conditions (10.8% PoF). Operating within normal design parameters under standard Catholic Protection monitoring.",
        "remediation_plan": "Maintain standard periodic aerial Right-of-Way surveillance and annual CP survey."
      },
      "geometry": {
        "type": "Point",
        "coordinates": [
          6.496588,
          7.188153
        ]
      }
    },
    {
      "type": "Feature",
      "properties": {
        "kp": 128.0,
        "pipeline_id": 4,
        "pipeline_code": "OBN-AJA",
        "pipeline_name": "Oben\u2013Ajaokuta Gas Trunk Line (Western Line)",
        "latitude": 7.196411,
        "longitude": 6.500179,
        "elevation": 184.0,
        "slope_deg": 0.29,
        "river_proximity_km": 35.33,
        "fault_distance_km": 22.54,
        "soil_type": "Stable Sandy Loam",
        "soil_risk": 0,
        "flooding_index": 0.137,
        "earthquake_factor": 0.039,
        "erosion_factor": 0.083,
        "landslide_index": 0.137,
        "soil_corrosivity_index": 0.29,
        "hoop_stress_ratio": 0.354,
        "pipe_diameter_inches": 24.0,
        "operating_pressure_psig": 1200.0,
        "pipe_material": "API 5L X65",
        "design_wall_thickness_mm": 15.9,
        "operational_age_years": 16.0,
        "corrosion_rate_mm_per_year": 0.171,
        "thickness_loss_mm": 2.74,
        "remaining_wall_thickness_mm": 13.16,
        "material_loss_percent": 17.2,
        "degradation_condition": "Moderate",
        "failure_probability": 0.0837,
        "failure_probability_percent": 8.4,
        "risk_class": "Low",
        "primary_hazard": "Low Geo-Hazard Stress (Nominal Operational)",
        "failure_code": "NOMINAL-00",
        "diagnostic_message": "KP 128.0: Stable terrain conditions (8.4% PoF). Operating within normal design parameters under standard Catholic Protection monitoring.",
        "remediation_plan": "Maintain standard periodic aerial Right-of-Way surveillance and annual CP survey."
      },
      "geometry": {
        "type": "Point",
        "coordinates": [
          6.500179,
          7.196411
        ]
      }
    },
    {
      "type": "Feature",
      "properties": {
        "kp": 129.0,
        "pipeline_id": 4,
        "pipeline_code": "OBN-AJA",
        "pipeline_name": "Oben\u2013Ajaokuta Gas Trunk Line (Western Line)",
        "latitude": 7.204669,
        "longitude": 6.503769,
        "elevation": 160.0,
        "slope_deg": 0.4,
        "river_proximity_km": 34.34,
        "fault_distance_km": 21.6,
        "soil_type": "Stable Sandy Loam",
        "soil_risk": 0,
        "flooding_index": 0.207,
        "earthquake_factor": 0.054,
        "erosion_factor": 0.054,
        "landslide_index": 0.15,
        "soil_corrosivity_index": 0.331,
        "hoop_stress_ratio": 0.354,
        "pipe_diameter_inches": 24.0,
        "operating_pressure_psig": 1200.0,
        "pipe_material": "API 5L X65",
        "design_wall_thickness_mm": 15.9,
        "operational_age_years": 16.0,
        "corrosion_rate_mm_per_year": 0.199,
        "thickness_loss_mm": 3.18,
        "remaining_wall_thickness_mm": 12.72,
        "material_loss_percent": 20.0,
        "degradation_condition": "Moderate",
        "failure_probability": 0.1012,
        "failure_probability_percent": 10.1,
        "risk_class": "Low",
        "primary_hazard": "Low Geo-Hazard Stress (Nominal Operational)",
        "failure_code": "NOMINAL-00",
        "diagnostic_message": "KP 129.0: Stable terrain conditions (10.1% PoF). Operating within normal design parameters under standard Catholic Protection monitoring.",
        "remediation_plan": "Maintain standard periodic aerial Right-of-Way surveillance and annual CP survey."
      },
      "geometry": {
        "type": "Point",
        "coordinates": [
          6.503769,
          7.204669
        ]
      }
    },
    {
      "type": "Feature",
      "properties": {
        "kp": 130.0,
        "pipeline_id": 4,
        "pipeline_code": "OBN-AJA",
        "pipeline_name": "Oben\u2013Ajaokuta Gas Trunk Line (Western Line)",
        "latitude": 7.212927,
        "longitude": 6.50736,
        "elevation": 191.0,
        "slope_deg": 2.92,
        "river_proximity_km": 33.34,
        "fault_distance_km": 20.63,
        "soil_type": "Stable Sandy Loam",
        "soil_risk": 0,
        "flooding_index": 0.17,
        "earthquake_factor": 0.068,
        "erosion_factor": 0.109,
        "landslide_index": 0.234,
        "soil_corrosivity_index": 0.278,
        "hoop_stress_ratio": 0.354,
        "pipe_diameter_inches": 24.0,
        "operating_pressure_psig": 1200.0,
        "pipe_material": "API 5L X65",
        "design_wall_thickness_mm": 15.9,
        "operational_age_years": 16.0,
        "corrosion_rate_mm_per_year": 0.149,
        "thickness_loss_mm": 2.38,
        "remaining_wall_thickness_mm": 13.52,
        "material_loss_percent": 15.0,
        "degradation_condition": "Moderate",
        "failure_probability": 0.1094,
        "failure_probability_percent": 10.9,
        "risk_class": "Low",
        "primary_hazard": "Low Geo-Hazard Stress (Nominal Operational)",
        "failure_code": "NOMINAL-00",
        "diagnostic_message": "KP 130.0: Stable terrain conditions (10.9% PoF). Operating within normal design parameters under standard Catholic Protection monitoring.",
        "remediation_plan": "Maintain standard periodic aerial Right-of-Way surveillance and annual CP survey."
      },
      "geometry": {
        "type": "Point",
        "coordinates": [
          6.50736,
          7.212927
        ]
      }
    },
    {
      "type": "Feature",
      "properties": {
        "kp": 131.0,
        "pipeline_id": 4,
        "pipeline_code": "OBN-AJA",
        "pipeline_name": "Oben\u2013Ajaokuta Gas Trunk Line (Western Line)",
        "latitude": 7.221185,
        "longitude": 6.51095,
        "elevation": 211.0,
        "slope_deg": 1.09,
        "river_proximity_km": 32.35,
        "fault_distance_km": 20.06,
        "soil_type": "Expansive Shale & Rocky Outcrop",
        "soil_risk": 2,
        "flooding_index": 0.135,
        "earthquake_factor": 0.068,
        "erosion_factor": 0.092,
        "landslide_index": 0.203,
        "soil_corrosivity_index": 0.644,
        "hoop_stress_ratio": 0.354,
        "pipe_diameter_inches": 24.0,
        "operating_pressure_psig": 1200.0,
        "pipe_material": "API 5L X65",
        "design_wall_thickness_mm": 15.9,
        "operational_age_years": 16.0,
        "corrosion_rate_mm_per_year": 0.291,
        "thickness_loss_mm": 4.66,
        "remaining_wall_thickness_mm": 11.24,
        "material_loss_percent": 29.3,
        "degradation_condition": "Moderate",
        "failure_probability": 0.1295,
        "failure_probability_percent": 13.0,
        "risk_class": "Low",
        "primary_hazard": "Corrosive Soil & Anoxic Groundwater Degradation",
        "failure_code": "ERR-GEO-CORR-04",
        "diagnostic_message": "KP 131.0: High external corrosion hazard (13.0%) resulting from saturated groundwater (Corrosivity Index 0.644) and anaerobic clay soil. Coating breakdown risk is high.",
        "remediation_plan": "Upgrade Impressed Current Cathodic Protection (ICCP), apply 3LPE coating repair, and conduct smart-pig inline inspection."
      },
      "geometry": {
        "type": "Point",
        "coordinates": [
          6.51095,
          7.221185
        ]
      }
    },
    {
      "type": "Feature",
      "properties": {
        "kp": 132.0,
        "pipeline_id": 4,
        "pipeline_code": "OBN-AJA",
        "pipeline_name": "Oben\u2013Ajaokuta Gas Trunk Line (Western Line)",
        "latitude": 7.229443,
        "longitude": 6.51454,
        "elevation": 210.0,
        "slope_deg": 5.88,
        "river_proximity_km": 31.36,
        "fault_distance_km": 19.1,
        "soil_type": "Expansive Shale & Rocky Outcrop",
        "soil_risk": 2,
        "flooding_index": 0.119,
        "earthquake_factor": 0.089,
        "erosion_factor": 0.183,
        "landslide_index": 0.39,
        "soil_corrosivity_index": 0.645,
        "hoop_stress_ratio": 0.354,
        "pipe_diameter_inches": 24.0,
        "operating_pressure_psig": 1200.0,
        "pipe_material": "API 5L X65",
        "design_wall_thickness_mm": 15.9,
        "operational_age_years": 16.0,
        "corrosion_rate_mm_per_year": 0.288,
        "thickness_loss_mm": 4.61,
        "remaining_wall_thickness_mm": 11.29,
        "material_loss_percent": 29.0,
        "degradation_condition": "Moderate",
        "failure_probability": 0.1662,
        "failure_probability_percent": 16.6,
        "risk_class": "Low",
        "primary_hazard": "Corrosive Soil & Anoxic Groundwater Degradation",
        "failure_code": "ERR-GEO-CORR-04",
        "diagnostic_message": "KP 132.0: High external corrosion hazard (16.6%) resulting from saturated groundwater (Corrosivity Index 0.645) and anaerobic clay soil. Coating breakdown risk is high.",
        "remediation_plan": "Upgrade Impressed Current Cathodic Protection (ICCP), apply 3LPE coating repair, and conduct smart-pig inline inspection."
      },
      "geometry": {
        "type": "Point",
        "coordinates": [
          6.51454,
          7.229443
        ]
      }
    },
    {
      "type": "Feature",
      "properties": {
        "kp": 133.0,
        "pipeline_id": 4,
        "pipeline_code": "OBN-AJA",
        "pipeline_name": "Oben\u2013Ajaokuta Gas Trunk Line (Western Line)",
        "latitude": 7.237701,
        "longitude": 6.518131,
        "elevation": 108.0,
        "slope_deg": 2.35,
        "river_proximity_km": 30.37,
        "fault_distance_km": 17.89,
        "soil_type": "Stable Sandy Loam",
        "soil_risk": 0,
        "flooding_index": 0.229,
        "earthquake_factor": 0.062,
        "erosion_factor": 0.08,
        "landslide_index": 0.192,
        "soil_corrosivity_index": 0.421,
        "hoop_stress_ratio": 0.354,
        "pipe_diameter_inches": 24.0,
        "operating_pressure_psig": 1200.0,
        "pipe_material": "API 5L X65",
        "design_wall_thickness_mm": 15.9,
        "operational_age_years": 16.0,
        "corrosion_rate_mm_per_year": 0.21,
        "thickness_loss_mm": 3.36,
        "remaining_wall_thickness_mm": 12.54,
        "material_loss_percent": 21.1,
        "degradation_condition": "Moderate",
        "failure_probability": 0.1229,
        "failure_probability_percent": 12.3,
        "risk_class": "Low",
        "primary_hazard": "Low Geo-Hazard Stress (Nominal Operational)",
        "failure_code": "NOMINAL-00",
        "diagnostic_message": "KP 133.0: Stable terrain conditions (12.3% PoF). Operating within normal design parameters under standard Catholic Protection monitoring.",
        "remediation_plan": "Maintain standard periodic aerial Right-of-Way surveillance and annual CP survey."
      },
      "geometry": {
        "type": "Point",
        "coordinates": [
          6.518131,
          7.237701
        ]
      }
    },
    {
      "type": "Feature",
      "properties": {
        "kp": 134.0,
        "pipeline_id": 4,
        "pipeline_code": "OBN-AJA",
        "pipeline_name": "Oben\u2013Ajaokuta Gas Trunk Line (Western Line)",
        "latitude": 7.245959,
        "longitude": 6.521721,
        "elevation": 251.0,
        "slope_deg": 0.86,
        "river_proximity_km": 29.38,
        "fault_distance_km": 17.16,
        "soil_type": "Expansive Shale & Rocky Outcrop",
        "soil_risk": 2,
        "flooding_index": 0.111,
        "earthquake_factor": 0.075,
        "erosion_factor": 0.093,
        "landslide_index": 0.192,
        "soil_corrosivity_index": 0.576,
        "hoop_stress_ratio": 0.354,
        "pipe_diameter_inches": 24.0,
        "operating_pressure_psig": 1200.0,
        "pipe_material": "API 5L X65",
        "design_wall_thickness_mm": 15.9,
        "operational_age_years": 16.0,
        "corrosion_rate_mm_per_year": 0.278,
        "thickness_loss_mm": 4.45,
        "remaining_wall_thickness_mm": 11.45,
        "material_loss_percent": 28.0,
        "degradation_condition": "Moderate",
        "failure_probability": 0.1185,
        "failure_probability_percent": 11.8,
        "risk_class": "Low",
        "primary_hazard": "Corrosive Soil & Anoxic Groundwater Degradation",
        "failure_code": "ERR-GEO-CORR-04",
        "diagnostic_message": "KP 134.0: High external corrosion hazard (11.8%) resulting from saturated groundwater (Corrosivity Index 0.576) and anaerobic clay soil. Coating breakdown risk is high.",
        "remediation_plan": "Upgrade Impressed Current Cathodic Protection (ICCP), apply 3LPE coating repair, and conduct smart-pig inline inspection."
      },
      "geometry": {
        "type": "Point",
        "coordinates": [
          6.521721,
          7.245959
        ]
      }
    },
    {
      "type": "Feature",
      "properties": {
        "kp": 135.0,
        "pipeline_id": 4,
        "pipeline_code": "OBN-AJA",
        "pipeline_name": "Oben\u2013Ajaokuta Gas Trunk Line (Western Line)",
        "latitude": 7.254217,
        "longitude": 6.525312,
        "elevation": 123.0,
        "slope_deg": 9.59,
        "river_proximity_km": 28.39,
        "fault_distance_km": 16.17,
        "soil_type": "Stable Sandy Loam",
        "soil_risk": 0,
        "flooding_index": 0.205,
        "earthquake_factor": 0.106,
        "erosion_factor": 0.217,
        "landslide_index": 0.458,
        "soil_corrosivity_index": 0.395,
        "hoop_stress_ratio": 0.354,
        "pipe_diameter_inches": 24.0,
        "operating_pressure_psig": 1200.0,
        "pipe_material": "API 5L X65",
        "design_wall_thickness_mm": 15.9,
        "operational_age_years": 16.0,
        "corrosion_rate_mm_per_year": 0.207,
        "thickness_loss_mm": 3.31,
        "remaining_wall_thickness_mm": 12.59,
        "material_loss_percent": 20.8,
        "degradation_condition": "Moderate",
        "failure_probability": 0.1748,
        "failure_probability_percent": 17.5,
        "risk_class": "Low",
        "primary_hazard": "Slope Instability & Landslide Hazard",
        "failure_code": "ERR-GEO-SLOPE-02",
        "diagnostic_message": "KP 135.0: Pipeline elevated failure risk (17.5%) due to steep rocky slope terrain (9.59\u00b0 slope angle, Landslide Index 0.458). Gravitational soil movement risk buckling or un-seating pipe joint welds.",
        "remediation_plan": "Construct slope retaining gabion walls, install strain gauge monitoring sensors, and stabilize right-of-way."
      },
      "geometry": {
        "type": "Point",
        "coordinates": [
          6.525312,
          7.254217
        ]
      }
    },
    {
      "type": "Feature",
      "properties": {
        "kp": 136.0,
        "pipeline_id": 4,
        "pipeline_code": "OBN-AJA",
        "pipeline_name": "Oben\u2013Ajaokuta Gas Trunk Line (Western Line)",
        "latitude": 7.262474,
        "longitude": 6.528902,
        "elevation": 82.0,
        "slope_deg": 0.74,
        "river_proximity_km": 27.4,
        "fault_distance_km": 15.53,
        "soil_type": "Stable Sandy Loam",
        "soil_risk": 0,
        "flooding_index": 0.288,
        "earthquake_factor": 0.055,
        "erosion_factor": 0.082,
        "landslide_index": 0.118,
        "soil_corrosivity_index": 0.466,
        "hoop_stress_ratio": 0.354,
        "pipe_diameter_inches": 24.0,
        "operating_pressure_psig": 1200.0,
        "pipe_material": "API 5L X65",
        "design_wall_thickness_mm": 15.9,
        "operational_age_years": 16.0,
        "corrosion_rate_mm_per_year": 0.239,
        "thickness_loss_mm": 3.82,
        "remaining_wall_thickness_mm": 12.08,
        "material_loss_percent": 24.0,
        "degradation_condition": "Moderate",
        "failure_probability": 0.1254,
        "failure_probability_percent": 12.5,
        "risk_class": "Low",
        "primary_hazard": "Corrosive Soil & Anoxic Groundwater Degradation",
        "failure_code": "ERR-GEO-CORR-04",
        "diagnostic_message": "KP 136.0: High external corrosion hazard (12.5%) resulting from saturated groundwater (Corrosivity Index 0.466) and anaerobic clay soil. Coating breakdown risk is high.",
        "remediation_plan": "Upgrade Impressed Current Cathodic Protection (ICCP), apply 3LPE coating repair, and conduct smart-pig inline inspection."
      },
      "geometry": {
        "type": "Point",
        "coordinates": [
          6.528902,
          7.262474
        ]
      }
    },
    {
      "type": "Feature",
      "properties": {
        "kp": 137.0,
        "pipeline_id": 4,
        "pipeline_code": "OBN-AJA",
        "pipeline_name": "Oben\u2013Ajaokuta Gas Trunk Line (Western Line)",
        "latitude": 7.270732,
        "longitude": 6.532492,
        "elevation": 110.0,
        "slope_deg": 5.43,
        "river_proximity_km": 26.41,
        "fault_distance_km": 15.08,
        "soil_type": "Stable Sandy Loam",
        "soil_risk": 0,
        "flooding_index": 0.219,
        "earthquake_factor": 0.08,
        "erosion_factor": 0.144,
        "landslide_index": 0.302,
        "soil_corrosivity_index": 0.418,
        "hoop_stress_ratio": 0.354,
        "pipe_diameter_inches": 24.0,
        "operating_pressure_psig": 1200.0,
        "pipe_material": "API 5L X65",
        "design_wall_thickness_mm": 15.9,
        "operational_age_years": 16.0,
        "corrosion_rate_mm_per_year": 0.238,
        "thickness_loss_mm": 3.81,
        "remaining_wall_thickness_mm": 12.09,
        "material_loss_percent": 24.0,
        "degradation_condition": "Moderate",
        "failure_probability": 0.1457,
        "failure_probability_percent": 14.6,
        "risk_class": "Low",
        "primary_hazard": "Low Geo-Hazard Stress (Nominal Operational)",
        "failure_code": "NOMINAL-00",
        "diagnostic_message": "KP 137.0: Stable terrain conditions (14.6% PoF). Operating within normal design parameters under standard Catholic Protection monitoring.",
        "remediation_plan": "Maintain standard periodic aerial Right-of-Way surveillance and annual CP survey."
      },
      "geometry": {
        "type": "Point",
        "coordinates": [
          6.532492,
          7.270732
        ]
      }
    },
    {
      "type": "Feature",
      "properties": {
        "kp": 138.0,
        "pipeline_id": 4,
        "pipeline_code": "OBN-AJA",
        "pipeline_name": "Oben\u2013Ajaokuta Gas Trunk Line (Western Line)",
        "latitude": 7.27899,
        "longitude": 6.536083,
        "elevation": 177.0,
        "slope_deg": 15.06,
        "river_proximity_km": 25.42,
        "fault_distance_km": 13.89,
        "soil_type": "Expansive Shale & Rocky Outcrop",
        "soil_risk": 2,
        "flooding_index": 0.183,
        "earthquake_factor": 0.071,
        "erosion_factor": 0.362,
        "landslide_index": 0.694,
        "soil_corrosivity_index": 0.704,
        "hoop_stress_ratio": 0.354,
        "pipe_diameter_inches": 24.0,
        "operating_pressure_psig": 1200.0,
        "pipe_material": "API 5L X65",
        "design_wall_thickness_mm": 15.9,
        "operational_age_years": 16.0,
        "corrosion_rate_mm_per_year": 0.346,
        "thickness_loss_mm": 5.54,
        "remaining_wall_thickness_mm": 10.36,
        "material_loss_percent": 34.8,
        "degradation_condition": "Critical",
        "failure_probability": 0.2431,
        "failure_probability_percent": 24.3,
        "risk_class": "Medium",
        "primary_hazard": "Corrosive Soil & Anoxic Groundwater Degradation",
        "failure_code": "ERR-GEO-CORR-04",
        "diagnostic_message": "KP 138.0: High external corrosion hazard (24.3%) resulting from saturated groundwater (Corrosivity Index 0.704) and anaerobic clay soil. Coating breakdown risk is high.",
        "remediation_plan": "Upgrade Impressed Current Cathodic Protection (ICCP), apply 3LPE coating repair, and conduct smart-pig inline inspection."
      },
      "geometry": {
        "type": "Point",
        "coordinates": [
          6.536083,
          7.27899
        ]
      }
    },
    {
      "type": "Feature",
      "properties": {
        "kp": 139.0,
        "pipeline_id": 4,
        "pipeline_code": "OBN-AJA",
        "pipeline_name": "Oben\u2013Ajaokuta Gas Trunk Line (Western Line)",
        "latitude": 7.287248,
        "longitude": 6.539673,
        "elevation": 379.0,
        "slope_deg": 13.71,
        "river_proximity_km": 24.44,
        "fault_distance_km": 13.34,
        "soil_type": "Expansive Shale & Rocky Outcrop",
        "soil_risk": 2,
        "flooding_index": 0.046,
        "earthquake_factor": 0.069,
        "erosion_factor": 0.302,
        "landslide_index": 0.76,
        "soil_corrosivity_index": 0.43,
        "hoop_stress_ratio": 0.354,
        "pipe_diameter_inches": 24.0,
        "operating_pressure_psig": 1200.0,
        "pipe_material": "API 5L X65",
        "design_wall_thickness_mm": 15.9,
        "operational_age_years": 16.0,
        "corrosion_rate_mm_per_year": 0.213,
        "thickness_loss_mm": 3.41,
        "remaining_wall_thickness_mm": 12.49,
        "material_loss_percent": 21.4,
        "degradation_condition": "Moderate",
        "failure_probability": 0.1987,
        "failure_probability_percent": 19.9,
        "risk_class": "Low",
        "primary_hazard": "Slope Instability & Landslide Hazard",
        "failure_code": "ERR-GEO-SLOPE-02",
        "diagnostic_message": "KP 139.0: Pipeline elevated failure risk (19.9%) due to steep rocky slope terrain (13.71\u00b0 slope angle, Landslide Index 0.76). Gravitational soil movement risk buckling or un-seating pipe joint welds.",
        "remediation_plan": "Construct slope retaining gabion walls, install strain gauge monitoring sensors, and stabilize right-of-way."
      },
      "geometry": {
        "type": "Point",
        "coordinates": [
          6.539673,
          7.287248
        ]
      }
    },
    {
      "type": "Feature",
      "properties": {
        "kp": 140.0,
        "pipeline_id": 4,
        "pipeline_code": "OBN-AJA",
        "pipeline_name": "Oben\u2013Ajaokuta Gas Trunk Line (Western Line)",
        "latitude": 7.295506,
        "longitude": 6.543264,
        "elevation": 421.0,
        "slope_deg": 2.06,
        "river_proximity_km": 23.45,
        "fault_distance_km": 12.77,
        "soil_type": "Expansive Shale & Rocky Outcrop",
        "soil_risk": 2,
        "flooding_index": 0.058,
        "earthquake_factor": 0.096,
        "erosion_factor": 0.067,
        "landslide_index": 0.375,
        "soil_corrosivity_index": 0.43,
        "hoop_stress_ratio": 0.354,
        "pipe_diameter_inches": 24.0,
        "operating_pressure_psig": 1200.0,
        "pipe_material": "API 5L X65",
        "design_wall_thickness_mm": 15.9,
        "operational_age_years": 16.0,
        "corrosion_rate_mm_per_year": 0.232,
        "thickness_loss_mm": 3.71,
        "remaining_wall_thickness_mm": 12.19,
        "material_loss_percent": 23.3,
        "degradation_condition": "Moderate",
        "failure_probability": 0.1243,
        "failure_probability_percent": 12.4,
        "risk_class": "Low",
        "primary_hazard": "Low Geo-Hazard Stress (Nominal Operational)",
        "failure_code": "NOMINAL-00",
        "diagnostic_message": "KP 140.0: Stable terrain conditions (12.4% PoF). Operating within normal design parameters under standard Catholic Protection monitoring.",
        "remediation_plan": "Maintain standard periodic aerial Right-of-Way surveillance and annual CP survey."
      },
      "geometry": {
        "type": "Point",
        "coordinates": [
          6.543264,
          7.295506
        ]
      }
    },
    {
      "type": "Feature",
      "properties": {
        "kp": 141.0,
        "pipeline_id": 4,
        "pipeline_code": "OBN-AJA",
        "pipeline_name": "Oben\u2013Ajaokuta Gas Trunk Line (Western Line)",
        "latitude": 7.303764,
        "longitude": 6.546854,
        "elevation": 415.0,
        "slope_deg": 1.09,
        "river_proximity_km": 22.47,
        "fault_distance_km": 11.62,
        "soil_type": "Expansive Shale & Rocky Outcrop",
        "soil_risk": 2,
        "flooding_index": 0.066,
        "earthquake_factor": 0.103,
        "erosion_factor": 0.05,
        "landslide_index": 0.319,
        "soil_corrosivity_index": 0.43,
        "hoop_stress_ratio": 0.354,
        "pipe_diameter_inches": 24.0,
        "operating_pressure_psig": 1200.0,
        "pipe_material": "API 5L X65",
        "design_wall_thickness_mm": 15.9,
        "operational_age_years": 16.0,
        "corrosion_rate_mm_per_year": 0.223,
        "thickness_loss_mm": 3.57,
        "remaining_wall_thickness_mm": 12.33,
        "material_loss_percent": 22.5,
        "degradation_condition": "Moderate",
        "failure_probability": 0.1166,
        "failure_probability_percent": 11.7,
        "risk_class": "Low",
        "primary_hazard": "Low Geo-Hazard Stress (Nominal Operational)",
        "failure_code": "NOMINAL-00",
        "diagnostic_message": "KP 141.0: Stable terrain conditions (11.7% PoF). Operating within normal design parameters under standard Catholic Protection monitoring.",
        "remediation_plan": "Maintain standard periodic aerial Right-of-Way surveillance and annual CP survey."
      },
      "geometry": {
        "type": "Point",
        "coordinates": [
          6.546854,
          7.303764
        ]
      }
    },
    {
      "type": "Feature",
      "properties": {
        "kp": 142.0,
        "pipeline_id": 4,
        "pipeline_code": "OBN-AJA",
        "pipeline_name": "Oben\u2013Ajaokuta Gas Trunk Line (Western Line)",
        "latitude": 7.312022,
        "longitude": 6.550444,
        "elevation": 402.0,
        "slope_deg": 0.63,
        "river_proximity_km": 21.49,
        "fault_distance_km": 11.05,
        "soil_type": "Expansive Shale & Rocky Outcrop",
        "soil_risk": 2,
        "flooding_index": 0.079,
        "earthquake_factor": 0.125,
        "erosion_factor": 0.084,
        "landslide_index": 0.293,
        "soil_corrosivity_index": 0.43,
        "hoop_stress_ratio": 0.354,
        "pipe_diameter_inches": 24.0,
        "operating_pressure_psig": 1200.0,
        "pipe_material": "API 5L X65",
        "design_wall_thickness_mm": 15.9,
        "operational_age_years": 16.0,
        "corrosion_rate_mm_per_year": 0.22,
        "thickness_loss_mm": 3.52,
        "remaining_wall_thickness_mm": 12.38,
        "material_loss_percent": 22.1,
        "degradation_condition": "Moderate",
        "failure_probability": 0.1208,
        "failure_probability_percent": 12.1,
        "risk_class": "Low",
        "primary_hazard": "Low Geo-Hazard Stress (Nominal Operational)",
        "failure_code": "NOMINAL-00",
        "diagnostic_message": "KP 142.0: Stable terrain conditions (12.1% PoF). Operating within normal design parameters under standard Catholic Protection monitoring.",
        "remediation_plan": "Maintain standard periodic aerial Right-of-Way surveillance and annual CP survey."
      },
      "geometry": {
        "type": "Point",
        "coordinates": [
          6.550444,
          7.312022
        ]
      }
    },
    {
      "type": "Feature",
      "properties": {
        "kp": 143.0,
        "pipeline_id": 4,
        "pipeline_code": "OBN-AJA",
        "pipeline_name": "Oben\u2013Ajaokuta Gas Trunk Line (Western Line)",
        "latitude": 7.32028,
        "longitude": 6.554035,
        "elevation": 404.0,
        "slope_deg": 7.8,
        "river_proximity_km": 20.5,
        "fault_distance_km": 10.77,
        "soil_type": "Expansive Shale & Rocky Outcrop",
        "soil_risk": 2,
        "flooding_index": 0.061,
        "earthquake_factor": 0.08,
        "erosion_factor": 0.216,
        "landslide_index": 0.577,
        "soil_corrosivity_index": 0.43,
        "hoop_stress_ratio": 0.354,
        "pipe_diameter_inches": 24.0,
        "operating_pressure_psig": 1200.0,
        "pipe_material": "API 5L X65",
        "design_wall_thickness_mm": 15.9,
        "operational_age_years": 16.0,
        "corrosion_rate_mm_per_year": 0.222,
        "thickness_loss_mm": 3.55,
        "remaining_wall_thickness_mm": 12.35,
        "material_loss_percent": 22.3,
        "degradation_condition": "Moderate",
        "failure_probability": 0.1671,
        "failure_probability_percent": 16.7,
        "risk_class": "Low",
        "primary_hazard": "Slope Instability & Landslide Hazard",
        "failure_code": "ERR-GEO-SLOPE-02",
        "diagnostic_message": "KP 143.0: Pipeline elevated failure risk (16.7%) due to steep rocky slope terrain (7.8\u00b0 slope angle, Landslide Index 0.577). Gravitational soil movement risk buckling or un-seating pipe joint welds.",
        "remediation_plan": "Construct slope retaining gabion walls, install strain gauge monitoring sensors, and stabilize right-of-way."
      },
      "geometry": {
        "type": "Point",
        "coordinates": [
          6.554035,
          7.32028
        ]
      }
    },
    {
      "type": "Feature",
      "properties": {
        "kp": 144.0,
        "pipeline_id": 4,
        "pipeline_code": "OBN-AJA",
        "pipeline_name": "Oben\u2013Ajaokuta Gas Trunk Line (Western Line)",
        "latitude": 7.328538,
        "longitude": 6.557625,
        "elevation": 265.0,
        "slope_deg": 9.15,
        "river_proximity_km": 19.53,
        "fault_distance_km": 9.91,
        "soil_type": "Expansive Shale & Rocky Outcrop",
        "soil_risk": 2,
        "flooding_index": 0.11,
        "earthquake_factor": 0.095,
        "erosion_factor": 0.223,
        "landslide_index": 0.515,
        "soil_corrosivity_index": 0.555,
        "hoop_stress_ratio": 0.354,
        "pipe_diameter_inches": 24.0,
        "operating_pressure_psig": 1200.0,
        "pipe_material": "API 5L X65",
        "design_wall_thickness_mm": 15.9,
        "operational_age_years": 16.0,
        "corrosion_rate_mm_per_year": 0.264,
        "thickness_loss_mm": 4.22,
        "remaining_wall_thickness_mm": 11.68,
        "material_loss_percent": 26.5,
        "degradation_condition": "Moderate",
        "failure_probability": 0.18,
        "failure_probability_percent": 18.0,
        "risk_class": "Low",
        "primary_hazard": "Corrosive Soil & Anoxic Groundwater Degradation",
        "failure_code": "ERR-GEO-CORR-04",
        "diagnostic_message": "KP 144.0: High external corrosion hazard (18.0%) resulting from saturated groundwater (Corrosivity Index 0.555) and anaerobic clay soil. Coating breakdown risk is high.",
        "remediation_plan": "Upgrade Impressed Current Cathodic Protection (ICCP), apply 3LPE coating repair, and conduct smart-pig inline inspection."
      },
      "geometry": {
        "type": "Point",
        "coordinates": [
          6.557625,
          7.328538
        ]
      }
    },
    {
      "type": "Feature",
      "properties": {
        "kp": 145.0,
        "pipeline_id": 4,
        "pipeline_code": "OBN-AJA",
        "pipeline_name": "Oben\u2013Ajaokuta Gas Trunk Line (Western Line)",
        "latitude": 7.336796,
        "longitude": 6.561216,
        "elevation": 243.0,
        "slope_deg": 0.4,
        "river_proximity_km": 18.55,
        "fault_distance_km": 9.9,
        "soil_type": "Expansive Shale & Rocky Outcrop",
        "soil_risk": 2,
        "flooding_index": 0.12,
        "earthquake_factor": 0.095,
        "erosion_factor": 0.099,
        "landslide_index": 0.202,
        "soil_corrosivity_index": 0.593,
        "hoop_stress_ratio": 0.354,
        "pipe_diameter_inches": 24.0,
        "operating_pressure_psig": 1200.0,
        "pipe_material": "API 5L X65",
        "design_wall_thickness_mm": 15.9,
        "operational_age_years": 16.0,
        "corrosion_rate_mm_per_year": 0.3,
        "thickness_loss_mm": 4.8,
        "remaining_wall_thickness_mm": 11.1,
        "material_loss_percent": 30.2,
        "degradation_condition": "Moderate",
        "failure_probability": 0.1262,
        "failure_probability_percent": 12.6,
        "risk_class": "Low",
        "primary_hazard": "Corrosive Soil & Anoxic Groundwater Degradation",
        "failure_code": "ERR-GEO-CORR-04",
        "diagnostic_message": "KP 145.0: High external corrosion hazard (12.6%) resulting from saturated groundwater (Corrosivity Index 0.593) and anaerobic clay soil. Coating breakdown risk is high.",
        "remediation_plan": "Upgrade Impressed Current Cathodic Protection (ICCP), apply 3LPE coating repair, and conduct smart-pig inline inspection."
      },
      "geometry": {
        "type": "Point",
        "coordinates": [
          6.561216,
          7.336796
        ]
      }
    },
    {
      "type": "Feature",
      "properties": {
        "kp": 146.0,
        "pipeline_id": 4,
        "pipeline_code": "OBN-AJA",
        "pipeline_name": "Oben\u2013Ajaokuta Gas Trunk Line (Western Line)",
        "latitude": 7.345054,
        "longitude": 6.564806,
        "elevation": 258.0,
        "slope_deg": 0.63,
        "river_proximity_km": 17.57,
        "fault_distance_km": 9.25,
        "soil_type": "Expansive Shale & Rocky Outcrop",
        "soil_risk": 2,
        "flooding_index": 0.104,
        "earthquake_factor": 0.147,
        "erosion_factor": 0.096,
        "landslide_index": 0.186,
        "soil_corrosivity_index": 0.567,
        "hoop_stress_ratio": 0.354,
        "pipe_diameter_inches": 24.0,
        "operating_pressure_psig": 1200.0,
        "pipe_material": "API 5L X65",
        "design_wall_thickness_mm": 15.9,
        "operational_age_years": 16.0,
        "corrosion_rate_mm_per_year": 0.258,
        "thickness_loss_mm": 4.13,
        "remaining_wall_thickness_mm": 11.77,
        "material_loss_percent": 26.0,
        "degradation_condition": "Moderate",
        "failure_probability": 0.125,
        "failure_probability_percent": 12.5,
        "risk_class": "Low",
        "primary_hazard": "Corrosive Soil & Anoxic Groundwater Degradation",
        "failure_code": "ERR-GEO-CORR-04",
        "diagnostic_message": "KP 146.0: High external corrosion hazard (12.5%) resulting from saturated groundwater (Corrosivity Index 0.567) and anaerobic clay soil. Coating breakdown risk is high.",
        "remediation_plan": "Upgrade Impressed Current Cathodic Protection (ICCP), apply 3LPE coating repair, and conduct smart-pig inline inspection."
      },
      "geometry": {
        "type": "Point",
        "coordinates": [
          6.564806,
          7.345054
        ]
      }
    },
    {
      "type": "Feature",
      "properties": {
        "kp": 147.0,
        "pipeline_id": 4,
        "pipeline_code": "OBN-AJA",
        "pipeline_name": "Oben\u2013Ajaokuta Gas Trunk Line (Western Line)",
        "latitude": 7.353312,
        "longitude": 6.568396,
        "elevation": 254.0,
        "slope_deg": 4.18,
        "river_proximity_km": 16.6,
        "fault_distance_km": 9.13,
        "soil_type": "Expansive Shale & Rocky Outcrop",
        "soil_risk": 2,
        "flooding_index": 0.133,
        "earthquake_factor": 0.122,
        "erosion_factor": 0.146,
        "landslide_index": 0.32,
        "soil_corrosivity_index": 0.575,
        "hoop_stress_ratio": 0.354,
        "pipe_diameter_inches": 24.0,
        "operating_pressure_psig": 1200.0,
        "pipe_material": "API 5L X65",
        "design_wall_thickness_mm": 15.9,
        "operational_age_years": 16.0,
        "corrosion_rate_mm_per_year": 0.285,
        "thickness_loss_mm": 4.56,
        "remaining_wall_thickness_mm": 11.34,
        "material_loss_percent": 28.7,
        "degradation_condition": "Moderate",
        "failure_probability": 0.1526,
        "failure_probability_percent": 15.3,
        "risk_class": "Low",
        "primary_hazard": "Corrosive Soil & Anoxic Groundwater Degradation",
        "failure_code": "ERR-GEO-CORR-04",
        "diagnostic_message": "KP 147.0: High external corrosion hazard (15.3%) resulting from saturated groundwater (Corrosivity Index 0.575) and anaerobic clay soil. Coating breakdown risk is high.",
        "remediation_plan": "Upgrade Impressed Current Cathodic Protection (ICCP), apply 3LPE coating repair, and conduct smart-pig inline inspection."
      },
      "geometry": {
        "type": "Point",
        "coordinates": [
          6.568396,
          7.353312
        ]
      }
    },
    {
      "type": "Feature",
      "properties": {
        "kp": 148.0,
        "pipeline_id": 4,
        "pipeline_code": "OBN-AJA",
        "pipeline_name": "Oben\u2013Ajaokuta Gas Trunk Line (Western Line)",
        "latitude": 7.361569,
        "longitude": 6.571987,
        "elevation": 185.0,
        "slope_deg": 4.23,
        "river_proximity_km": 15.64,
        "fault_distance_km": 9.21,
        "soil_type": "Stable Sandy Loam",
        "soil_risk": 0,
        "flooding_index": 0.178,
        "earthquake_factor": 0.135,
        "erosion_factor": 0.186,
        "landslide_index": 0.282,
        "soil_corrosivity_index": 0.294,
        "hoop_stress_ratio": 0.354,
        "pipe_diameter_inches": 24.0,
        "operating_pressure_psig": 1200.0,
        "pipe_material": "API 5L X65",
        "design_wall_thickness_mm": 15.9,
        "operational_age_years": 16.0,
        "corrosion_rate_mm_per_year": 0.173,
        "thickness_loss_mm": 2.77,
        "remaining_wall_thickness_mm": 13.13,
        "material_loss_percent": 17.4,
        "degradation_condition": "Moderate",
        "failure_probability": 0.135,
        "failure_probability_percent": 13.5,
        "risk_class": "Low",
        "primary_hazard": "Low Geo-Hazard Stress (Nominal Operational)",
        "failure_code": "NOMINAL-00",
        "diagnostic_message": "KP 148.0: Stable terrain conditions (13.5% PoF). Operating within normal design parameters under standard Catholic Protection monitoring.",
        "remediation_plan": "Maintain standard periodic aerial Right-of-Way surveillance and annual CP survey."
      },
      "geometry": {
        "type": "Point",
        "coordinates": [
          6.571987,
          7.361569
        ]
      }
    },
    {
      "type": "Feature",
      "properties": {
        "kp": 149.0,
        "pipeline_id": 4,
        "pipeline_code": "OBN-AJA",
        "pipeline_name": "Oben\u2013Ajaokuta Gas Trunk Line (Western Line)",
        "latitude": 7.369827,
        "longitude": 6.575577,
        "elevation": 180.0,
        "slope_deg": 0.06,
        "river_proximity_km": 14.67,
        "fault_distance_km": 8.86,
        "soil_type": "Stable Sandy Loam",
        "soil_risk": 0,
        "flooding_index": 0.206,
        "earthquake_factor": 0.126,
        "erosion_factor": 0.078,
        "landslide_index": 0.147,
        "soil_corrosivity_index": 0.303,
        "hoop_stress_ratio": 0.354,
        "pipe_diameter_inches": 24.0,
        "operating_pressure_psig": 1200.0,
        "pipe_material": "API 5L X65",
        "design_wall_thickness_mm": 15.9,
        "operational_age_years": 16.0,
        "corrosion_rate_mm_per_year": 0.171,
        "thickness_loss_mm": 2.74,
        "remaining_wall_thickness_mm": 13.16,
        "material_loss_percent": 17.2,
        "degradation_condition": "Moderate",
        "failure_probability": 0.1094,
        "failure_probability_percent": 10.9,
        "risk_class": "Low",
        "primary_hazard": "Low Geo-Hazard Stress (Nominal Operational)",
        "failure_code": "NOMINAL-00",
        "diagnostic_message": "KP 149.0: Stable terrain conditions (10.9% PoF). Operating within normal design parameters under standard Catholic Protection monitoring.",
        "remediation_plan": "Maintain standard periodic aerial Right-of-Way surveillance and annual CP survey."
      },
      "geometry": {
        "type": "Point",
        "coordinates": [
          6.575577,
          7.369827
        ]
      }
    },
    {
      "type": "Feature",
      "properties": {
        "kp": 150.0,
        "pipeline_id": 4,
        "pipeline_code": "OBN-AJA",
        "pipeline_name": "Oben\u2013Ajaokuta Gas Trunk Line (Western Line)",
        "latitude": 7.378085,
        "longitude": 6.579168,
        "elevation": 186.0,
        "slope_deg": 1.66,
        "river_proximity_km": 13.72,
        "fault_distance_km": 9.31,
        "soil_type": "Stable Sandy Loam",
        "soil_risk": 0,
        "flooding_index": 0.191,
        "earthquake_factor": 0.097,
        "erosion_factor": 0.116,
        "landslide_index": 0.21,
        "soil_corrosivity_index": 0.294,
        "hoop_stress_ratio": 0.354,
        "pipe_diameter_inches": 24.0,
        "operating_pressure_psig": 1200.0,
        "pipe_material": "API 5L X65",
        "design_wall_thickness_mm": 15.9,
        "operational_age_years": 16.0,
        "corrosion_rate_mm_per_year": 0.164,
        "thickness_loss_mm": 2.62,
        "remaining_wall_thickness_mm": 13.28,
        "material_loss_percent": 16.5,
        "degradation_condition": "Moderate",
        "failure_probability": 0.1152,
        "failure_probability_percent": 11.5,
        "risk_class": "Low",
        "primary_hazard": "Low Geo-Hazard Stress (Nominal Operational)",
        "failure_code": "NOMINAL-00",
        "diagnostic_message": "KP 150.0: Stable terrain conditions (11.5% PoF). Operating within normal design parameters under standard Catholic Protection monitoring.",
        "remediation_plan": "Maintain standard periodic aerial Right-of-Way surveillance and annual CP survey."
      },
      "geometry": {
        "type": "Point",
        "coordinates": [
          6.579168,
          7.378085
        ]
      }
    },
    {
      "type": "Feature",
      "properties": {
        "kp": 151.0,
        "pipeline_id": 4,
        "pipeline_code": "OBN-AJA",
        "pipeline_name": "Oben\u2013Ajaokuta Gas Trunk Line (Western Line)",
        "latitude": 7.386363,
        "longitude": 6.582713,
        "elevation": 209.0,
        "slope_deg": 0.8,
        "river_proximity_km": 12.77,
        "fault_distance_km": 9.46,
        "soil_type": "Expansive Shale & Rocky Outcrop",
        "soil_risk": 2,
        "flooding_index": 0.19,
        "earthquake_factor": 0.103,
        "erosion_factor": 0.124,
        "landslide_index": 0.166,
        "soil_corrosivity_index": 0.655,
        "hoop_stress_ratio": 0.354,
        "pipe_diameter_inches": 24.0,
        "operating_pressure_psig": 1200.0,
        "pipe_material": "API 5L X65",
        "design_wall_thickness_mm": 15.9,
        "operational_age_years": 16.0,
        "corrosion_rate_mm_per_year": 0.297,
        "thickness_loss_mm": 4.75,
        "remaining_wall_thickness_mm": 11.15,
        "material_loss_percent": 29.9,
        "degradation_condition": "Moderate",
        "failure_probability": 0.142,
        "failure_probability_percent": 14.2,
        "risk_class": "Low",
        "primary_hazard": "Corrosive Soil & Anoxic Groundwater Degradation",
        "failure_code": "ERR-GEO-CORR-04",
        "diagnostic_message": "KP 151.0: High external corrosion hazard (14.2%) resulting from saturated groundwater (Corrosivity Index 0.655) and anaerobic clay soil. Coating breakdown risk is high.",
        "remediation_plan": "Upgrade Impressed Current Cathodic Protection (ICCP), apply 3LPE coating repair, and conduct smart-pig inline inspection."
      },
      "geometry": {
        "type": "Point",
        "coordinates": [
          6.582713,
          7.386363
        ]
      }
    },
    {
      "type": "Feature",
      "properties": {
        "kp": 152.0,
        "pipeline_id": 4,
        "pipeline_code": "OBN-AJA",
        "pipeline_name": "Oben\u2013Ajaokuta Gas Trunk Line (Western Line)",
        "latitude": 7.394647,
        "longitude": 6.586244,
        "elevation": 200.0,
        "slope_deg": 1.89,
        "river_proximity_km": 11.83,
        "fault_distance_km": 9.34,
        "soil_type": "Stable Sandy Loam",
        "soil_risk": 0,
        "flooding_index": 0.202,
        "earthquake_factor": 0.127,
        "erosion_factor": 0.082,
        "landslide_index": 0.213,
        "soil_corrosivity_index": 0.272,
        "hoop_stress_ratio": 0.354,
        "pipe_diameter_inches": 24.0,
        "operating_pressure_psig": 1200.0,
        "pipe_material": "API 5L X65",
        "design_wall_thickness_mm": 15.9,
        "operational_age_years": 16.0,
        "corrosion_rate_mm_per_year": 0.168,
        "thickness_loss_mm": 2.69,
        "remaining_wall_thickness_mm": 13.21,
        "material_loss_percent": 16.9,
        "degradation_condition": "Moderate",
        "failure_probability": 0.1165,
        "failure_probability_percent": 11.7,
        "risk_class": "Low",
        "primary_hazard": "Low Geo-Hazard Stress (Nominal Operational)",
        "failure_code": "NOMINAL-00",
        "diagnostic_message": "KP 152.0: Stable terrain conditions (11.7% PoF). Operating within normal design parameters under standard Catholic Protection monitoring.",
        "remediation_plan": "Maintain standard periodic aerial Right-of-Way surveillance and annual CP survey."
      },
      "geometry": {
        "type": "Point",
        "coordinates": [
          6.586244,
          7.394647
        ]
      }
    },
    {
      "type": "Feature",
      "properties": {
        "kp": 153.0,
        "pipeline_id": 4,
        "pipeline_code": "OBN-AJA",
        "pipeline_name": "Oben\u2013Ajaokuta Gas Trunk Line (Western Line)",
        "latitude": 7.40293,
        "longitude": 6.589775,
        "elevation": 176.0,
        "slope_deg": 3.15,
        "river_proximity_km": 10.9,
        "fault_distance_km": 9.65,
        "soil_type": "Stable Sandy Loam",
        "soil_risk": 0,
        "flooding_index": 0.231,
        "earthquake_factor": 0.133,
        "erosion_factor": 0.138,
        "landslide_index": 0.267,
        "soil_corrosivity_index": 0.314,
        "hoop_stress_ratio": 0.354,
        "pipe_diameter_inches": 24.0,
        "operating_pressure_psig": 1200.0,
        "pipe_material": "API 5L X65",
        "design_wall_thickness_mm": 15.9,
        "operational_age_years": 16.0,
        "corrosion_rate_mm_per_year": 0.176,
        "thickness_loss_mm": 2.82,
        "remaining_wall_thickness_mm": 13.08,
        "material_loss_percent": 17.7,
        "degradation_condition": "Moderate",
        "failure_probability": 0.1394,
        "failure_probability_percent": 13.9,
        "risk_class": "Low",
        "primary_hazard": "Low Geo-Hazard Stress (Nominal Operational)",
        "failure_code": "NOMINAL-00",
        "diagnostic_message": "KP 153.0: Stable terrain conditions (13.9% PoF). Operating within normal design parameters under standard Catholic Protection monitoring.",
        "remediation_plan": "Maintain standard periodic aerial Right-of-Way surveillance and annual CP survey."
      },
      "geometry": {
        "type": "Point",
        "coordinates": [
          6.589775,
          7.40293
        ]
      }
    },
    {
      "type": "Feature",
      "properties": {
        "kp": 154.0,
        "pipeline_id": 4,
        "pipeline_code": "OBN-AJA",
        "pipeline_name": "Oben\u2013Ajaokuta Gas Trunk Line (Western Line)",
        "latitude": 7.411214,
        "longitude": 6.593307,
        "elevation": 145.0,
        "slope_deg": 2.0,
        "river_proximity_km": 9.98,
        "fault_distance_km": 10.65,
        "soil_type": "Stable Sandy Loam",
        "soil_risk": 0,
        "flooding_index": 0.256,
        "earthquake_factor": 0.115,
        "erosion_factor": 0.09,
        "landslide_index": 0.201,
        "soil_corrosivity_index": 0.368,
        "hoop_stress_ratio": 0.354,
        "pipe_diameter_inches": 24.0,
        "operating_pressure_psig": 1200.0,
        "pipe_material": "API 5L X65",
        "design_wall_thickness_mm": 15.9,
        "operational_age_years": 16.0,
        "corrosion_rate_mm_per_year": 0.197,
        "thickness_loss_mm": 3.15,
        "remaining_wall_thickness_mm": 12.75,
        "material_loss_percent": 19.8,
        "degradation_condition": "Moderate",
        "failure_probability": 0.132,
        "failure_probability_percent": 13.2,
        "risk_class": "Low",
        "primary_hazard": "Low Geo-Hazard Stress (Nominal Operational)",
        "failure_code": "NOMINAL-00",
        "diagnostic_message": "KP 154.0: Stable terrain conditions (13.2% PoF). Operating within normal design parameters under standard Catholic Protection monitoring.",
        "remediation_plan": "Maintain standard periodic aerial Right-of-Way surveillance and annual CP survey."
      },
      "geometry": {
        "type": "Point",
        "coordinates": [
          6.593307,
          7.411214
        ]
      }
    },
    {
      "type": "Feature",
      "properties": {
        "kp": 155.0,
        "pipeline_id": 4,
        "pipeline_code": "OBN-AJA",
        "pipeline_name": "Oben\u2013Ajaokuta Gas Trunk Line (Western Line)",
        "latitude": 7.419497,
        "longitude": 6.596838,
        "elevation": 141.0,
        "slope_deg": 0.92,
        "river_proximity_km": 9.08,
        "fault_distance_km": 10.69,
        "soil_type": "Stable Sandy Loam",
        "soil_risk": 0,
        "flooding_index": 0.234,
        "earthquake_factor": 0.11,
        "erosion_factor": 0.101,
        "landslide_index": 0.151,
        "soil_corrosivity_index": 0.377,
        "hoop_stress_ratio": 0.354,
        "pipe_diameter_inches": 24.0,
        "operating_pressure_psig": 1200.0,
        "pipe_material": "API 5L X65",
        "design_wall_thickness_mm": 15.9,
        "operational_age_years": 16.0,
        "corrosion_rate_mm_per_year": 0.219,
        "thickness_loss_mm": 3.5,
        "remaining_wall_thickness_mm": 12.4,
        "material_loss_percent": 22.0,
        "degradation_condition": "Moderate",
        "failure_probability": 0.1216,
        "failure_probability_percent": 12.2,
        "risk_class": "Low",
        "primary_hazard": "Low Geo-Hazard Stress (Nominal Operational)",
        "failure_code": "NOMINAL-00",
        "diagnostic_message": "KP 155.0: Stable terrain conditions (12.2% PoF). Operating within normal design parameters under standard Catholic Protection monitoring.",
        "remediation_plan": "Maintain standard periodic aerial Right-of-Way surveillance and annual CP survey."
      },
      "geometry": {
        "type": "Point",
        "coordinates": [
          6.596838,
          7.419497
        ]
      }
    },
    {
      "type": "Feature",
      "properties": {
        "kp": 156.0,
        "pipeline_id": 4,
        "pipeline_code": "OBN-AJA",
        "pipeline_name": "Oben\u2013Ajaokuta Gas Trunk Line (Western Line)",
        "latitude": 7.427781,
        "longitude": 6.600369,
        "elevation": 129.0,
        "slope_deg": 0.52,
        "river_proximity_km": 8.21,
        "fault_distance_km": 11.24,
        "soil_type": "Stable Sandy Loam",
        "soil_risk": 0,
        "flooding_index": 0.29,
        "earthquake_factor": 0.084,
        "erosion_factor": 0.123,
        "landslide_index": 0.133,
        "soil_corrosivity_index": 0.4,
        "hoop_stress_ratio": 0.354,
        "pipe_diameter_inches": 24.0,
        "operating_pressure_psig": 1200.0,
        "pipe_material": "API 5L X65",
        "design_wall_thickness_mm": 15.9,
        "operational_age_years": 16.0,
        "corrosion_rate_mm_per_year": 0.214,
        "thickness_loss_mm": 3.42,
        "remaining_wall_thickness_mm": 12.48,
        "material_loss_percent": 21.5,
        "degradation_condition": "Moderate",
        "failure_probability": 0.1295,
        "failure_probability_percent": 13.0,
        "risk_class": "Low",
        "primary_hazard": "Low Geo-Hazard Stress (Nominal Operational)",
        "failure_code": "NOMINAL-00",
        "diagnostic_message": "KP 156.0: Stable terrain conditions (13.0% PoF). Operating within normal design parameters under standard Catholic Protection monitoring.",
        "remediation_plan": "Maintain standard periodic aerial Right-of-Way surveillance and annual CP survey."
      },
      "geometry": {
        "type": "Point",
        "coordinates": [
          6.600369,
          7.427781
        ]
      }
    },
    {
      "type": "Feature",
      "properties": {
        "kp": 157.0,
        "pipeline_id": 4,
        "pipeline_code": "OBN-AJA",
        "pipeline_name": "Oben\u2013Ajaokuta Gas Trunk Line (Western Line)",
        "latitude": 7.436065,
        "longitude": 6.603901,
        "elevation": 150.0,
        "slope_deg": 9.98,
        "river_proximity_km": 7.37,
        "fault_distance_km": 12.26,
        "soil_type": "Stable Sandy Loam",
        "soil_risk": 0,
        "flooding_index": 0.257,
        "earthquake_factor": 0.095,
        "erosion_factor": 0.314,
        "landslide_index": 0.486,
        "soil_corrosivity_index": 0.366,
        "hoop_stress_ratio": 0.354,
        "pipe_diameter_inches": 24.0,
        "operating_pressure_psig": 1200.0,
        "pipe_material": "API 5L X65",
        "design_wall_thickness_mm": 15.9,
        "operational_age_years": 16.0,
        "corrosion_rate_mm_per_year": 0.193,
        "thickness_loss_mm": 3.09,
        "remaining_wall_thickness_mm": 12.81,
        "material_loss_percent": 19.4,
        "degradation_condition": "Moderate",
        "failure_probability": 0.1931,
        "failure_probability_percent": 19.3,
        "risk_class": "Low",
        "primary_hazard": "Slope Instability & Landslide Hazard",
        "failure_code": "ERR-GEO-SLOPE-02",
        "diagnostic_message": "KP 157.0: Pipeline elevated failure risk (19.3%) due to steep rocky slope terrain (9.98\u00b0 slope angle, Landslide Index 0.486). Gravitational soil movement risk buckling or un-seating pipe joint welds.",
        "remediation_plan": "Construct slope retaining gabion walls, install strain gauge monitoring sensors, and stabilize right-of-way."
      },
      "geometry": {
        "type": "Point",
        "coordinates": [
          6.603901,
          7.436065
        ]
      }
    },
    {
      "type": "Feature",
      "properties": {
        "kp": 158.0,
        "pipeline_id": 4,
        "pipeline_code": "OBN-AJA",
        "pipeline_name": "Oben\u2013Ajaokuta Gas Trunk Line (Western Line)",
        "latitude": 7.444348,
        "longitude": 6.607432,
        "elevation": 305.0,
        "slope_deg": 0.69,
        "river_proximity_km": 6.57,
        "fault_distance_km": 12.83,
        "soil_type": "Expansive Shale & Rocky Outcrop",
        "soil_risk": 2,
        "flooding_index": 0.143,
        "earthquake_factor": 0.084,
        "erosion_factor": 0.082,
        "landslide_index": 0.245,
        "soil_corrosivity_index": 0.503,
        "hoop_stress_ratio": 0.354,
        "pipe_diameter_inches": 24.0,
        "operating_pressure_psig": 1200.0,
        "pipe_material": "API 5L X65",
        "design_wall_thickness_mm": 15.9,
        "operational_age_years": 16.0,
        "corrosion_rate_mm_per_year": 0.264,
        "thickness_loss_mm": 4.22,
        "remaining_wall_thickness_mm": 11.68,
        "material_loss_percent": 26.5,
        "degradation_condition": "Moderate",
        "failure_probability": 0.126,
        "failure_probability_percent": 12.6,
        "risk_class": "Low",
        "primary_hazard": "Corrosive Soil & Anoxic Groundwater Degradation",
        "failure_code": "ERR-GEO-CORR-04",
        "diagnostic_message": "KP 158.0: High external corrosion hazard (12.6%) resulting from saturated groundwater (Corrosivity Index 0.503) and anaerobic clay soil. Coating breakdown risk is high.",
        "remediation_plan": "Upgrade Impressed Current Cathodic Protection (ICCP), apply 3LPE coating repair, and conduct smart-pig inline inspection."
      },
      "geometry": {
        "type": "Point",
        "coordinates": [
          6.607432,
          7.444348
        ]
      }
    },
    {
      "type": "Feature",
      "properties": {
        "kp": 159.0,
        "pipeline_id": 4,
        "pipeline_code": "OBN-AJA",
        "pipeline_name": "Oben\u2013Ajaokuta Gas Trunk Line (Western Line)",
        "latitude": 7.452632,
        "longitude": 6.610963,
        "elevation": 138.0,
        "slope_deg": 10.65,
        "river_proximity_km": 5.83,
        "fault_distance_km": 13.32,
        "soil_type": "Stable Sandy Loam",
        "soil_risk": 0,
        "flooding_index": 0.288,
        "earthquake_factor": 0.07,
        "erosion_factor": 0.301,
        "landslide_index": 0.504,
        "soil_corrosivity_index": 0.392,
        "hoop_stress_ratio": 0.354,
        "pipe_diameter_inches": 24.0,
        "operating_pressure_psig": 1200.0,
        "pipe_material": "API 5L X65",
        "design_wall_thickness_mm": 15.9,
        "operational_age_years": 16.0,
        "corrosion_rate_mm_per_year": 0.219,
        "thickness_loss_mm": 3.5,
        "remaining_wall_thickness_mm": 12.4,
        "material_loss_percent": 22.0,
        "degradation_condition": "Moderate",
        "failure_probability": 0.1993,
        "failure_probability_percent": 19.9,
        "risk_class": "Low",
        "primary_hazard": "Slope Instability & Landslide Hazard",
        "failure_code": "ERR-GEO-SLOPE-02",
        "diagnostic_message": "KP 159.0: Pipeline elevated failure risk (19.9%) due to steep rocky slope terrain (10.65\u00b0 slope angle, Landslide Index 0.504). Gravitational soil movement risk buckling or un-seating pipe joint welds.",
        "remediation_plan": "Construct slope retaining gabion walls, install strain gauge monitoring sensors, and stabilize right-of-way."
      },
      "geometry": {
        "type": "Point",
        "coordinates": [
          6.610963,
          7.452632
        ]
      }
    },
    {
      "type": "Feature",
      "properties": {
        "kp": 160.0,
        "pipeline_id": 4,
        "pipeline_code": "OBN-AJA",
        "pipeline_name": "Oben\u2013Ajaokuta Gas Trunk Line (Western Line)",
        "latitude": 7.460915,
        "longitude": 6.614495,
        "elevation": 117.0,
        "slope_deg": 2.81,
        "river_proximity_km": 5.19,
        "fault_distance_km": 14.42,
        "soil_type": "Stable Sandy Loam",
        "soil_risk": 0,
        "flooding_index": 0.342,
        "earthquake_factor": 0.078,
        "erosion_factor": 0.19,
        "landslide_index": 0.197,
        "soil_corrosivity_index": 0.431,
        "hoop_stress_ratio": 0.354,
        "pipe_diameter_inches": 24.0,
        "operating_pressure_psig": 1200.0,
        "pipe_material": "API 5L X65",
        "design_wall_thickness_mm": 15.9,
        "operational_age_years": 16.0,
        "corrosion_rate_mm_per_year": 0.243,
        "thickness_loss_mm": 3.89,
        "remaining_wall_thickness_mm": 12.01,
        "material_loss_percent": 24.5,
        "degradation_condition": "Moderate",
        "failure_probability": 0.1566,
        "failure_probability_percent": 15.7,
        "risk_class": "Low",
        "primary_hazard": "Low Geo-Hazard Stress (Nominal Operational)",
        "failure_code": "NOMINAL-00",
        "diagnostic_message": "KP 160.0: Stable terrain conditions (15.7% PoF). Operating within normal design parameters under standard Catholic Protection monitoring.",
        "remediation_plan": "Maintain standard periodic aerial Right-of-Way surveillance and annual CP survey."
      },
      "geometry": {
        "type": "Point",
        "coordinates": [
          6.614495,
          7.460915
        ]
      }
    },
    {
      "type": "Feature",
      "properties": {
        "kp": 161.0,
        "pipeline_id": 4,
        "pipeline_code": "OBN-AJA",
        "pipeline_name": "Oben\u2013Ajaokuta Gas Trunk Line (Western Line)",
        "latitude": 7.469199,
        "longitude": 6.618026,
        "elevation": 187.0,
        "slope_deg": 2.86,
        "river_proximity_km": 4.67,
        "fault_distance_km": 15.2,
        "soil_type": "Stable Sandy Loam",
        "soil_risk": 0,
        "flooding_index": 0.26,
        "earthquake_factor": 0.095,
        "erosion_factor": 0.156,
        "landslide_index": 0.252,
        "soil_corrosivity_index": 0.314,
        "hoop_stress_ratio": 0.354,
        "pipe_diameter_inches": 24.0,
        "operating_pressure_psig": 1200.0,
        "pipe_material": "API 5L X65",
        "design_wall_thickness_mm": 15.9,
        "operational_age_years": 16.0,
        "corrosion_rate_mm_per_year": 0.162,
        "thickness_loss_mm": 2.59,
        "remaining_wall_thickness_mm": 13.31,
        "material_loss_percent": 16.3,
        "degradation_condition": "Moderate",
        "failure_probability": 0.1391,
        "failure_probability_percent": 13.9,
        "risk_class": "Low",
        "primary_hazard": "Low Geo-Hazard Stress (Nominal Operational)",
        "failure_code": "NOMINAL-00",
        "diagnostic_message": "KP 161.0: Stable terrain conditions (13.9% PoF). Operating within normal design parameters under standard Catholic Protection monitoring.",
        "remediation_plan": "Maintain standard periodic aerial Right-of-Way surveillance and annual CP survey."
      },
      "geometry": {
        "type": "Point",
        "coordinates": [
          6.618026,
          7.469199
        ]
      }
    },
    {
      "type": "Feature",
      "properties": {
        "kp": 162.0,
        "pipeline_id": 4,
        "pipeline_code": "OBN-AJA",
        "pipeline_name": "Oben\u2013Ajaokuta Gas Trunk Line (Western Line)",
        "latitude": 7.477483,
        "longitude": 6.621557,
        "elevation": 167.0,
        "slope_deg": 1.6,
        "river_proximity_km": 4.32,
        "fault_distance_km": 15.74,
        "soil_type": "Stable Sandy Loam",
        "soil_risk": 0,
        "flooding_index": 0.327,
        "earthquake_factor": 0.066,
        "erosion_factor": 0.177,
        "landslide_index": 0.176,
        "soil_corrosivity_index": 0.351,
        "hoop_stress_ratio": 0.354,
        "pipe_diameter_inches": 24.0,
        "operating_pressure_psig": 1200.0,
        "pipe_material": "API 5L X65",
        "design_wall_thickness_mm": 15.9,
        "operational_age_years": 16.0,
        "corrosion_rate_mm_per_year": 0.199,
        "thickness_loss_mm": 3.18,
        "remaining_wall_thickness_mm": 12.72,
        "material_loss_percent": 20.0,
        "degradation_condition": "Moderate",
        "failure_probability": 0.1409,
        "failure_probability_percent": 14.1,
        "risk_class": "Low",
        "primary_hazard": "Low Geo-Hazard Stress (Nominal Operational)",
        "failure_code": "NOMINAL-00",
        "diagnostic_message": "KP 162.0: Stable terrain conditions (14.1% PoF). Operating within normal design parameters under standard Catholic Protection monitoring.",
        "remediation_plan": "Maintain standard periodic aerial Right-of-Way surveillance and annual CP survey."
      },
      "geometry": {
        "type": "Point",
        "coordinates": [
          6.621557,
          7.477483
        ]
      }
    },
    {
      "type": "Feature",
      "properties": {
        "kp": 163.0,
        "pipeline_id": 4,
        "pipeline_code": "OBN-AJA",
        "pipeline_name": "Oben\u2013Ajaokuta Gas Trunk Line (Western Line)",
        "latitude": 7.485766,
        "longitude": 6.625089,
        "elevation": 215.0,
        "slope_deg": 14.47,
        "river_proximity_km": 4.19,
        "fault_distance_km": 16.88,
        "soil_type": "Expansive Shale & Rocky Outcrop",
        "soil_risk": 2,
        "flooding_index": 0.267,
        "earthquake_factor": 0.068,
        "erosion_factor": 0.387,
        "landslide_index": 0.678,
        "soil_corrosivity_index": 0.67,
        "hoop_stress_ratio": 0.354,
        "pipe_diameter_inches": 24.0,
        "operating_pressure_psig": 1200.0,
        "pipe_material": "API 5L X65",
        "design_wall_thickness_mm": 15.9,
        "operational_age_years": 16.0,
        "corrosion_rate_mm_per_year": 0.307,
        "thickness_loss_mm": 4.91,
        "remaining_wall_thickness_mm": 10.99,
        "material_loss_percent": 30.9,
        "degradation_condition": "Moderate",
        "failure_probability": 0.2544,
        "failure_probability_percent": 25.4,
        "risk_class": "Medium",
        "primary_hazard": "Slope Instability & Landslide Hazard",
        "failure_code": "ERR-GEO-SLOPE-02",
        "diagnostic_message": "KP 163.0: Pipeline elevated failure risk (25.4%) due to steep rocky slope terrain (14.47\u00b0 slope angle, Landslide Index 0.678). Gravitational soil movement risk buckling or un-seating pipe joint welds.",
        "remediation_plan": "Construct slope retaining gabion walls, install strain gauge monitoring sensors, and stabilize right-of-way."
      },
      "geometry": {
        "type": "Point",
        "coordinates": [
          6.625089,
          7.485766
        ]
      }
    },
    {
      "type": "Feature",
      "properties": {
        "kp": 164.0,
        "pipeline_id": 4,
        "pipeline_code": "OBN-AJA",
        "pipeline_name": "Oben\u2013Ajaokuta Gas Trunk Line (Western Line)",
        "latitude": 7.49405,
        "longitude": 6.62862,
        "elevation": 425.0,
        "slope_deg": 4.4,
        "river_proximity_km": 4.29,
        "fault_distance_km": 17.71,
        "soil_type": "Expansive Shale & Rocky Outcrop",
        "soil_risk": 2,
        "flooding_index": 0.199,
        "earthquake_factor": 0.099,
        "erosion_factor": 0.228,
        "landslide_index": 0.462,
        "soil_corrosivity_index": 0.43,
        "hoop_stress_ratio": 0.354,
        "pipe_diameter_inches": 24.0,
        "operating_pressure_psig": 1200.0,
        "pipe_material": "API 5L X65",
        "design_wall_thickness_mm": 15.9,
        "operational_age_years": 16.0,
        "corrosion_rate_mm_per_year": 0.23,
        "thickness_loss_mm": 3.68,
        "remaining_wall_thickness_mm": 12.22,
        "material_loss_percent": 23.1,
        "degradation_condition": "Moderate",
        "failure_probability": 0.1776,
        "failure_probability_percent": 17.8,
        "risk_class": "Low",
        "primary_hazard": "Slope Instability & Landslide Hazard",
        "failure_code": "ERR-GEO-SLOPE-02",
        "diagnostic_message": "KP 164.0: Pipeline elevated failure risk (17.8%) due to steep rocky slope terrain (4.4\u00b0 slope angle, Landslide Index 0.462). Gravitational soil movement risk buckling or un-seating pipe joint welds.",
        "remediation_plan": "Construct slope retaining gabion walls, install strain gauge monitoring sensors, and stabilize right-of-way."
      },
      "geometry": {
        "type": "Point",
        "coordinates": [
          6.62862,
          7.49405
        ]
      }
    },
    {
      "type": "Feature",
      "properties": {
        "kp": 165.0,
        "pipeline_id": 4,
        "pipeline_code": "OBN-AJA",
        "pipeline_name": "Oben\u2013Ajaokuta Gas Trunk Line (Western Line)",
        "latitude": 7.502334,
        "longitude": 6.632151,
        "elevation": 138.0,
        "slope_deg": 17.8,
        "river_proximity_km": 4.62,
        "fault_distance_km": 17.9,
        "soil_type": "Expansive Shale & Rocky Outcrop",
        "soil_risk": 2,
        "flooding_index": 0.35,
        "earthquake_factor": 0.087,
        "erosion_factor": 0.475,
        "landslide_index": 0.758,
        "soil_corrosivity_index": 0.798,
        "hoop_stress_ratio": 0.354,
        "pipe_diameter_inches": 24.0,
        "operating_pressure_psig": 1200.0,
        "pipe_material": "API 5L X65",
        "design_wall_thickness_mm": 15.9,
        "operational_age_years": 16.0,
        "corrosion_rate_mm_per_year": 0.361,
        "thickness_loss_mm": 5.78,
        "remaining_wall_thickness_mm": 10.12,
        "material_loss_percent": 36.4,
        "degradation_condition": "Critical",
        "failure_probability": 0.3032,
        "failure_probability_percent": 30.3,
        "risk_class": "Medium",
        "primary_hazard": "Corrosive Soil & Anoxic Groundwater Degradation",
        "failure_code": "ERR-GEO-CORR-04",
        "diagnostic_message": "KP 165.0: High external corrosion hazard (30.3%) resulting from saturated groundwater (Corrosivity Index 0.798) and anaerobic clay soil. Coating breakdown risk is high.",
        "remediation_plan": "Upgrade Impressed Current Cathodic Protection (ICCP), apply 3LPE coating repair, and conduct smart-pig inline inspection."
      },
      "geometry": {
        "type": "Point",
        "coordinates": [
          6.632151,
          7.502334
        ]
      }
    },
    {
      "type": "Feature",
      "properties": {
        "kp": 166.0,
        "pipeline_id": 4,
        "pipeline_code": "OBN-AJA",
        "pipeline_name": "Oben\u2013Ajaokuta Gas Trunk Line (Western Line)",
        "latitude": 7.510617,
        "longitude": 6.635683,
        "elevation": 104.0,
        "slope_deg": 2.52,
        "river_proximity_km": 5.12,
        "fault_distance_km": 17.02,
        "soil_type": "Stable Sandy Loam",
        "soil_risk": 0,
        "flooding_index": 0.368,
        "earthquake_factor": 0.082,
        "erosion_factor": 0.148,
        "landslide_index": 0.199,
        "soil_corrosivity_index": 0.454,
        "hoop_stress_ratio": 0.354,
        "pipe_diameter_inches": 24.0,
        "operating_pressure_psig": 1200.0,
        "pipe_material": "API 5L X65",
        "design_wall_thickness_mm": 15.9,
        "operational_age_years": 16.0,
        "corrosion_rate_mm_per_year": 0.217,
        "thickness_loss_mm": 3.47,
        "remaining_wall_thickness_mm": 12.43,
        "material_loss_percent": 21.8,
        "degradation_condition": "Moderate",
        "failure_probability": 0.1603,
        "failure_probability_percent": 16.0,
        "risk_class": "Low",
        "primary_hazard": "Corrosive Soil & Anoxic Groundwater Degradation",
        "failure_code": "ERR-GEO-CORR-04",
        "diagnostic_message": "KP 166.0: High external corrosion hazard (16.0%) resulting from saturated groundwater (Corrosivity Index 0.454) and anaerobic clay soil. Coating breakdown risk is high.",
        "remediation_plan": "Upgrade Impressed Current Cathodic Protection (ICCP), apply 3LPE coating repair, and conduct smart-pig inline inspection."
      },
      "geometry": {
        "type": "Point",
        "coordinates": [
          6.635683,
          7.510617
        ]
      }
    },
    {
      "type": "Feature",
      "properties": {
        "kp": 167.0,
        "pipeline_id": 4,
        "pipeline_code": "OBN-AJA",
        "pipeline_name": "Oben\u2013Ajaokuta Gas Trunk Line (Western Line)",
        "latitude": 7.518901,
        "longitude": 6.639214,
        "elevation": 94.0,
        "slope_deg": 0.34,
        "river_proximity_km": 4.53,
        "fault_distance_km": 16.0,
        "soil_type": "Stable Sandy Loam",
        "soil_risk": 0,
        "flooding_index": 0.353,
        "earthquake_factor": 0.096,
        "erosion_factor": 0.155,
        "landslide_index": 0.083,
        "soil_corrosivity_index": 0.475,
        "hoop_stress_ratio": 0.354,
        "pipe_diameter_inches": 24.0,
        "operating_pressure_psig": 1200.0,
        "pipe_material": "API 5L X65",
        "design_wall_thickness_mm": 15.9,
        "operational_age_years": 16.0,
        "corrosion_rate_mm_per_year": 0.255,
        "thickness_loss_mm": 4.08,
        "remaining_wall_thickness_mm": 11.82,
        "material_loss_percent": 25.7,
        "degradation_condition": "Moderate",
        "failure_probability": 0.1442,
        "failure_probability_percent": 14.4,
        "risk_class": "Low",
        "primary_hazard": "Corrosive Soil & Anoxic Groundwater Degradation",
        "failure_code": "ERR-GEO-CORR-04",
        "diagnostic_message": "KP 167.0: High external corrosion hazard (14.4%) resulting from saturated groundwater (Corrosivity Index 0.475) and anaerobic clay soil. Coating breakdown risk is high.",
        "remediation_plan": "Upgrade Impressed Current Cathodic Protection (ICCP), apply 3LPE coating repair, and conduct smart-pig inline inspection."
      },
      "geometry": {
        "type": "Point",
        "coordinates": [
          6.639214,
          7.518901
        ]
      }
    },
    {
      "type": "Feature",
      "properties": {
        "kp": 168.0,
        "pipeline_id": 4,
        "pipeline_code": "OBN-AJA",
        "pipeline_name": "Oben\u2013Ajaokuta Gas Trunk Line (Western Line)",
        "latitude": 7.527184,
        "longitude": 6.642745,
        "elevation": 110.0,
        "slope_deg": 2.35,
        "river_proximity_km": 3.53,
        "fault_distance_km": 14.92,
        "soil_type": "Stable Sandy Loam",
        "soil_risk": 0,
        "flooding_index": 0.418,
        "earthquake_factor": 0.101,
        "erosion_factor": 0.204,
        "landslide_index": 0.158,
        "soil_corrosivity_index": 0.456,
        "hoop_stress_ratio": 0.354,
        "pipe_diameter_inches": 24.0,
        "operating_pressure_psig": 1200.0,
        "pipe_material": "API 5L X65",
        "design_wall_thickness_mm": 15.9,
        "operational_age_years": 16.0,
        "corrosion_rate_mm_per_year": 0.252,
        "thickness_loss_mm": 4.03,
        "remaining_wall_thickness_mm": 11.87,
        "material_loss_percent": 25.3,
        "degradation_condition": "Moderate",
        "failure_probability": 0.1706,
        "failure_probability_percent": 17.1,
        "risk_class": "Low",
        "primary_hazard": "Corrosive Soil & Anoxic Groundwater Degradation",
        "failure_code": "ERR-GEO-CORR-04",
        "diagnostic_message": "KP 168.0: High external corrosion hazard (17.1%) resulting from saturated groundwater (Corrosivity Index 0.456) and anaerobic clay soil. Coating breakdown risk is high.",
        "remediation_plan": "Upgrade Impressed Current Cathodic Protection (ICCP), apply 3LPE coating repair, and conduct smart-pig inline inspection."
      },
      "geometry": {
        "type": "Point",
        "coordinates": [
          6.642745,
          7.527184
        ]
      }
    },
    {
      "type": "Feature",
      "properties": {
        "kp": 169.0,
        "pipeline_id": 4,
        "pipeline_code": "OBN-AJA",
        "pipeline_name": "Oben\u2013Ajaokuta Gas Trunk Line (Western Line)",
        "latitude": 7.535468,
        "longitude": 6.646277,
        "elevation": 135.0,
        "slope_deg": 7.07,
        "river_proximity_km": 2.53,
        "fault_distance_km": 14.18,
        "soil_type": "Stable Sandy Loam",
        "soil_risk": 0,
        "flooding_index": 0.428,
        "earthquake_factor": 0.108,
        "erosion_factor": 0.284,
        "landslide_index": 0.384,
        "soil_corrosivity_index": 0.428,
        "hoop_stress_ratio": 0.354,
        "pipe_diameter_inches": 24.0,
        "operating_pressure_psig": 1200.0,
        "pipe_material": "API 5L X65",
        "design_wall_thickness_mm": 15.9,
        "operational_age_years": 16.0,
        "corrosion_rate_mm_per_year": 0.207,
        "thickness_loss_mm": 3.31,
        "remaining_wall_thickness_mm": 12.59,
        "material_loss_percent": 20.8,
        "degradation_condition": "Moderate",
        "failure_probability": 0.2125,
        "failure_probability_percent": 21.2,
        "risk_class": "Medium",
        "primary_hazard": "Low Geo-Hazard Stress (Nominal Operational)",
        "failure_code": "NOMINAL-00",
        "diagnostic_message": "KP 169.0: Stable terrain conditions (21.2% PoF). Operating within normal design parameters under standard Catholic Protection monitoring.",
        "remediation_plan": "Maintain standard periodic aerial Right-of-Way surveillance and annual CP survey."
      },
      "geometry": {
        "type": "Point",
        "coordinates": [
          6.646277,
          7.535468
        ]
      }
    },
    {
      "type": "Feature",
      "properties": {
        "kp": 170.0,
        "pipeline_id": 4,
        "pipeline_code": "OBN-AJA",
        "pipeline_name": "Oben\u2013Ajaokuta Gas Trunk Line (Western Line)",
        "latitude": 7.543752,
        "longitude": 6.649808,
        "elevation": 234.0,
        "slope_deg": 2.69,
        "river_proximity_km": 1.53,
        "fault_distance_km": 13.17,
        "soil_type": "Expansive Shale & Rocky Outcrop",
        "soil_risk": 2,
        "flooding_index": 0.476,
        "earthquake_factor": 0.068,
        "erosion_factor": 0.245,
        "landslide_index": 0.248,
        "soil_corrosivity_index": 0.687,
        "hoop_stress_ratio": 0.354,
        "pipe_diameter_inches": 24.0,
        "operating_pressure_psig": 1200.0,
        "pipe_material": "API 5L X65",
        "design_wall_thickness_mm": 15.9,
        "operational_age_years": 16.0,
        "corrosion_rate_mm_per_year": 0.32,
        "thickness_loss_mm": 5.12,
        "remaining_wall_thickness_mm": 10.78,
        "material_loss_percent": 32.2,
        "degradation_condition": "Critical",
        "failure_probability": 0.2148,
        "failure_probability_percent": 21.5,
        "risk_class": "Medium",
        "primary_hazard": "Corrosive Soil & Anoxic Groundwater Degradation",
        "failure_code": "ERR-GEO-CORR-04",
        "diagnostic_message": "KP 170.0: High external corrosion hazard (21.5%) resulting from saturated groundwater (Corrosivity Index 0.687) and anaerobic clay soil. Coating breakdown risk is high.",
        "remediation_plan": "Upgrade Impressed Current Cathodic Protection (ICCP), apply 3LPE coating repair, and conduct smart-pig inline inspection."
      },
      "geometry": {
        "type": "Point",
        "coordinates": [
          6.649808,
          7.543752
        ]
      }
    },
    {
      "type": "Feature",
      "properties": {
        "kp": 171.0,
        "pipeline_id": 4,
        "pipeline_code": "OBN-AJA",
        "pipeline_name": "Oben\u2013Ajaokuta Gas Trunk Line (Western Line)",
        "latitude": 7.552035,
        "longitude": 6.653339,
        "elevation": 88.0,
        "slope_deg": 17.29,
        "river_proximity_km": 0.53,
        "fault_distance_km": 11.93,
        "soil_type": "Expansive Shale & Rocky Outcrop",
        "soil_risk": 2,
        "flooding_index": 0.98,
        "earthquake_factor": 0.087,
        "erosion_factor": 0.671,
        "landslide_index": 0.733,
        "soil_corrosivity_index": 0.97,
        "hoop_stress_ratio": 0.354,
        "pipe_diameter_inches": 24.0,
        "operating_pressure_psig": 1200.0,
        "pipe_material": "API 5L X65",
        "design_wall_thickness_mm": 15.9,
        "operational_age_years": 16.0,
        "corrosion_rate_mm_per_year": 0.411,
        "thickness_loss_mm": 6.58,
        "remaining_wall_thickness_mm": 9.32,
        "material_loss_percent": 41.4,
        "degradation_condition": "Critical",
        "failure_probability": 0.4447,
        "failure_probability_percent": 44.5,
        "risk_class": "High",
        "primary_hazard": "Hydrodynamic River Scour & Flood Inundation",
        "failure_code": "ERR-GEO-HYDRO-01",
        "diagnostic_message": "KP 171.0: High failure probability (44.5%) driven by severe River Niger flood inundation (Flood Index 0.98, 0.53 km proximity). Current scour threatens to un-seat buried pipe.",
        "remediation_plan": "Perform Horizontal Directional Drilling (HDD) deep riverbed re-burial & install concrete articulated weighting mats."
      },
      "geometry": {
        "type": "Point",
        "coordinates": [
          6.653339,
          7.552035
        ]
      }
    },
    {
      "type": "Feature",
      "properties": {
        "kp": 171.5,
        "pipeline_id": 4,
        "pipeline_code": "OBN-AJA",
        "pipeline_name": "Oben\u2013Ajaokuta Gas Trunk Line (Western Line)",
        "latitude": 7.5564,
        "longitude": 6.6552,
        "elevation": 70.0,
        "slope_deg": 10.2,
        "river_proximity_km": 0.05,
        "fault_distance_km": 11.76,
        "soil_type": "Saturated Alluvial Silty Clay",
        "soil_risk": 2,
        "flooding_index": 0.98,
        "earthquake_factor": 0.11,
        "erosion_factor": 0.722,
        "landslide_index": 0.462,
        "soil_corrosivity_index": 0.97,
        "hoop_stress_ratio": 0.354,
        "pipe_diameter_inches": 24.0,
        "operating_pressure_psig": 1200.0,
        "pipe_material": "API 5L X65",
        "design_wall_thickness_mm": 15.9,
        "operational_age_years": 16.0,
        "corrosion_rate_mm_per_year": 0.416,
        "thickness_loss_mm": 6.66,
        "remaining_wall_thickness_mm": 9.24,
        "material_loss_percent": 41.9,
        "degradation_condition": "Critical",
        "failure_probability": 0.4107,
        "failure_probability_percent": 41.1,
        "risk_class": "High",
        "primary_hazard": "Hydrodynamic River Scour & Flood Inundation",
        "failure_code": "ERR-GEO-HYDRO-01",
        "diagnostic_message": "KP 171.5: High failure probability (41.1%) driven by severe River Niger flood inundation (Flood Index 0.98, 0.05 km proximity). Current scour threatens to un-seat buried pipe.",
        "remediation_plan": "Perform Horizontal Directional Drilling (HDD) deep riverbed re-burial & install concrete articulated weighting mats."
      },
      "geometry": {
        "type": "Point",
        "coordinates": [
          6.6552,
          7.5564
        ]
      }
    }
  ]
}