kp,pipeline_id,pipeline_code,pipeline_name,latitude,longitude,elevation,slope_deg,river_proximity_km,fault_distance_km,soil_type,soil_risk,flooding_index,earthquake_factor,erosion_factor,landslide_index,soil_corrosivity_index,hoop_stress_ratio,pipe_diameter_inches,operating_pressure_psig,pipe_material,design_wall_thickness_mm,operational_age_years,corrosion_rate_mm_per_year,thickness_loss_mm,remaining_wall_thickness_mm,material_loss_percent,degradation_condition,failure_probability,failure_probability_percent,risk_class,primary_hazard,failure_code,diagnostic_message,remediation_plan
0.0,1,AKK-SEC1,Ajaokuta–Kaduna–Kano (AKK) Gas Pipeline — Kogi Corridor,7.5564,6.6552,70.0,0.74,0.05,11.44,Saturated Alluvial Silty Clay,2,0.98,0.116,0.533,0.078,0.97,0.412,40.0,1440.0,API 5L X80,22.2,4.0,0.415,1.66,20.54,7.5,Normal,0.3434,34.3,Medium,Hydrodynamic River Scour & Flood Inundation,ERR-GEO-HYDRO-01,"KP 0.0: High failure probability (34.3%) driven by severe River Niger flood inundation (Flood Index 0.98, 0.05 km proximity). Current scour threatens to un-seat buried pipe.",Perform Horizontal Directional Drilling (HDD) deep riverbed re-burial & install concrete articulated weighting mats.
1.0,1,AKK-SEC1,Ajaokuta–Kaduna–Kano (AKK) Gas Pipeline — Kogi Corridor,7.56322,6.661114,57.0,1.6,1.0,10.29,Saturated Alluvial Silty Clay,2,0.825,0.116,0.311,0.096,0.97,0.412,40.0,1440.0,API 5L X80,22.2,4.0,0.447,1.79,20.41,8.1,Normal,0.2977,29.8,Medium,Corrosive Soil & Anoxic Groundwater Degradation,ERR-GEO-CORR-04,KP 1.0: High external corrosion hazard (29.8%) resulting from saturated groundwater (Corrosivity Index 0.97) and anaerobic clay soil. Coating breakdown risk is high.,"Upgrade Impressed Current Cathodic Protection (ICCP), apply 3LPE coating repair, and conduct smart-pig inline inspection."
2.0,1,AKK-SEC1,Ajaokuta–Kaduna–Kano (AKK) Gas Pipeline — Kogi Corridor,7.57004,6.667028,42.0,0.8,2.0,9.8,Corrosive Lowland Clay,1,0.573,0.094,0.174,0.068,0.788,0.412,40.0,1440.0,API 5L X80,22.2,4.0,0.36,1.44,20.76,6.5,Normal,0.2153,21.5,Medium,Corrosive Soil & Anoxic Groundwater Degradation,ERR-GEO-CORR-04,KP 2.0: High external corrosion hazard (21.5%) resulting from saturated groundwater (Corrosivity Index 0.788) and anaerobic clay soil. Coating breakdown risk is high.,"Upgrade Impressed Current Cathodic Protection (ICCP), apply 3LPE coating repair, and conduct smart-pig inline inspection."
3.0,1,AKK-SEC1,Ajaokuta–Kaduna–Kano (AKK) Gas Pipeline — Kogi Corridor,7.57686,6.672941,43.0,0.11,3.0,8.62,Corrosive Lowland Clay,1,0.484,0.131,0.119,0.043,0.778,0.412,40.0,1440.0,API 5L X80,22.2,4.0,0.35,1.4,20.8,6.3,Normal,0.194,19.4,Low,Corrosive Soil & Anoxic Groundwater Degradation,ERR-GEO-CORR-04,KP 3.0: High external corrosion hazard (19.4%) resulting from saturated groundwater (Corrosivity Index 0.778) and anaerobic clay soil. Coating breakdown risk is high.,"Upgrade Impressed Current Cathodic Protection (ICCP), apply 3LPE coating repair, and conduct smart-pig inline inspection."
4.0,1,AKK-SEC1,Ajaokuta–Kaduna–Kano (AKK) Gas Pipeline — Kogi Corridor,7.58368,6.678855,40.0,0.06,4.0,7.71,Corrosive Lowland Clay,1,0.462,0.117,0.126,0.051,0.771,0.412,40.0,1440.0,API 5L X80,22.2,4.0,0.335,1.34,20.86,6.0,Normal,0.1894,18.9,Low,Corrosive Soil & Anoxic Groundwater Degradation,ERR-GEO-CORR-04,KP 4.0: High external corrosion hazard (18.9%) resulting from saturated groundwater (Corrosivity Index 0.771) and anaerobic clay soil. Coating breakdown risk is high.,"Upgrade Impressed Current Cathodic Protection (ICCP), apply 3LPE coating repair, and conduct smart-pig inline inspection."
5.0,1,AKK-SEC1,Ajaokuta–Kaduna–Kano (AKK) Gas Pipeline — Kogi Corridor,7.590543,6.684718,44.0,1.72,5.0,6.89,Corrosive Lowland Clay,1,0.397,0.121,0.179,0.131,0.757,0.412,40.0,1440.0,API 5L X80,22.2,4.0,0.36,1.44,20.76,6.5,Normal,0.1942,19.4,Low,Corrosive Soil & Anoxic Groundwater Degradation,ERR-GEO-CORR-04,KP 5.0: High external corrosion hazard (19.4%) resulting from saturated groundwater (Corrosivity Index 0.757) and anaerobic clay soil. Coating breakdown risk is high.,"Upgrade Impressed Current Cathodic Protection (ICCP), apply 3LPE coating repair, and conduct smart-pig inline inspection."
6.0,1,AKK-SEC1,Ajaokuta–Kaduna–Kano (AKK) Gas Pipeline — Kogi Corridor,7.597417,6.690568,70.0,0.29,6.0,5.82,Corrosive Lowland Clay,1,0.346,0.178,0.1,0.06,0.708,0.412,40.0,1440.0,API 5L X80,22.2,4.0,0.329,1.32,20.88,5.9,Normal,0.1695,17.0,Low,Corrosive Soil & Anoxic Groundwater Degradation,ERR-GEO-CORR-04,KP 6.0: High external corrosion hazard (17.0%) resulting from saturated groundwater (Corrosivity Index 0.708) and anaerobic clay soil. Coating breakdown risk is high.,"Upgrade Impressed Current Cathodic Protection (ICCP), apply 3LPE coating repair, and conduct smart-pig inline inspection."
7.0,1,AKK-SEC1,Ajaokuta–Kaduna–Kano (AKK) Gas Pipeline — Kogi Corridor,7.604292,6.696418,39.0,1.78,7.0,4.82,Corrosive Lowland Clay,1,0.402,0.178,0.14,0.104,0.757,0.412,40.0,1440.0,API 5L X80,22.2,4.0,0.348,1.39,20.81,6.3,Normal,0.1947,19.5,Low,Corrosive Soil & Anoxic Groundwater Degradation,ERR-GEO-CORR-04,KP 7.0: High external corrosion hazard (19.5%) resulting from saturated groundwater (Corrosivity Index 0.757) and anaerobic clay soil. Coating breakdown risk is high.,"Upgrade Impressed Current Cathodic Protection (ICCP), apply 3LPE coating repair, and conduct smart-pig inline inspection."
8.0,1,AKK-SEC1,Ajaokuta–Kaduna–Kano (AKK) Gas Pipeline — Kogi Corridor,7.611166,6.702269,39.0,0.34,8.0,4.35,Corrosive Lowland Clay,1,0.355,0.237,0.114,0.075,0.754,0.412,40.0,1440.0,API 5L X80,22.2,4.0,0.362,1.45,20.75,6.5,Normal,0.1867,18.7,Low,Corrosive Soil & Anoxic Groundwater Degradation,ERR-GEO-CORR-04,KP 8.0: High external corrosion hazard (18.7%) resulting from saturated groundwater (Corrosivity Index 0.754) and anaerobic clay soil. Coating breakdown risk is high.,"Upgrade Impressed Current Cathodic Protection (ICCP), apply 3LPE coating repair, and conduct smart-pig inline inspection."
9.0,1,AKK-SEC1,Ajaokuta–Kaduna–Kano (AKK) Gas Pipeline — Kogi Corridor,7.61804,6.708119,45.0,0.46,9.0,3.72,Corrosive Lowland Clay,1,0.376,0.212,0.066,0.047,0.742,0.412,40.0,1440.0,API 5L X80,22.2,4.0,0.335,1.34,20.86,6.0,Normal,0.1774,17.7,Low,Corrosive Soil & Anoxic Groundwater Degradation,ERR-GEO-CORR-04,KP 9.0: High external corrosion hazard (17.7%) resulting from saturated groundwater (Corrosivity Index 0.742) and anaerobic clay soil. Coating breakdown risk is high.,"Upgrade Impressed Current Cathodic Protection (ICCP), apply 3LPE coating repair, and conduct smart-pig inline inspection."
10.0,1,AKK-SEC1,Ajaokuta–Kaduna–Kano (AKK) Gas Pipeline — Kogi Corridor,7.624914,6.713969,31.0,0.74,10.0,3.12,Corrosive Lowland Clay,1,0.351,0.291,0.08,0.058,0.764,0.412,40.0,1440.0,API 5L X80,22.2,4.0,0.352,1.41,20.79,6.4,Normal,0.1881,18.8,Low,Corrosive Soil & Anoxic Groundwater Degradation,ERR-GEO-CORR-04,KP 10.0: High external corrosion hazard (18.8%) resulting from saturated groundwater (Corrosivity Index 0.764) and anaerobic clay soil. Coating breakdown risk is high.,"Upgrade Impressed Current Cathodic Protection (ICCP), apply 3LPE coating repair, and conduct smart-pig inline inspection."
11.0,1,AKK-SEC1,Ajaokuta–Kaduna–Kano (AKK) Gas Pipeline — Kogi Corridor,7.631788,6.719819,32.0,0.06,11.0,2.76,Corrosive Lowland Clay,1,0.37,0.273,0.114,0.053,0.761,0.412,40.0,1440.0,API 5L X80,22.2,4.0,0.337,1.35,20.85,6.1,Normal,0.1913,19.1,Low,Corrosive Soil & Anoxic Groundwater Degradation,ERR-GEO-CORR-04,KP 11.0: High external corrosion hazard (19.1%) resulting from saturated groundwater (Corrosivity Index 0.761) and anaerobic clay soil. Coating breakdown risk is high.,"Upgrade Impressed Current Cathodic Protection (ICCP), apply 3LPE coating repair, and conduct smart-pig inline inspection."
12.0,1,AKK-SEC1,Ajaokuta–Kaduna–Kano (AKK) Gas Pipeline — Kogi Corridor,7.639221,6.724924,32.0,0.0,10.84,2.7,Corrosive Lowland Clay,1,0.372,0.317,0.093,0.051,0.761,0.412,40.0,1440.0,API 5L X80,22.2,4.0,0.332,1.33,20.87,6.0,Normal,0.1952,19.5,Low,Corrosive Soil & Anoxic Groundwater Degradation,ERR-GEO-CORR-04,KP 12.0: High external corrosion hazard (19.5%) resulting from saturated groundwater (Corrosivity Index 0.761) and anaerobic clay soil. Coating breakdown risk is high.,"Upgrade Impressed Current Cathodic Protection (ICCP), apply 3LPE coating repair, and conduct smart-pig inline inspection."
13.0,1,AKK-SEC1,Ajaokuta–Kaduna–Kano (AKK) Gas Pipeline — Kogi Corridor,7.646673,6.730004,32.0,0.06,9.84,3.24,Corrosive Lowland Clay,1,0.343,0.285,0.089,0.035,0.763,0.412,40.0,1440.0,API 5L X80,22.2,4.0,0.332,1.33,20.87,6.0,Normal,0.183,18.3,Low,Corrosive Soil & Anoxic Groundwater Degradation,ERR-GEO-CORR-04,KP 13.0: High external corrosion hazard (18.3%) resulting from saturated groundwater (Corrosivity Index 0.763) and anaerobic clay soil. Coating breakdown risk is high.,"Upgrade Impressed Current Cathodic Protection (ICCP), apply 3LPE coating repair, and conduct smart-pig inline inspection."
14.0,1,AKK-SEC1,Ajaokuta–Kaduna–Kano (AKK) Gas Pipeline — Kogi Corridor,7.654125,6.735085,33.0,0.06,8.84,3.78,Corrosive Lowland Clay,1,0.36,0.247,0.094,0.058,0.763,0.412,40.0,1440.0,API 5L X80,22.2,4.0,0.349,1.4,20.8,6.3,Normal,0.1852,18.5,Low,Corrosive Soil & Anoxic Groundwater Degradation,ERR-GEO-CORR-04,KP 14.0: High external corrosion hazard (18.5%) resulting from saturated groundwater (Corrosivity Index 0.763) and anaerobic clay soil. Coating breakdown risk is high.,"Upgrade Impressed Current Cathodic Protection (ICCP), apply 3LPE coating repair, and conduct smart-pig inline inspection."
15.0,1,AKK-SEC1,Ajaokuta–Kaduna–Kano (AKK) Gas Pipeline — Kogi Corridor,7.661576,6.740166,33.0,0.06,7.84,4.38,Corrosive Lowland Clay,1,0.389,0.223,0.092,0.054,0.765,0.412,40.0,1440.0,API 5L X80,22.2,4.0,0.35,1.4,20.8,6.3,Normal,0.1868,18.7,Low,Corrosive Soil & Anoxic Groundwater Degradation,ERR-GEO-CORR-04,KP 15.0: High external corrosion hazard (18.7%) resulting from saturated groundwater (Corrosivity Index 0.765) and anaerobic clay soil. Coating breakdown risk is high.,"Upgrade Impressed Current Cathodic Protection (ICCP), apply 3LPE coating repair, and conduct smart-pig inline inspection."
16.0,1,AKK-SEC1,Ajaokuta–Kaduna–Kano (AKK) Gas Pipeline — Kogi Corridor,7.669028,6.745246,34.0,0.06,6.84,5.43,Corrosive Lowland Clay,1,0.385,0.147,0.062,0.025,0.766,0.412,40.0,1440.0,API 5L X80,22.2,4.0,0.357,1.43,20.77,6.4,Normal,0.1689,16.9,Low,Corrosive Soil & Anoxic Groundwater Degradation,ERR-GEO-CORR-04,KP 16.0: High external corrosion hazard (16.9%) resulting from saturated groundwater (Corrosivity Index 0.766) and anaerobic clay soil. Coating breakdown risk is high.,"Upgrade Impressed Current Cathodic Protection (ICCP), apply 3LPE coating repair, and conduct smart-pig inline inspection."
17.0,1,AKK-SEC1,Ajaokuta–Kaduna–Kano (AKK) Gas Pipeline — Kogi Corridor,7.676479,6.750327,34.0,0.06,5.84,6.17,Corrosive Lowland Clay,1,0.405,0.184,0.081,0.04,0.77,0.412,40.0,1440.0,API 5L X80,22.2,4.0,0.363,1.45,20.75,6.5,Normal,0.1819,18.2,Low,Corrosive Soil & Anoxic Groundwater Degradation,ERR-GEO-CORR-04,KP 17.0: High external corrosion hazard (18.2%) resulting from saturated groundwater (Corrosivity Index 0.77) and anaerobic clay soil. Coating breakdown risk is high.,"Upgrade Impressed Current Cathodic Protection (ICCP), apply 3LPE coating repair, and conduct smart-pig inline inspection."
18.0,1,AKK-SEC1,Ajaokuta–Kaduna–Kano (AKK) Gas Pipeline — Kogi Corridor,7.683931,6.755407,35.0,0.06,4.84,7.01,Corrosive Lowland Clay,1,0.405,0.132,0.085,0.061,0.774,0.412,40.0,1440.0,API 5L X80,22.2,4.0,0.366,1.46,20.74,6.6,Normal,0.1791,17.9,Low,Corrosive Soil & Anoxic Groundwater Degradation,ERR-GEO-CORR-04,KP 18.0: High external corrosion hazard (17.9%) resulting from saturated groundwater (Corrosivity Index 0.774) and anaerobic clay soil. Coating breakdown risk is high.,"Upgrade Impressed Current Cathodic Protection (ICCP), apply 3LPE coating repair, and conduct smart-pig inline inspection."
19.0,1,AKK-SEC1,Ajaokuta–Kaduna–Kano (AKK) Gas Pipeline — Kogi Corridor,7.691382,6.760488,35.0,0.0,3.84,8.18,Corrosive Lowland Clay,1,0.478,0.147,0.101,0.058,0.781,0.412,40.0,1440.0,API 5L X80,22.2,4.0,0.358,1.43,20.77,6.4,Normal,0.196,19.6,Low,Corrosive Soil & Anoxic Groundwater Degradation,ERR-GEO-CORR-04,KP 19.0: High external corrosion hazard (19.6%) resulting from saturated groundwater (Corrosivity Index 0.781) and anaerobic clay soil. Coating breakdown risk is high.,"Upgrade Impressed Current Cathodic Protection (ICCP), apply 3LPE coating repair, and conduct smart-pig inline inspection."
20.0,1,AKK-SEC1,Ajaokuta–Kaduna–Kano (AKK) Gas Pipeline — Kogi Corridor,7.698834,6.765569,35.0,0.57,2.84,9.22,Corrosive Lowland Clay,1,0.533,0.107,0.13,0.052,0.788,0.412,40.0,1440.0,API 5L X80,22.2,4.0,0.357,1.43,20.77,6.4,Normal,0.2032,20.3,Medium,Corrosive Soil & Anoxic Groundwater Degradation,ERR-GEO-CORR-04,KP 20.0: High external corrosion hazard (20.3%) resulting from saturated groundwater (Corrosivity Index 0.788) and anaerobic clay soil. Coating breakdown risk is high.,"Upgrade Impressed Current Cathodic Protection (ICCP), apply 3LPE coating repair, and conduct smart-pig inline inspection."
21.0,1,AKK-SEC1,Ajaokuta–Kaduna–Kano (AKK) Gas Pipeline — Kogi Corridor,7.706286,6.770649,45.0,1.66,1.84,10.18,Corrosive Lowland Clay,1,0.625,0.081,0.226,0.107,0.788,0.412,40.0,1440.0,API 5L X80,22.2,4.0,0.348,1.39,20.81,6.3,Normal,0.234,23.4,Medium,Corrosive Soil & Anoxic Groundwater Degradation,ERR-GEO-CORR-04,KP 21.0: High external corrosion hazard (23.4%) resulting from saturated groundwater (Corrosivity Index 0.788) and anaerobic clay soil. Coating breakdown risk is high.,"Upgrade Impressed Current Cathodic Protection (ICCP), apply 3LPE coating repair, and conduct smart-pig inline inspection."
22.0,1,AKK-SEC1,Ajaokuta–Kaduna–Kano (AKK) Gas Pipeline — Kogi Corridor,7.713737,6.77573,64.0,1.32,0.84,10.72,Saturated Alluvial Silty Clay,2,0.867,0.133,0.296,0.11,0.97,0.412,40.0,1440.0,API 5L X80,22.2,4.0,0.437,1.75,20.45,7.9,Normal,0.3084,30.8,Medium,Corrosive Soil & Anoxic Groundwater Degradation,ERR-GEO-CORR-04,KP 22.0: High external corrosion hazard (30.8%) resulting from saturated groundwater (Corrosivity Index 0.97) and anaerobic clay soil. Coating breakdown risk is high.,"Upgrade Impressed Current Cathodic Protection (ICCP), apply 3LPE coating repair, and conduct smart-pig inline inspection."
23.0,1,AKK-SEC1,Ajaokuta–Kaduna–Kano (AKK) Gas Pipeline — Kogi Corridor,7.721099,6.78093,68.0,0.8,0.16,11.84,Saturated Alluvial Silty Clay,2,0.98,0.127,0.453,0.092,0.97,0.412,40.0,1440.0,API 5L X80,22.2,4.0,0.421,1.68,20.52,7.6,Normal,0.3397,34.0,Medium,Hydrodynamic River Scour & Flood Inundation,ERR-GEO-HYDRO-01,"KP 23.0: High failure probability (34.0%) driven by severe River Niger flood inundation (Flood Index 0.98, 0.16 km proximity). Current scour threatens to un-seat buried pipe.",Perform Horizontal Directional Drilling (HDD) deep riverbed re-burial & install concrete articulated weighting mats.
24.0,1,AKK-SEC1,Ajaokuta–Kaduna–Kano (AKK) Gas Pipeline — Kogi Corridor,7.727991,6.786762,78.0,1.49,1.16,12.78,Saturated Alluvial Silty Clay,2,0.703,0.101,0.274,0.107,0.97,0.412,40.0,1440.0,API 5L X80,22.2,4.0,0.42,1.68,20.52,7.6,Normal,0.2718,27.2,Medium,Corrosive Soil & Anoxic Groundwater Degradation,ERR-GEO-CORR-04,KP 24.0: High external corrosion hazard (27.2%) resulting from saturated groundwater (Corrosivity Index 0.97) and anaerobic clay soil. Coating breakdown risk is high.,"Upgrade Impressed Current Cathodic Protection (ICCP), apply 3LPE coating repair, and conduct smart-pig inline inspection."
25.0,1,AKK-SEC1,Ajaokuta–Kaduna–Kano (AKK) Gas Pipeline — Kogi Corridor,7.734883,6.792593,94.0,0.0,2.16,14.14,Stable Sandy Loam,0,0.503,0.067,0.174,0.098,0.506,0.412,40.0,1440.0,API 5L X80,22.2,4.0,0.242,0.97,21.23,4.4,Normal,0.178,17.8,Low,Corrosive Soil & Anoxic Groundwater Degradation,ERR-GEO-CORR-04,KP 25.0: High external corrosion hazard (17.8%) resulting from saturated groundwater (Corrosivity Index 0.506) and anaerobic clay soil. Coating breakdown risk is high.,"Upgrade Impressed Current Cathodic Protection (ICCP), apply 3LPE coating repair, and conduct smart-pig inline inspection."
26.0,1,AKK-SEC1,Ajaokuta–Kaduna–Kano (AKK) Gas Pipeline — Kogi Corridor,7.741775,6.798425,78.0,1.09,3.16,15.0,Corrosive Lowland Clay,1,0.462,0.069,0.181,0.104,0.715,0.412,40.0,1440.0,API 5L X80,22.2,4.0,0.337,1.35,20.85,6.1,Normal,0.1914,19.1,Low,Corrosive Soil & Anoxic Groundwater Degradation,ERR-GEO-CORR-04,KP 26.0: High external corrosion hazard (19.1%) resulting from saturated groundwater (Corrosivity Index 0.715) and anaerobic clay soil. Coating breakdown risk is high.,"Upgrade Impressed Current Cathodic Protection (ICCP), apply 3LPE coating repair, and conduct smart-pig inline inspection."
27.0,1,AKK-SEC1,Ajaokuta–Kaduna–Kano (AKK) Gas Pipeline — Kogi Corridor,7.748666,6.804256,75.0,0.4,4.16,15.97,Corrosive Lowland Clay,1,0.409,0.057,0.155,0.075,0.71,0.412,40.0,1440.0,API 5L X80,22.2,4.0,0.317,1.27,20.93,5.7,Normal,0.1728,17.3,Low,Corrosive Soil & Anoxic Groundwater Degradation,ERR-GEO-CORR-04,KP 27.0: High external corrosion hazard (17.3%) resulting from saturated groundwater (Corrosivity Index 0.71) and anaerobic clay soil. Coating breakdown risk is high.,"Upgrade Impressed Current Cathodic Protection (ICCP), apply 3LPE coating repair, and conduct smart-pig inline inspection."
28.0,1,AKK-SEC1,Ajaokuta–Kaduna–Kano (AKK) Gas Pipeline — Kogi Corridor,7.755558,6.810088,71.0,0.4,5.16,16.6,Corrosive Lowland Clay,1,0.387,0.091,0.076,0.08,0.71,0.412,40.0,1440.0,API 5L X80,22.2,4.0,0.319,1.28,20.92,5.8,Normal,0.1668,16.7,Low,Corrosive Soil & Anoxic Groundwater Degradation,ERR-GEO-CORR-04,KP 28.0: High external corrosion hazard (16.7%) resulting from saturated groundwater (Corrosivity Index 0.71) and anaerobic clay soil. Coating breakdown risk is high.,"Upgrade Impressed Current Cathodic Protection (ICCP), apply 3LPE coating repair, and conduct smart-pig inline inspection."
29.0,1,AKK-SEC1,Ajaokuta–Kaduna–Kano (AKK) Gas Pipeline — Kogi Corridor,7.76245,6.815919,68.0,0.11,6.16,17.96,Corrosive Lowland Clay,1,0.349,0.088,0.091,0.084,0.711,0.412,40.0,1440.0,API 5L X80,22.2,4.0,0.316,1.26,20.94,5.7,Normal,0.1615,16.2,Low,Corrosive Soil & Anoxic Groundwater Degradation,ERR-GEO-CORR-04,KP 29.0: High external corrosion hazard (16.2%) resulting from saturated groundwater (Corrosivity Index 0.711) and anaerobic clay soil. Coating breakdown risk is high.,"Upgrade Impressed Current Cathodic Protection (ICCP), apply 3LPE coating repair, and conduct smart-pig inline inspection."
30.0,1,AKK-SEC1,Ajaokuta–Kaduna–Kano (AKK) Gas Pipeline — Kogi Corridor,7.769341,6.82175,73.0,0.52,7.16,18.77,Corrosive Lowland Clay,1,0.327,0.1,0.131,0.075,0.699,0.412,40.0,1440.0,API 5L X80,22.2,4.0,0.332,1.33,20.87,6.0,Normal,0.1602,16.0,Low,Corrosive Soil & Anoxic Groundwater Degradation,ERR-GEO-CORR-04,KP 30.0: High external corrosion hazard (16.0%) resulting from saturated groundwater (Corrosivity Index 0.699) and anaerobic clay soil. Coating breakdown risk is high.,"Upgrade Impressed Current Cathodic Protection (ICCP), apply 3LPE coating repair, and conduct smart-pig inline inspection."
31.0,1,AKK-SEC1,Ajaokuta–Kaduna–Kano (AKK) Gas Pipeline — Kogi Corridor,7.776233,6.827582,59.0,0.8,8.16,20.06,Corrosive Lowland Clay,1,0.352,0.073,0.08,0.071,0.72,0.412,40.0,1440.0,API 5L X80,22.2,4.0,0.349,1.4,20.8,6.3,Normal,0.1579,15.8,Low,Corrosive Soil & Anoxic Groundwater Degradation,ERR-GEO-CORR-04,KP 31.0: High external corrosion hazard (15.8%) resulting from saturated groundwater (Corrosivity Index 0.72) and anaerobic clay soil. Coating breakdown risk is high.,"Upgrade Impressed Current Cathodic Protection (ICCP), apply 3LPE coating repair, and conduct smart-pig inline inspection."
32.0,1,AKK-SEC1,Ajaokuta–Kaduna–Kano (AKK) Gas Pipeline — Kogi Corridor,7.783125,6.833413,59.0,0.52,9.16,21.1,Corrosive Lowland Clay,1,0.347,0.06,0.078,0.085,0.717,0.412,40.0,1440.0,API 5L X80,22.2,4.0,0.348,1.39,20.81,6.3,Normal,0.157,15.7,Low,Corrosive Soil & Anoxic Groundwater Degradation,ERR-GEO-CORR-04,KP 32.0: High external corrosion hazard (15.7%) resulting from saturated groundwater (Corrosivity Index 0.717) and anaerobic clay soil. Coating breakdown risk is high.,"Upgrade Impressed Current Cathodic Protection (ICCP), apply 3LPE coating repair, and conduct smart-pig inline inspection."
33.0,1,AKK-SEC1,Ajaokuta–Kaduna–Kano (AKK) Gas Pipeline — Kogi Corridor,7.790017,6.839245,50.0,0.57,8.7,22.09,Corrosive Lowland Clay,1,0.367,0.076,0.06,0.059,0.734,0.412,40.0,1440.0,API 5L X80,22.2,4.0,0.355,1.42,20.78,6.4,Normal,0.1586,15.9,Low,Corrosive Soil & Anoxic Groundwater Degradation,ERR-GEO-CORR-04,KP 33.0: High external corrosion hazard (15.9%) resulting from saturated groundwater (Corrosivity Index 0.734) and anaerobic clay soil. Coating breakdown risk is high.,"Upgrade Impressed Current Cathodic Protection (ICCP), apply 3LPE coating repair, and conduct smart-pig inline inspection."
34.0,1,AKK-SEC1,Ajaokuta–Kaduna–Kano (AKK) Gas Pipeline — Kogi Corridor,7.796908,6.845076,49.0,0.34,7.7,22.92,Corrosive Lowland Clay,1,0.339,0.043,0.107,0.044,0.738,0.412,40.0,1440.0,API 5L X80,22.2,4.0,0.327,1.31,20.89,5.9,Normal,0.1515,15.2,Low,Corrosive Soil & Anoxic Groundwater Degradation,ERR-GEO-CORR-04,KP 34.0: High external corrosion hazard (15.2%) resulting from saturated groundwater (Corrosivity Index 0.738) and anaerobic clay soil. Coating breakdown risk is high.,"Upgrade Impressed Current Cathodic Protection (ICCP), apply 3LPE coating repair, and conduct smart-pig inline inspection."
35.0,1,AKK-SEC1,Ajaokuta–Kaduna–Kano (AKK) Gas Pipeline — Kogi Corridor,7.8038,6.850908,44.0,0.34,6.7,23.88,Corrosive Lowland Clay,1,0.391,0.074,0.078,0.069,0.75,0.412,40.0,1440.0,API 5L X80,22.2,4.0,0.334,1.34,20.86,6.0,Normal,0.1674,16.7,Low,Corrosive Soil & Anoxic Groundwater Degradation,ERR-GEO-CORR-04,KP 35.0: High external corrosion hazard (16.7%) resulting from saturated groundwater (Corrosivity Index 0.75) and anaerobic clay soil. Coating breakdown risk is high.,"Upgrade Impressed Current Cathodic Protection (ICCP), apply 3LPE coating repair, and conduct smart-pig inline inspection."
36.0,1,AKK-SEC1,Ajaokuta–Kaduna–Kano (AKK) Gas Pipeline — Kogi Corridor,7.810692,6.856739,43.0,0.11,5.7,24.75,Corrosive Lowland Clay,1,0.411,0.073,0.132,0.057,0.756,0.412,40.0,1440.0,API 5L X80,22.2,4.0,0.35,1.4,20.8,6.3,Normal,0.1745,17.4,Low,Corrosive Soil & Anoxic Groundwater Degradation,ERR-GEO-CORR-04,KP 36.0: High external corrosion hazard (17.4%) resulting from saturated groundwater (Corrosivity Index 0.756) and anaerobic clay soil. Coating breakdown risk is high.,"Upgrade Impressed Current Cathodic Protection (ICCP), apply 3LPE coating repair, and conduct smart-pig inline inspection."
37.0,1,AKK-SEC1,Ajaokuta–Kaduna–Kano (AKK) Gas Pipeline — Kogi Corridor,7.817584,6.862571,42.0,0.23,4.7,25.6,Corrosive Lowland Clay,1,0.416,0.049,0.097,0.074,0.763,0.412,40.0,1440.0,API 5L X80,22.2,4.0,0.346,1.38,20.82,6.2,Normal,0.1724,17.2,Low,Corrosive Soil & Anoxic Groundwater Degradation,ERR-GEO-CORR-04,KP 37.0: High external corrosion hazard (17.2%) resulting from saturated groundwater (Corrosivity Index 0.763) and anaerobic clay soil. Coating breakdown risk is high.,"Upgrade Impressed Current Cathodic Protection (ICCP), apply 3LPE coating repair, and conduct smart-pig inline inspection."
38.0,1,AKK-SEC1,Ajaokuta–Kaduna–Kano (AKK) Gas Pipeline — Kogi Corridor,7.824475,6.868402,39.0,0.06,3.7,27.08,Corrosive Lowland Clay,1,0.468,0.079,0.13,0.05,0.776,0.412,40.0,1440.0,API 5L X80,22.2,4.0,0.355,1.42,20.78,6.4,Normal,0.1863,18.6,Low,Corrosive Soil & Anoxic Groundwater Degradation,ERR-GEO-CORR-04,KP 38.0: High external corrosion hazard (18.6%) resulting from saturated groundwater (Corrosivity Index 0.776) and anaerobic clay soil. Coating breakdown risk is high.,"Upgrade Impressed Current Cathodic Protection (ICCP), apply 3LPE coating repair, and conduct smart-pig inline inspection."
39.0,1,AKK-SEC1,Ajaokuta–Kaduna–Kano (AKK) Gas Pipeline — Kogi Corridor,7.831367,6.874234,41.0,0.11,2.7,27.66,Corrosive Lowland Clay,1,0.528,0.047,0.118,0.056,0.786,0.412,40.0,1440.0,API 5L X80,22.2,4.0,0.346,1.38,20.82,6.2,Normal,0.1938,19.4,Low,Corrosive Soil & Anoxic Groundwater Degradation,ERR-GEO-CORR-04,KP 39.0: High external corrosion hazard (19.4%) resulting from saturated groundwater (Corrosivity Index 0.786) and anaerobic clay soil. Coating breakdown risk is high.,"Upgrade Impressed Current Cathodic Protection (ICCP), apply 3LPE coating repair, and conduct smart-pig inline inspection."
40.0,1,AKK-SEC1,Ajaokuta–Kaduna–Kano (AKK) Gas Pipeline — Kogi Corridor,7.838259,6.880065,41.0,0.0,1.7,29.11,Corrosive Lowland Clay,1,0.657,0.084,0.19,0.026,0.788,0.412,40.0,1440.0,API 5L X80,22.2,4.0,0.377,1.51,20.69,6.8,Normal,0.2242,22.4,Medium,Corrosive Soil & Anoxic Groundwater Degradation,ERR-GEO-CORR-04,KP 40.0: High external corrosion hazard (22.4%) resulting from saturated groundwater (Corrosivity Index 0.788) and anaerobic clay soil. Coating breakdown risk is high.,"Upgrade Impressed Current Cathodic Protection (ICCP), apply 3LPE coating repair, and conduct smart-pig inline inspection."
41.0,1,AKK-SEC1,Ajaokuta–Kaduna–Kano (AKK) Gas Pipeline — Kogi Corridor,7.84515,6.885897,41.0,0.0,0.7,29.8,Saturated Alluvial Silty Clay,2,0.98,0.086,0.335,0.037,0.97,0.412,40.0,1440.0,API 5L X80,22.2,4.0,0.424,1.7,20.5,7.7,Normal,0.315,31.5,Medium,Hydrodynamic River Scour & Flood Inundation,ERR-GEO-HYDRO-01,"KP 41.0: High failure probability (31.5%) driven by severe River Niger flood inundation (Flood Index 0.98, 0.7 km proximity). Current scour threatens to un-seat buried pipe.",Perform Horizontal Directional Drilling (HDD) deep riverbed re-burial & install concrete articulated weighting mats.
42.0,1,AKK-SEC1,Ajaokuta–Kaduna–Kano (AKK) Gas Pipeline — Kogi Corridor,7.851893,6.891893,41.0,0.0,0.3,31.05,Saturated Alluvial Silty Clay,2,0.98,0.037,0.408,0.063,0.97,0.412,40.0,1440.0,API 5L X80,22.2,4.0,0.436,1.74,20.46,7.8,Normal,0.3194,31.9,Medium,Hydrodynamic River Scour & Flood Inundation,ERR-GEO-HYDRO-01,"KP 42.0: High failure probability (31.9%) driven by severe River Niger flood inundation (Flood Index 0.98, 0.3 km proximity). Current scour threatens to un-seat buried pipe.",Perform Horizontal Directional Drilling (HDD) deep riverbed re-burial & install concrete articulated weighting mats.
43.0,1,AKK-SEC1,Ajaokuta–Kaduna–Kano (AKK) Gas Pipeline — Kogi Corridor,7.858283,6.898283,41.0,0.0,1.3,31.88,Saturated Alluvial Silty Clay,2,0.701,0.063,0.27,0.031,0.97,0.412,40.0,1440.0,API 5L X80,22.2,4.0,0.429,1.72,20.48,7.7,Normal,0.2542,25.4,Medium,Corrosive Soil & Anoxic Groundwater Degradation,ERR-GEO-CORR-04,KP 43.0: High external corrosion hazard (25.4%) resulting from saturated groundwater (Corrosivity Index 0.97) and anaerobic clay soil. Coating breakdown risk is high.,"Upgrade Impressed Current Cathodic Protection (ICCP), apply 3LPE coating repair, and conduct smart-pig inline inspection."
44.0,1,AKK-SEC1,Ajaokuta–Kaduna–Kano (AKK) Gas Pipeline — Kogi Corridor,7.864672,6.904672,41.0,0.11,2.3,33.06,Corrosive Lowland Clay,1,0.565,0.067,0.187,0.044,0.788,0.412,40.0,1440.0,API 5L X80,22.2,4.0,0.351,1.4,20.8,6.3,Normal,0.2078,20.8,Medium,Corrosive Soil & Anoxic Groundwater Degradation,ERR-GEO-CORR-04,KP 44.0: High external corrosion hazard (20.8%) resulting from saturated groundwater (Corrosivity Index 0.788) and anaerobic clay soil. Coating breakdown risk is high.,"Upgrade Impressed Current Cathodic Protection (ICCP), apply 3LPE coating repair, and conduct smart-pig inline inspection."
45.0,1,AKK-SEC1,Ajaokuta–Kaduna–Kano (AKK) Gas Pipeline — Kogi Corridor,7.871062,6.911062,43.0,0.23,3.3,33.06,Corrosive Lowland Clay,1,0.492,0.077,0.175,0.056,0.774,0.412,40.0,1440.0,API 5L X80,22.2,4.0,0.354,1.42,20.78,6.4,Normal,0.1952,19.5,Low,Corrosive Soil & Anoxic Groundwater Degradation,ERR-GEO-CORR-04,KP 45.0: High external corrosion hazard (19.5%) resulting from saturated groundwater (Corrosivity Index 0.774) and anaerobic clay soil. Coating breakdown risk is high.,"Upgrade Impressed Current Cathodic Protection (ICCP), apply 3LPE coating repair, and conduct smart-pig inline inspection."
46.0,1,AKK-SEC1,Ajaokuta–Kaduna–Kano (AKK) Gas Pipeline — Kogi Corridor,7.877451,6.917451,45.0,0.0,4.3,32.06,Corrosive Lowland Clay,1,0.44,0.068,0.142,0.064,0.76,0.412,40.0,1440.0,API 5L X80,22.2,4.0,0.342,1.37,20.83,6.2,Normal,0.1815,18.1,Low,Corrosive Soil & Anoxic Groundwater Degradation,ERR-GEO-CORR-04,KP 46.0: High external corrosion hazard (18.1%) resulting from saturated groundwater (Corrosivity Index 0.76) and anaerobic clay soil. Coating breakdown risk is high.,"Upgrade Impressed Current Cathodic Protection (ICCP), apply 3LPE coating repair, and conduct smart-pig inline inspection."
47.0,1,AKK-SEC1,Ajaokuta–Kaduna–Kano (AKK) Gas Pipeline — Kogi Corridor,7.883841,6.923841,43.0,0.0,5.3,30.81,Corrosive Lowland Clay,1,0.387,0.062,0.068,0.045,0.757,0.412,40.0,1440.0,API 5L X80,22.2,4.0,0.349,1.4,20.8,6.3,Normal,0.1611,16.1,Low,Corrosive Soil & Anoxic Groundwater Degradation,ERR-GEO-CORR-04,KP 47.0: High external corrosion hazard (16.1%) resulting from saturated groundwater (Corrosivity Index 0.757) and anaerobic clay soil. Coating breakdown risk is high.,"Upgrade Impressed Current Cathodic Protection (ICCP), apply 3LPE coating repair, and conduct smart-pig inline inspection."
48.0,1,AKK-SEC1,Ajaokuta–Kaduna–Kano (AKK) Gas Pipeline — Kogi Corridor,7.890231,6.930231,45.0,0.06,6.3,29.76,Corrosive Lowland Clay,1,0.391,0.03,0.061,0.063,0.75,0.412,40.0,1440.0,API 5L X80,22.2,4.0,0.339,1.36,20.84,6.1,Normal,0.1592,15.9,Low,Corrosive Soil & Anoxic Groundwater Degradation,ERR-GEO-CORR-04,KP 48.0: High external corrosion hazard (15.9%) resulting from saturated groundwater (Corrosivity Index 0.75) and anaerobic clay soil. Coating breakdown risk is high.,"Upgrade Impressed Current Cathodic Protection (ICCP), apply 3LPE coating repair, and conduct smart-pig inline inspection."
49.0,1,AKK-SEC1,Ajaokuta–Kaduna–Kano (AKK) Gas Pipeline — Kogi Corridor,7.89662,6.93662,44.0,0.11,7.3,28.67,Corrosive Lowland Clay,1,0.374,0.075,0.069,0.057,0.748,0.412,40.0,1440.0,API 5L X80,22.2,4.0,0.328,1.31,20.89,5.9,Normal,0.1615,16.2,Low,Corrosive Soil & Anoxic Groundwater Degradation,ERR-GEO-CORR-04,KP 49.0: High external corrosion hazard (16.2%) resulting from saturated groundwater (Corrosivity Index 0.748) and anaerobic clay soil. Coating breakdown risk is high.,"Upgrade Impressed Current Cathodic Protection (ICCP), apply 3LPE coating repair, and conduct smart-pig inline inspection."
50.0,1,AKK-SEC1,Ajaokuta–Kaduna–Kano (AKK) Gas Pipeline — Kogi Corridor,7.90301,6.94301,43.0,0.11,8.3,27.63,Corrosive Lowland Clay,1,0.365,0.063,0.097,0.06,0.747,0.412,40.0,1440.0,API 5L X80,22.2,4.0,0.363,1.45,20.75,6.5,Normal,0.1613,16.1,Low,Corrosive Soil & Anoxic Groundwater Degradation,ERR-GEO-CORR-04,KP 50.0: High external corrosion hazard (16.1%) resulting from saturated groundwater (Corrosivity Index 0.747) and anaerobic clay soil. Coating breakdown risk is high.,"Upgrade Impressed Current Cathodic Protection (ICCP), apply 3LPE coating repair, and conduct smart-pig inline inspection."
51.0,1,AKK-SEC1,Ajaokuta–Kaduna–Kano (AKK) Gas Pipeline — Kogi Corridor,7.909399,6.949399,42.0,0.06,9.3,26.92,Corrosive Lowland Clay,1,0.347,0.079,0.062,0.046,0.747,0.412,40.0,1440.0,API 5L X80,22.2,4.0,0.327,1.31,20.89,5.9,Normal,0.1547,15.5,Low,Corrosive Soil & Anoxic Groundwater Degradation,ERR-GEO-CORR-04,KP 51.0: High external corrosion hazard (15.5%) resulting from saturated groundwater (Corrosivity Index 0.747) and anaerobic clay soil. Coating breakdown risk is high.,"Upgrade Impressed Current Cathodic Protection (ICCP), apply 3LPE coating repair, and conduct smart-pig inline inspection."
52.0,1,AKK-SEC1,Ajaokuta–Kaduna–Kano (AKK) Gas Pipeline — Kogi Corridor,7.915789,6.955789,42.0,0.06,10.3,25.63,Corrosive Lowland Clay,1,0.372,0.083,0.093,0.045,0.745,0.412,40.0,1440.0,API 5L X80,22.2,4.0,0.33,1.32,20.88,5.9,Normal,0.1623,16.2,Low,Corrosive Soil & Anoxic Groundwater Degradation,ERR-GEO-CORR-04,KP 52.0: High external corrosion hazard (16.2%) resulting from saturated groundwater (Corrosivity Index 0.745) and anaerobic clay soil. Coating breakdown risk is high.,"Upgrade Impressed Current Cathodic Protection (ICCP), apply 3LPE coating repair, and conduct smart-pig inline inspection."
53.0,1,AKK-SEC1,Ajaokuta–Kaduna–Kano (AKK) Gas Pipeline — Kogi Corridor,7.922178,6.962178,43.0,2.18,11.3,24.72,Corrosive Lowland Clay,1,0.33,0.067,0.134,0.135,0.742,0.412,40.0,1440.0,API 5L X80,22.2,4.0,0.333,1.33,20.87,6.0,Normal,0.1701,17.0,Low,Corrosive Soil & Anoxic Groundwater Degradation,ERR-GEO-CORR-04,KP 53.0: High external corrosion hazard (17.0%) resulting from saturated groundwater (Corrosivity Index 0.742) and anaerobic clay soil. Coating breakdown risk is high.,"Upgrade Impressed Current Cathodic Protection (ICCP), apply 3LPE coating repair, and conduct smart-pig inline inspection."
54.0,1,AKK-SEC1,Ajaokuta–Kaduna–Kano (AKK) Gas Pipeline — Kogi Corridor,7.928568,6.968568,80.0,1.03,12.3,24.21,Stable Sandy Loam,0,0.312,0.068,0.1,0.105,0.477,0.412,40.0,1440.0,API 5L X80,22.2,4.0,0.231,0.92,21.28,4.1,Normal,0.1349,13.5,Low,Corrosive Soil & Anoxic Groundwater Degradation,ERR-GEO-CORR-04,KP 54.0: High external corrosion hazard (13.5%) resulting from saturated groundwater (Corrosivity Index 0.477) and anaerobic clay soil. Coating breakdown risk is high.,"Upgrade Impressed Current Cathodic Protection (ICCP), apply 3LPE coating repair, and conduct smart-pig inline inspection."
55.0,1,AKK-SEC1,Ajaokuta–Kaduna–Kano (AKK) Gas Pipeline — Kogi Corridor,7.934957,6.974957,61.0,0.52,13.3,22.86,Corrosive Lowland Clay,1,0.328,0.037,0.05,0.059,0.708,0.412,40.0,1440.0,API 5L X80,22.2,4.0,0.311,1.24,20.96,5.6,Normal,0.1431,14.3,Low,Corrosive Soil & Anoxic Groundwater Degradation,ERR-GEO-CORR-04,KP 55.0: High external corrosion hazard (14.3%) resulting from saturated groundwater (Corrosivity Index 0.708) and anaerobic clay soil. Coating breakdown risk is high.,"Upgrade Impressed Current Cathodic Protection (ICCP), apply 3LPE coating repair, and conduct smart-pig inline inspection."
56.0,1,AKK-SEC1,Ajaokuta–Kaduna–Kano (AKK) Gas Pipeline — Kogi Corridor,7.941347,6.981347,71.0,0.74,14.3,22.17,Corrosive Lowland Clay,1,0.312,0.066,0.05,0.092,0.69,0.412,40.0,1440.0,API 5L X80,22.2,4.0,0.321,1.28,20.92,5.8,Normal,0.1475,14.8,Low,Corrosive Soil & Anoxic Groundwater Degradation,ERR-GEO-CORR-04,KP 56.0: High external corrosion hazard (14.8%) resulting from saturated groundwater (Corrosivity Index 0.69) and anaerobic clay soil. Coating breakdown risk is high.,"Upgrade Impressed Current Cathodic Protection (ICCP), apply 3LPE coating repair, and conduct smart-pig inline inspection."
57.0,1,AKK-SEC1,Ajaokuta–Kaduna–Kano (AKK) Gas Pipeline — Kogi Corridor,7.947736,6.987736,74.0,0.34,15.3,20.77,Corrosive Lowland Clay,1,0.293,0.064,0.081,0.084,0.685,0.412,40.0,1440.0,API 5L X80,22.2,4.0,0.302,1.21,20.99,5.5,Normal,0.1449,14.5,Low,Corrosive Soil & Anoxic Groundwater Degradation,ERR-GEO-CORR-04,KP 57.0: High external corrosion hazard (14.5%) resulting from saturated groundwater (Corrosivity Index 0.685) and anaerobic clay soil. Coating breakdown risk is high.,"Upgrade Impressed Current Cathodic Protection (ICCP), apply 3LPE coating repair, and conduct smart-pig inline inspection."
58.0,1,AKK-SEC1,Ajaokuta–Kaduna–Kano (AKK) Gas Pipeline — Kogi Corridor,7.954126,6.994126,77.0,1.03,16.3,19.9,Corrosive Lowland Clay,1,0.296,0.072,0.113,0.113,0.679,0.412,40.0,1440.0,API 5L X80,22.2,4.0,0.305,1.22,20.98,5.5,Normal,0.1534,15.3,Low,Corrosive Soil & Anoxic Groundwater Degradation,ERR-GEO-CORR-04,KP 58.0: High external corrosion hazard (15.3%) resulting from saturated groundwater (Corrosivity Index 0.679) and anaerobic clay soil. Coating breakdown risk is high.,"Upgrade Impressed Current Cathodic Protection (ICCP), apply 3LPE coating repair, and conduct smart-pig inline inspection."
59.0,1,AKK-SEC1,Ajaokuta–Kaduna–Kano (AKK) Gas Pipeline — Kogi Corridor,7.960515,7.000515,92.0,2.06,17.3,18.73,Stable Sandy Loam,0,0.28,0.046,0.11,0.172,0.452,0.412,40.0,1440.0,API 5L X80,22.2,4.0,0.235,0.94,21.26,4.2,Normal,0.1353,13.5,Low,Corrosive Soil & Anoxic Groundwater Degradation,ERR-GEO-CORR-04,KP 59.0: High external corrosion hazard (13.5%) resulting from saturated groundwater (Corrosivity Index 0.452) and anaerobic clay soil. Coating breakdown risk is high.,"Upgrade Impressed Current Cathodic Protection (ICCP), apply 3LPE coating repair, and conduct smart-pig inline inspection."
60.0,1,AKK-SEC1,Ajaokuta–Kaduna–Kano (AKK) Gas Pipeline — Kogi Corridor,7.966905,7.006905,113.0,1.55,18.3,17.94,Stable Sandy Loam,0,0.257,0.074,0.096,0.166,0.416,0.412,40.0,1440.0,API 5L X80,22.2,4.0,0.214,0.86,21.34,3.9,Normal,0.1293,12.9,Low,Low Geo-Hazard Stress (Nominal Operational),NOMINAL-00,KP 60.0: Stable terrain conditions (12.9% PoF). Operating within normal design parameters under standard Catholic Protection monitoring.,Maintain standard periodic aerial Right-of-Way surveillance and annual CP survey.
61.0,1,AKK-SEC1,Ajaokuta–Kaduna–Kano (AKK) Gas Pipeline — Kogi Corridor,7.973294,7.013294,119.0,1.72,19.3,17.3,Stable Sandy Loam,0,0.262,0.06,0.06,0.143,0.405,0.412,40.0,1440.0,API 5L X80,22.2,4.0,0.195,0.78,21.42,3.5,Normal,0.1205,12.0,Low,Low Geo-Hazard Stress (Nominal Operational),NOMINAL-00,KP 61.0: Stable terrain conditions (12.0% PoF). Operating within normal design parameters under standard Catholic Protection monitoring.,Maintain standard periodic aerial Right-of-Way surveillance and annual CP survey.
62.0,1,AKK-SEC1,Ajaokuta–Kaduna–Kano (AKK) Gas Pipeline — Kogi Corridor,7.979684,7.019684,83.0,0.57,20.3,15.79,Stable Sandy Loam,0,0.285,0.057,0.056,0.107,0.466,0.412,40.0,1440.0,API 5L X80,22.2,4.0,0.218,0.87,21.33,3.9,Normal,0.1238,12.4,Low,Corrosive Soil & Anoxic Groundwater Degradation,ERR-GEO-CORR-04,KP 62.0: High external corrosion hazard (12.4%) resulting from saturated groundwater (Corrosivity Index 0.466) and anaerobic clay soil. Coating breakdown risk is high.,"Upgrade Impressed Current Cathodic Protection (ICCP), apply 3LPE coating repair, and conduct smart-pig inline inspection."
63.0,1,AKK-SEC1,Ajaokuta–Kaduna–Kano (AKK) Gas Pipeline — Kogi Corridor,7.986293,7.025843,109.0,1.6,21.3,15.24,Stable Sandy Loam,0,0.238,0.061,0.106,0.153,0.421,0.412,40.0,1440.0,API 5L X80,22.2,4.0,0.235,0.94,21.26,4.2,Normal,0.1234,12.3,Low,Low Geo-Hazard Stress (Nominal Operational),NOMINAL-00,KP 63.0: Stable terrain conditions (12.3% PoF). Operating within normal design parameters under standard Catholic Protection monitoring.,Maintain standard periodic aerial Right-of-Way surveillance and annual CP survey.
64.0,1,AKK-SEC1,Ajaokuta–Kaduna–Kano (AKK) Gas Pipeline — Kogi Corridor,7.992913,7.031991,111.0,0.06,22.3,14.21,Stable Sandy Loam,0,0.26,0.075,0.05,0.102,0.418,0.412,40.0,1440.0,API 5L X80,22.2,4.0,0.231,0.92,21.28,4.1,Normal,0.1159,11.6,Low,Low Geo-Hazard Stress (Nominal Operational),NOMINAL-00,KP 64.0: Stable terrain conditions (11.6% PoF). Operating within normal design parameters under standard Catholic Protection monitoring.,Maintain standard periodic aerial Right-of-Way surveillance and annual CP survey.
65.0,1,AKK-SEC1,Ajaokuta–Kaduna–Kano (AKK) Gas Pipeline — Kogi Corridor,7.999533,7.038138,110.0,1.32,23.29,13.38,Stable Sandy Loam,0,0.24,0.084,0.105,0.132,0.419,0.412,40.0,1440.0,API 5L X80,22.2,4.0,0.236,0.94,21.26,4.2,Normal,0.1232,12.3,Low,Low Geo-Hazard Stress (Nominal Operational),NOMINAL-00,KP 65.0: Stable terrain conditions (12.3% PoF). Operating within normal design parameters under standard Catholic Protection monitoring.,Maintain standard periodic aerial Right-of-Way surveillance and annual CP survey.
66.0,1,AKK-SEC1,Ajaokuta–Kaduna–Kano (AKK) Gas Pipeline — Kogi Corridor,8.006154,7.044286,134.0,0.92,24.29,12.32,Stable Sandy Loam,0,0.216,0.112,0.095,0.122,0.377,0.412,40.0,1440.0,API 5L X80,22.2,4.0,0.219,0.88,21.32,4.0,Normal,0.1162,11.6,Low,Low Geo-Hazard Stress (Nominal Operational),NOMINAL-00,KP 66.0: Stable terrain conditions (11.6% PoF). Operating within normal design parameters under standard Catholic Protection monitoring.,Maintain standard periodic aerial Right-of-Way surveillance and annual CP survey.
67.0,1,AKK-SEC1,Ajaokuta–Kaduna–Kano (AKK) Gas Pipeline — Kogi Corridor,8.012774,7.050433,126.0,2.23,25.29,11.13,Stable Sandy Loam,0,0.243,0.093,0.132,0.178,0.391,0.412,40.0,1440.0,API 5L X80,22.2,4.0,0.189,0.76,21.44,3.4,Normal,0.1321,13.2,Low,Low Geo-Hazard Stress (Nominal Operational),NOMINAL-00,KP 67.0: Stable terrain conditions (13.2% PoF). Operating within normal design parameters under standard Catholic Protection monitoring.,Maintain standard periodic aerial Right-of-Way surveillance and annual CP survey.
68.0,1,AKK-SEC1,Ajaokuta–Kaduna–Kano (AKK) Gas Pipeline — Kogi Corridor,8.019394,7.05658,173.0,1.6,26.29,10.4,Stable Sandy Loam,0,0.158,0.098,0.123,0.206,0.31,0.412,40.0,1440.0,API 5L X80,22.2,4.0,0.181,0.72,21.48,3.2,Normal,0.1134,11.3,Low,Low Geo-Hazard Stress (Nominal Operational),NOMINAL-00,KP 68.0: Stable terrain conditions (11.3% PoF). Operating within normal design parameters under standard Catholic Protection monitoring.,Maintain standard periodic aerial Right-of-Way surveillance and annual CP survey.
69.0,1,AKK-SEC1,Ajaokuta–Kaduna–Kano (AKK) Gas Pipeline — Kogi Corridor,8.026015,7.062728,154.0,1.89,27.29,9.27,Stable Sandy Loam,0,0.194,0.105,0.078,0.194,0.343,0.412,40.0,1440.0,API 5L X80,22.2,4.0,0.2,0.8,21.4,3.6,Normal,0.1179,11.8,Low,Low Geo-Hazard Stress (Nominal Operational),NOMINAL-00,KP 69.0: Stable terrain conditions (11.8% PoF). Operating within normal design parameters under standard Catholic Protection monitoring.,Maintain standard periodic aerial Right-of-Way surveillance and annual CP survey.
70.0,1,AKK-SEC1,Ajaokuta–Kaduna–Kano (AKK) Gas Pipeline — Kogi Corridor,8.032635,7.068875,140.0,1.6,28.29,8.41,Stable Sandy Loam,0,0.224,0.102,0.085,0.15,0.366,0.412,40.0,1440.0,API 5L X80,22.2,4.0,0.201,0.8,21.4,3.6,Normal,0.1188,11.9,Low,Low Geo-Hazard Stress (Nominal Operational),NOMINAL-00,KP 70.0: Stable terrain conditions (11.9% PoF). Operating within normal design parameters under standard Catholic Protection monitoring.,Maintain standard periodic aerial Right-of-Way surveillance and annual CP survey.
71.0,1,AKK-SEC1,Ajaokuta–Kaduna–Kano (AKK) Gas Pipeline — Kogi Corridor,8.039255,7.075023,182.0,5.88,29.29,7.26,Stable Sandy Loam,0,0.186,0.132,0.14,0.34,0.294,0.412,40.0,1440.0,API 5L X80,22.2,4.0,0.182,0.73,21.47,3.3,Normal,0.144,14.4,Low,Low Geo-Hazard Stress (Nominal Operational),NOMINAL-00,KP 71.0: Stable terrain conditions (14.4% PoF). Operating within normal design parameters under standard Catholic Protection monitoring.,Maintain standard periodic aerial Right-of-Way surveillance and annual CP survey.
72.0,1,AKK-SEC1,Ajaokuta–Kaduna–Kano (AKK) Gas Pipeline — Kogi Corridor,8.045875,7.08117,243.0,1.78,30.29,6.44,Expansive Shale & Rocky Outcrop,2,0.085,0.129,0.105,0.222,0.589,0.412,40.0,1440.0,API 5L X80,22.2,4.0,0.297,1.19,21.01,5.4,Normal,0.1304,13.0,Low,Corrosive Soil & Anoxic Groundwater Degradation,ERR-GEO-CORR-04,KP 72.0: High external corrosion hazard (13.0%) resulting from saturated groundwater (Corrosivity Index 0.589) and anaerobic clay soil. Coating breakdown risk is high.,"Upgrade Impressed Current Cathodic Protection (ICCP), apply 3LPE coating repair, and conduct smart-pig inline inspection."
73.0,1,AKK-SEC1,Ajaokuta–Kaduna–Kano (AKK) Gas Pipeline — Kogi Corridor,8.052496,7.087317,213.0,3.03,31.29,5.59,Expansive Shale & Rocky Outcrop,2,0.113,0.147,0.152,0.262,0.641,0.412,40.0,1440.0,API 5L X80,22.2,4.0,0.298,1.19,21.01,5.4,Normal,0.1532,15.3,Low,Corrosive Soil & Anoxic Groundwater Degradation,ERR-GEO-CORR-04,KP 73.0: High external corrosion hazard (15.3%) resulting from saturated groundwater (Corrosivity Index 0.641) and anaerobic clay soil. Coating breakdown risk is high.,"Upgrade Impressed Current Cathodic Protection (ICCP), apply 3LPE coating repair, and conduct smart-pig inline inspection."
74.0,1,AKK-SEC1,Ajaokuta–Kaduna–Kano (AKK) Gas Pipeline — Kogi Corridor,8.059116,7.093465,190.0,2.46,32.29,4.79,Stable Sandy Loam,0,0.179,0.223,0.122,0.226,0.28,0.412,40.0,1440.0,API 5L X80,22.2,4.0,0.15,0.6,21.6,2.7,Normal,0.1338,13.4,Low,Low Geo-Hazard Stress (Nominal Operational),NOMINAL-00,KP 74.0: Stable terrain conditions (13.4% PoF). Operating within normal design parameters under standard Catholic Protection monitoring.,Maintain standard periodic aerial Right-of-Way surveillance and annual CP survey.
75.0,1,AKK-SEC1,Ajaokuta–Kaduna–Kano (AKK) Gas Pipeline — Kogi Corridor,8.065736,7.099612,170.0,0.8,33.29,3.98,Stable Sandy Loam,0,0.179,0.22,0.1,0.141,0.314,0.412,40.0,1440.0,API 5L X80,22.2,4.0,0.179,0.72,21.48,3.2,Normal,0.1212,12.1,Low,Low Geo-Hazard Stress (Nominal Operational),NOMINAL-00,KP 75.0: Stable terrain conditions (12.1% PoF). Operating within normal design parameters under standard Catholic Protection monitoring.,Maintain standard periodic aerial Right-of-Way surveillance and annual CP survey.
76.0,1,AKK-SEC1,Ajaokuta–Kaduna–Kano (AKK) Gas Pipeline — Kogi Corridor,8.072357,7.10576,176.0,0.86,34.29,2.85,Stable Sandy Loam,0,0.168,0.265,0.05,0.147,0.304,0.412,40.0,1440.0,API 5L X80,22.2,4.0,0.181,0.72,21.48,3.2,Normal,0.1205,12.0,Low,Low Geo-Hazard Stress (Nominal Operational),NOMINAL-00,KP 76.0: Stable terrain conditions (12.0% PoF). Operating within normal design parameters under standard Catholic Protection monitoring.,Maintain standard periodic aerial Right-of-Way surveillance and annual CP survey.
77.0,1,AKK-SEC1,Ajaokuta–Kaduna–Kano (AKK) Gas Pipeline — Kogi Corridor,8.078977,7.111907,155.0,0.8,35.29,2.83,Stable Sandy Loam,0,0.194,0.321,0.057,0.138,0.34,0.412,40.0,1440.0,API 5L X80,22.2,4.0,0.204,0.82,21.38,3.7,Normal,0.1351,13.5,Low,Low Geo-Hazard Stress (Nominal Operational),NOMINAL-00,KP 77.0: Stable terrain conditions (13.5% PoF). Operating within normal design parameters under standard Catholic Protection monitoring.,Maintain standard periodic aerial Right-of-Way surveillance and annual CP survey.
78.0,1,AKK-SEC1,Ajaokuta–Kaduna–Kano (AKK) Gas Pipeline — Kogi Corridor,8.085597,7.118055,162.0,2.0,36.29,2.39,Stable Sandy Loam,0,0.205,0.305,0.128,0.178,0.327,0.412,40.0,1440.0,API 5L X80,22.2,4.0,0.2,0.8,21.4,3.6,Normal,0.1466,14.7,Low,Low Geo-Hazard Stress (Nominal Operational),NOMINAL-00,KP 78.0: Stable terrain conditions (14.7% PoF). Operating within normal design parameters under standard Catholic Protection monitoring.,Maintain standard periodic aerial Right-of-Way surveillance and annual CP survey.
79.0,1,AKK-SEC1,Ajaokuta–Kaduna–Kano (AKK) Gas Pipeline — Kogi Corridor,8.092218,7.124202,190.0,1.03,37.29,2.82,Stable Sandy Loam,0,0.178,0.268,0.075,0.196,0.279,0.412,40.0,1440.0,API 5L X80,22.2,4.0,0.167,0.67,21.53,3.0,Normal,0.1304,13.0,Low,Low Geo-Hazard Stress (Nominal Operational),NOMINAL-00,KP 79.0: Stable terrain conditions (13.0% PoF). Operating within normal design parameters under standard Catholic Protection monitoring.,Maintain standard periodic aerial Right-of-Way surveillance and annual CP survey.
80.0,1,AKK-SEC1,Ajaokuta–Kaduna–Kano (AKK) Gas Pipeline — Kogi Corridor,8.098838,7.130349,180.0,2.75,38.29,3.42,Stable Sandy Loam,0,0.173,0.25,0.115,0.239,0.296,0.412,40.0,1440.0,API 5L X80,22.2,4.0,0.189,0.76,21.44,3.4,Normal,0.1391,13.9,Low,Low Geo-Hazard Stress (Nominal Operational),NOMINAL-00,KP 80.0: Stable terrain conditions (13.9% PoF). Operating within normal design parameters under standard Catholic Protection monitoring.,Maintain standard periodic aerial Right-of-Way surveillance and annual CP survey.
81.0,1,AKK-SEC1,Ajaokuta–Kaduna–Kano (AKK) Gas Pipeline — Kogi Corridor,8.105458,7.136497,142.0,1.55,39.29,3.79,Stable Sandy Loam,0,0.19,0.26,0.112,0.165,0.361,0.412,40.0,1440.0,API 5L X80,22.2,4.0,0.202,0.81,21.39,3.6,Normal,0.1376,13.8,Low,Low Geo-Hazard Stress (Nominal Operational),NOMINAL-00,KP 81.0: Stable terrain conditions (13.8% PoF). Operating within normal design parameters under standard Catholic Protection monitoring.,Maintain standard periodic aerial Right-of-Way surveillance and annual CP survey.
82.0,1,AKK-SEC1,Ajaokuta–Kaduna–Kano (AKK) Gas Pipeline — Kogi Corridor,8.112078,7.142644,153.0,0.52,40.29,4.75,Stable Sandy Loam,0,0.174,0.193,0.05,0.138,0.342,0.412,40.0,1440.0,API 5L X80,22.2,4.0,0.173,0.69,21.51,3.1,Normal,0.1143,11.4,Low,Low Geo-Hazard Stress (Nominal Operational),NOMINAL-00,KP 82.0: Stable terrain conditions (11.4% PoF). Operating within normal design parameters under standard Catholic Protection monitoring.,Maintain standard periodic aerial Right-of-Way surveillance and annual CP survey.
83.0,1,AKK-SEC1,Ajaokuta–Kaduna–Kano (AKK) Gas Pipeline — Kogi Corridor,8.118699,7.148792,151.0,0.06,41.29,6.04,Stable Sandy Loam,0,0.215,0.174,0.054,0.109,0.346,0.412,40.0,1440.0,API 5L X80,22.2,4.0,0.204,0.82,21.38,3.7,Normal,0.1155,11.6,Low,Low Geo-Hazard Stress (Nominal Operational),NOMINAL-00,KP 83.0: Stable terrain conditions (11.6% PoF). Operating within normal design parameters under standard Catholic Protection monitoring.,Maintain standard periodic aerial Right-of-Way surveillance and annual CP survey.
84.0,1,AKK-SEC1,Ajaokuta–Kaduna–Kano (AKK) Gas Pipeline — Kogi Corridor,8.126572,7.153033,154.0,0.69,42.25,6.65,Stable Sandy Loam,0,0.171,0.175,0.089,0.16,0.34,0.412,40.0,1440.0,API 5L X80,22.2,4.0,0.198,0.79,21.41,3.6,Normal,0.1182,11.8,Low,Low Geo-Hazard Stress (Nominal Operational),NOMINAL-00,KP 84.0: Stable terrain conditions (11.8% PoF). Operating within normal design parameters under standard Catholic Protection monitoring.,Maintain standard periodic aerial Right-of-Way surveillance and annual CP survey.
85.0,1,AKK-SEC1,Ajaokuta–Kaduna–Kano (AKK) Gas Pipeline — Kogi Corridor,8.134752,7.156809,163.0,1.6,43.19,7.42,Stable Sandy Loam,0,0.174,0.165,0.11,0.164,0.325,0.412,40.0,1440.0,API 5L X80,22.2,4.0,0.165,0.66,21.54,3.0,Normal,0.1186,11.9,Low,Low Geo-Hazard Stress (Nominal Operational),NOMINAL-00,KP 85.0: Stable terrain conditions (11.9% PoF). Operating within normal design parameters under standard Catholic Protection monitoring.,Maintain standard periodic aerial Right-of-Way surveillance and annual CP survey.
86.0,1,AKK-SEC1,Ajaokuta–Kaduna–Kano (AKK) Gas Pipeline — Kogi Corridor,8.142932,7.160584,182.0,2.92,44.14,8.13,Stable Sandy Loam,0,0.174,0.159,0.079,0.247,0.292,0.412,40.0,1440.0,API 5L X80,22.2,4.0,0.166,0.66,21.54,3.0,Normal,0.125,12.5,Low,Low Geo-Hazard Stress (Nominal Operational),NOMINAL-00,KP 86.0: Stable terrain conditions (12.5% PoF). Operating within normal design parameters under standard Catholic Protection monitoring.,Maintain standard periodic aerial Right-of-Way surveillance and annual CP survey.
87.0,1,AKK-SEC1,Ajaokuta–Kaduna–Kano (AKK) Gas Pipeline — Kogi Corridor,8.151112,7.16436,214.0,2.69,45.1,9.36,Expansive Shale & Rocky Outcrop,2,0.144,0.137,0.1,0.251,0.637,0.412,40.0,1440.0,API 5L X80,22.2,4.0,0.293,1.17,21.03,5.3,Normal,0.1507,15.1,Low,Corrosive Soil & Anoxic Groundwater Degradation,ERR-GEO-CORR-04,KP 87.0: High external corrosion hazard (15.1%) resulting from saturated groundwater (Corrosivity Index 0.637) and anaerobic clay soil. Coating breakdown risk is high.,"Upgrade Impressed Current Cathodic Protection (ICCP), apply 3LPE coating repair, and conduct smart-pig inline inspection."
88.0,1,AKK-SEC1,Ajaokuta–Kaduna–Kano (AKK) Gas Pipeline — Kogi Corridor,8.159292,7.168135,229.0,1.09,46.05,9.72,Expansive Shale & Rocky Outcrop,2,0.129,0.133,0.11,0.224,0.611,0.412,40.0,1440.0,API 5L X80,22.2,4.0,0.294,1.18,21.02,5.3,Normal,0.1418,14.2,Low,Corrosive Soil & Anoxic Groundwater Degradation,ERR-GEO-CORR-04,KP 88.0: High external corrosion hazard (14.2%) resulting from saturated groundwater (Corrosivity Index 0.611) and anaerobic clay soil. Coating breakdown risk is high.,"Upgrade Impressed Current Cathodic Protection (ICCP), apply 3LPE coating repair, and conduct smart-pig inline inspection."
89.0,1,AKK-SEC1,Ajaokuta–Kaduna–Kano (AKK) Gas Pipeline — Kogi Corridor,8.167472,7.17191,233.0,0.57,47.01,11.07,Expansive Shale & Rocky Outcrop,2,0.129,0.125,0.05,0.185,0.605,0.412,40.0,1440.0,API 5L X80,22.2,4.0,0.275,1.1,21.1,5.0,Normal,0.1286,12.9,Low,Corrosive Soil & Anoxic Groundwater Degradation,ERR-GEO-CORR-04,KP 89.0: High external corrosion hazard (12.9%) resulting from saturated groundwater (Corrosivity Index 0.605) and anaerobic clay soil. Coating breakdown risk is high.,"Upgrade Impressed Current Cathodic Protection (ICCP), apply 3LPE coating repair, and conduct smart-pig inline inspection."
90.0,1,AKK-SEC1,Ajaokuta–Kaduna–Kano (AKK) Gas Pipeline — Kogi Corridor,8.175652,7.175686,219.0,1.72,47.97,12.11,Expansive Shale & Rocky Outcrop,2,0.126,0.082,0.096,0.226,0.628,0.412,40.0,1440.0,API 5L X80,22.2,4.0,0.293,1.17,21.03,5.3,Normal,0.1351,13.5,Low,Corrosive Soil & Anoxic Groundwater Degradation,ERR-GEO-CORR-04,KP 90.0: High external corrosion hazard (13.5%) resulting from saturated groundwater (Corrosivity Index 0.628) and anaerobic clay soil. Coating breakdown risk is high.,"Upgrade Impressed Current Cathodic Protection (ICCP), apply 3LPE coating repair, and conduct smart-pig inline inspection."
91.0,1,AKK-SEC1,Ajaokuta–Kaduna–Kano (AKK) Gas Pipeline — Kogi Corridor,8.183832,7.179461,203.0,1.72,48.93,12.55,Expansive Shale & Rocky Outcrop,2,0.145,0.097,0.104,0.212,0.656,0.412,40.0,1440.0,API 5L X80,22.2,4.0,0.323,1.29,20.91,5.8,Normal,0.1417,14.2,Low,Corrosive Soil & Anoxic Groundwater Degradation,ERR-GEO-CORR-04,KP 91.0: High external corrosion hazard (14.2%) resulting from saturated groundwater (Corrosivity Index 0.656) and anaerobic clay soil. Coating breakdown risk is high.,"Upgrade Impressed Current Cathodic Protection (ICCP), apply 3LPE coating repair, and conduct smart-pig inline inspection."
92.0,1,AKK-SEC1,Ajaokuta–Kaduna–Kano (AKK) Gas Pipeline — Kogi Corridor,8.192013,7.183237,189.0,2.23,49.89,13.77,Stable Sandy Loam,0,0.153,0.113,0.085,0.207,0.28,0.412,40.0,1440.0,API 5L X80,22.2,4.0,0.148,0.59,21.61,2.7,Normal,0.1084,10.8,Low,Low Geo-Hazard Stress (Nominal Operational),NOMINAL-00,KP 92.0: Stable terrain conditions (10.8% PoF). Operating within normal design parameters under standard Catholic Protection monitoring.,Maintain standard periodic aerial Right-of-Way surveillance and annual CP survey.
93.0,1,AKK-SEC1,Ajaokuta–Kaduna–Kano (AKK) Gas Pipeline — Kogi Corridor,8.200193,7.187012,164.0,1.72,50.85,14.84,Stable Sandy Loam,0,0.181,0.098,0.059,0.172,0.322,0.412,40.0,1440.0,API 5L X80,22.2,4.0,0.163,0.65,21.55,2.9,Normal,0.1075,10.8,Low,Low Geo-Hazard Stress (Nominal Operational),NOMINAL-00,KP 93.0: Stable terrain conditions (10.8% PoF). Operating within normal design parameters under standard Catholic Protection monitoring.,Maintain standard periodic aerial Right-of-Way surveillance and annual CP survey.
94.0,1,AKK-SEC1,Ajaokuta–Kaduna–Kano (AKK) Gas Pipeline — Kogi Corridor,8.208373,7.190787,159.0,0.69,51.81,15.57,Stable Sandy Loam,0,0.184,0.077,0.056,0.161,0.331,0.412,40.0,1440.0,API 5L X80,22.2,4.0,0.18,0.72,21.48,3.2,Normal,0.1041,10.4,Low,Low Geo-Hazard Stress (Nominal Operational),NOMINAL-00,KP 94.0: Stable terrain conditions (10.4% PoF). Operating within normal design parameters under standard Catholic Protection monitoring.,Maintain standard periodic aerial Right-of-Way surveillance and annual CP survey.
95.0,1,AKK-SEC1,Ajaokuta–Kaduna–Kano (AKK) Gas Pipeline — Kogi Corridor,8.216553,7.194563,176.0,1.03,52.78,16.63,Stable Sandy Loam,0,0.176,0.074,0.078,0.183,0.302,0.412,40.0,1440.0,API 5L X80,22.2,4.0,0.193,0.77,21.43,3.5,Normal,0.1051,10.5,Low,Low Geo-Hazard Stress (Nominal Operational),NOMINAL-00,KP 95.0: Stable terrain conditions (10.5% PoF). Operating within normal design parameters under standard Catholic Protection monitoring.,Maintain standard periodic aerial Right-of-Way surveillance and annual CP survey.
96.0,1,AKK-SEC1,Ajaokuta–Kaduna–Kano (AKK) Gas Pipeline — Kogi Corridor,8.224733,7.198338,177.0,0.46,53.75,17.38,Stable Sandy Loam,0,0.182,0.077,0.05,0.146,0.3,0.412,40.0,1440.0,API 5L X80,22.2,4.0,0.193,0.77,21.43,3.5,Normal,0.0981,9.8,Low,Low Geo-Hazard Stress (Nominal Operational),NOMINAL-00,KP 96.0: Stable terrain conditions (9.8% PoF). Operating within normal design parameters under standard Catholic Protection monitoring.,Maintain standard periodic aerial Right-of-Way surveillance and annual CP survey.
97.0,1,AKK-SEC1,Ajaokuta–Kaduna–Kano (AKK) Gas Pipeline — Kogi Corridor,8.232913,7.202114,168.0,0.8,54.72,18.56,Stable Sandy Loam,0,0.161,0.083,0.05,0.138,0.315,0.412,40.0,1440.0,API 5L X80,22.2,4.0,0.165,0.66,21.54,3.0,Normal,0.0951,9.5,Low,Low Geo-Hazard Stress (Nominal Operational),NOMINAL-00,KP 97.0: Stable terrain conditions (9.5% PoF). Operating within normal design parameters under standard Catholic Protection monitoring.,Maintain standard periodic aerial Right-of-Way surveillance and annual CP survey.
98.0,1,AKK-SEC1,Ajaokuta–Kaduna–Kano (AKK) Gas Pipeline — Kogi Corridor,8.241093,7.205889,163.0,1.2,55.68,19.32,Stable Sandy Loam,0,0.157,0.051,0.082,0.154,0.324,0.412,40.0,1440.0,API 5L X80,22.2,4.0,0.177,0.71,21.49,3.2,Normal,0.0965,9.7,Low,Low Geo-Hazard Stress (Nominal Operational),NOMINAL-00,KP 98.0: Stable terrain conditions (9.7% PoF). Operating within normal design parameters under standard Catholic Protection monitoring.,Maintain standard periodic aerial Right-of-Way surveillance and annual CP survey.
99.0,1,AKK-SEC1,Ajaokuta–Kaduna–Kano (AKK) Gas Pipeline — Kogi Corridor,8.249273,7.209664,189.0,3.84,56.65,20.76,Stable Sandy Loam,0,0.147,0.08,0.098,0.27,0.279,0.412,40.0,1440.0,API 5L X80,22.2,4.0,0.148,0.59,21.61,2.7,Normal,0.1139,11.4,Low,Low Geo-Hazard Stress (Nominal Operational),NOMINAL-00,KP 99.0: Stable terrain conditions (11.4% PoF). Operating within normal design parameters under standard Catholic Protection monitoring.,Maintain standard periodic aerial Right-of-Way surveillance and annual CP survey.
100.0,1,AKK-SEC1,Ajaokuta–Kaduna–Kano (AKK) Gas Pipeline — Kogi Corridor,8.257923,7.212113,230.0,4.35,57.58,21.26,Expansive Shale & Rocky Outcrop,2,0.096,0.05,0.101,0.312,0.609,0.412,40.0,1440.0,API 5L X80,22.2,4.0,0.29,1.16,21.04,5.2,Normal,0.1377,13.8,Low,Corrosive Soil & Anoxic Groundwater Degradation,ERR-GEO-CORR-04,KP 100.0: High external corrosion hazard (13.8%) resulting from saturated groundwater (Corrosivity Index 0.609) and anaerobic clay soil. Coating breakdown risk is high.,"Upgrade Impressed Current Cathodic Protection (ICCP), apply 3LPE coating repair, and conduct smart-pig inline inspection."
101.0,1,AKK-SEC1,Ajaokuta–Kaduna–Kano (AKK) Gas Pipeline — Kogi Corridor,8.266618,7.214432,265.0,0.23,58.5,22.23,Expansive Shale & Rocky Outcrop,2,0.065,0.068,0.067,0.176,0.549,0.412,40.0,1440.0,API 5L X80,22.2,4.0,0.281,1.12,21.08,5.0,Normal,0.1045,10.4,Low,Corrosive Soil & Anoxic Groundwater Degradation,ERR-GEO-CORR-04,KP 101.0: High external corrosion hazard (10.4%) resulting from saturated groundwater (Corrosivity Index 0.549) and anaerobic clay soil. Coating breakdown risk is high.,"Upgrade Impressed Current Cathodic Protection (ICCP), apply 3LPE coating repair, and conduct smart-pig inline inspection."
102.0,1,AKK-SEC1,Ajaokuta–Kaduna–Kano (AKK) Gas Pipeline — Kogi Corridor,8.275314,7.21675,234.0,3.32,59.42,23.42,Expansive Shale & Rocky Outcrop,2,0.082,0.088,0.147,0.273,0.602,0.412,40.0,1440.0,API 5L X80,22.2,4.0,0.28,1.12,21.08,5.0,Normal,0.1375,13.8,Low,Corrosive Soil & Anoxic Groundwater Degradation,ERR-GEO-CORR-04,KP 102.0: High external corrosion hazard (13.8%) resulting from saturated groundwater (Corrosivity Index 0.602) and anaerobic clay soil. Coating breakdown risk is high.,"Upgrade Impressed Current Cathodic Protection (ICCP), apply 3LPE coating repair, and conduct smart-pig inline inspection."
103.0,1,AKK-SEC1,Ajaokuta–Kaduna–Kano (AKK) Gas Pipeline — Kogi Corridor,8.284009,7.219069,207.0,1.89,60.34,24.48,Expansive Shale & Rocky Outcrop,2,0.142,0.045,0.061,0.215,0.648,0.412,40.0,1440.0,API 5L X80,22.2,4.0,0.306,1.22,20.98,5.5,Normal,0.1301,13.0,Low,Corrosive Soil & Anoxic Groundwater Degradation,ERR-GEO-CORR-04,KP 103.0: High external corrosion hazard (13.0%) resulting from saturated groundwater (Corrosivity Index 0.648) and anaerobic clay soil. Coating breakdown risk is high.,"Upgrade Impressed Current Cathodic Protection (ICCP), apply 3LPE coating repair, and conduct smart-pig inline inspection."
104.0,1,AKK-SEC1,Ajaokuta–Kaduna–Kano (AKK) Gas Pipeline — Kogi Corridor,8.292705,7.221388,201.0,2.4,61.27,25.32,Expansive Shale & Rocky Outcrop,2,0.129,0.061,0.114,0.217,0.659,0.412,40.0,1440.0,API 5L X80,22.2,4.0,0.301,1.2,21.0,5.4,Normal,0.136,13.6,Low,Corrosive Soil & Anoxic Groundwater Degradation,ERR-GEO-CORR-04,KP 104.0: High external corrosion hazard (13.6%) resulting from saturated groundwater (Corrosivity Index 0.659) and anaerobic clay soil. Coating breakdown risk is high.,"Upgrade Impressed Current Cathodic Protection (ICCP), apply 3LPE coating repair, and conduct smart-pig inline inspection."
105.0,1,AKK-SEC1,Ajaokuta–Kaduna–Kano (AKK) Gas Pipeline — Kogi Corridor,8.301401,7.223707,165.0,0.29,62.2,26.34,Stable Sandy Loam,0,0.191,0.062,0.055,0.118,0.32,0.412,40.0,1440.0,API 5L X80,22.2,4.0,0.179,0.72,21.48,3.2,Normal,0.0956,9.6,Low,Low Geo-Hazard Stress (Nominal Operational),NOMINAL-00,KP 105.0: Stable terrain conditions (9.6% PoF). Operating within normal design parameters under standard Catholic Protection monitoring.,Maintain standard periodic aerial Right-of-Way surveillance and annual CP survey.
106.0,1,AKK-SEC1,Ajaokuta–Kaduna–Kano (AKK) Gas Pipeline — Kogi Corridor,8.310096,7.226026,206.0,1.49,63.13,27.19,Expansive Shale & Rocky Outcrop,2,0.117,0.047,0.066,0.185,0.65,0.412,40.0,1440.0,API 5L X80,22.2,4.0,0.3,1.2,21.0,5.4,Normal,0.1218,12.2,Low,Corrosive Soil & Anoxic Groundwater Degradation,ERR-GEO-CORR-04,KP 106.0: High external corrosion hazard (12.2%) resulting from saturated groundwater (Corrosivity Index 0.65) and anaerobic clay soil. Coating breakdown risk is high.,"Upgrade Impressed Current Cathodic Protection (ICCP), apply 3LPE coating repair, and conduct smart-pig inline inspection."
107.0,1,AKK-SEC1,Ajaokuta–Kaduna–Kano (AKK) Gas Pipeline — Kogi Corridor,8.318792,7.228345,191.0,0.86,64.07,27.96,Stable Sandy Loam,0,0.136,0.037,0.095,0.175,0.275,0.412,40.0,1440.0,API 5L X80,22.2,4.0,0.172,0.69,21.51,3.1,Normal,0.0908,9.1,Low,Low Geo-Hazard Stress (Nominal Operational),NOMINAL-00,KP 107.0: Stable terrain conditions (9.1% PoF). Operating within normal design parameters under standard Catholic Protection monitoring.,Maintain standard periodic aerial Right-of-Way surveillance and annual CP survey.
108.0,1,AKK-SEC1,Ajaokuta–Kaduna–Kano (AKK) Gas Pipeline — Kogi Corridor,8.327488,7.230663,221.0,0.69,65.0,29.27,Expansive Shale & Rocky Outcrop,2,0.115,0.034,0.063,0.187,0.624,0.412,40.0,1440.0,API 5L X80,22.2,4.0,0.307,1.23,20.97,5.5,Normal,0.1174,11.7,Low,Corrosive Soil & Anoxic Groundwater Degradation,ERR-GEO-CORR-04,KP 108.0: High external corrosion hazard (11.7%) resulting from saturated groundwater (Corrosivity Index 0.624) and anaerobic clay soil. Coating breakdown risk is high.,"Upgrade Impressed Current Cathodic Protection (ICCP), apply 3LPE coating repair, and conduct smart-pig inline inspection."
109.0,1,AKK-SEC1,Ajaokuta–Kaduna–Kano (AKK) Gas Pipeline — Kogi Corridor,8.336183,7.232982,203.0,0.52,65.94,30.02,Expansive Shale & Rocky Outcrop,2,0.114,0.045,0.05,0.172,0.655,0.412,40.0,1440.0,API 5L X80,22.2,4.0,0.312,1.25,20.95,5.6,Normal,0.1179,11.8,Low,Corrosive Soil & Anoxic Groundwater Degradation,ERR-GEO-CORR-04,KP 109.0: High external corrosion hazard (11.8%) resulting from saturated groundwater (Corrosivity Index 0.655) and anaerobic clay soil. Coating breakdown risk is high.,"Upgrade Impressed Current Cathodic Protection (ICCP), apply 3LPE coating repair, and conduct smart-pig inline inspection."
110.0,1,AKK-SEC1,Ajaokuta–Kaduna–Kano (AKK) Gas Pipeline — Kogi Corridor,8.344879,7.235301,212.0,0.69,66.88,30.95,Expansive Shale & Rocky Outcrop,2,0.148,0.063,0.05,0.162,0.639,0.412,40.0,1440.0,API 5L X80,22.2,4.0,0.289,1.16,21.04,5.2,Normal,0.1235,12.3,Low,Corrosive Soil & Anoxic Groundwater Degradation,ERR-GEO-CORR-04,KP 110.0: High external corrosion hazard (12.3%) resulting from saturated groundwater (Corrosivity Index 0.639) and anaerobic clay soil. Coating breakdown risk is high.,"Upgrade Impressed Current Cathodic Protection (ICCP), apply 3LPE coating repair, and conduct smart-pig inline inspection."
111.0,1,AKK-SEC1,Ajaokuta–Kaduna–Kano (AKK) Gas Pipeline — Kogi Corridor,8.353574,7.23762,215.0,0.52,67.82,31.85,Expansive Shale & Rocky Outcrop,2,0.103,0.038,0.05,0.161,0.634,0.412,40.0,1440.0,API 5L X80,22.2,4.0,0.317,1.27,20.93,5.7,Normal,0.1114,11.1,Low,Corrosive Soil & Anoxic Groundwater Degradation,ERR-GEO-CORR-04,KP 111.0: High external corrosion hazard (11.1%) resulting from saturated groundwater (Corrosivity Index 0.634) and anaerobic clay soil. Coating breakdown risk is high.,"Upgrade Impressed Current Cathodic Protection (ICCP), apply 3LPE coating repair, and conduct smart-pig inline inspection."
112.0,1,AKK-SEC1,Ajaokuta–Kaduna–Kano (AKK) Gas Pipeline — Kogi Corridor,8.36227,7.239939,221.0,0.8,68.77,32.73,Expansive Shale & Rocky Outcrop,2,0.115,0.05,0.1,0.173,0.624,0.412,40.0,1440.0,API 5L X80,22.2,4.0,0.293,1.17,21.03,5.3,Normal,0.1207,12.1,Low,Corrosive Soil & Anoxic Groundwater Degradation,ERR-GEO-CORR-04,KP 112.0: High external corrosion hazard (12.1%) resulting from saturated groundwater (Corrosivity Index 0.624) and anaerobic clay soil. Coating breakdown risk is high.,"Upgrade Impressed Current Cathodic Protection (ICCP), apply 3LPE coating repair, and conduct smart-pig inline inspection."
113.0,1,AKK-SEC1,Ajaokuta–Kaduna–Kano (AKK) Gas Pipeline — Kogi Corridor,8.370966,7.242257,201.0,2.06,69.71,34.24,Expansive Shale & Rocky Outcrop,2,0.152,0.074,0.068,0.21,0.658,0.412,40.0,1440.0,API 5L X80,22.2,4.0,0.317,1.27,20.93,5.7,Normal,0.1365,13.7,Low,Corrosive Soil & Anoxic Groundwater Degradation,ERR-GEO-CORR-04,KP 113.0: High external corrosion hazard (13.7%) resulting from saturated groundwater (Corrosivity Index 0.658) and anaerobic clay soil. Coating breakdown risk is high.,"Upgrade Impressed Current Cathodic Protection (ICCP), apply 3LPE coating repair, and conduct smart-pig inline inspection."
114.0,1,AKK-SEC1,Ajaokuta–Kaduna–Kano (AKK) Gas Pipeline — Kogi Corridor,8.379661,7.244576,185.0,1.55,70.66,35.19,Stable Sandy Loam,0,0.153,0.058,0.059,0.205,0.286,0.412,40.0,1440.0,API 5L X80,22.2,4.0,0.156,0.62,21.58,2.8,Normal,0.0991,9.9,Low,Low Geo-Hazard Stress (Nominal Operational),NOMINAL-00,KP 114.0: Stable terrain conditions (9.9% PoF). Operating within normal design parameters under standard Catholic Protection monitoring.,Maintain standard periodic aerial Right-of-Way surveillance and annual CP survey.
115.0,1,AKK-SEC1,Ajaokuta–Kaduna–Kano (AKK) Gas Pipeline — Kogi Corridor,8.388357,7.246895,174.0,1.37,71.6,35.8,Stable Sandy Loam,0,0.157,0.054,0.052,0.165,0.304,0.412,40.0,1440.0,API 5L X80,22.2,4.0,0.18,0.72,21.48,3.2,Normal,0.094,9.4,Low,Low Geo-Hazard Stress (Nominal Operational),NOMINAL-00,KP 115.0: Stable terrain conditions (9.4% PoF). Operating within normal design parameters under standard Catholic Protection monitoring.,Maintain standard periodic aerial Right-of-Way surveillance and annual CP survey.
116.0,1,AKK-SEC1,Ajaokuta–Kaduna–Kano (AKK) Gas Pipeline — Kogi Corridor,8.397052,7.249214,161.0,2.53,72.55,36.76,Stable Sandy Loam,0,0.178,0.032,0.095,0.217,0.326,0.412,40.0,1440.0,API 5L X80,22.2,4.0,0.166,0.66,21.54,3.0,Normal,0.109,10.9,Low,Low Geo-Hazard Stress (Nominal Operational),NOMINAL-00,KP 116.0: Stable terrain conditions (10.9% PoF). Operating within normal design parameters under standard Catholic Protection monitoring.,Maintain standard periodic aerial Right-of-Way surveillance and annual CP survey.
116.3,1,AKK-SEC1,Ajaokuta–Kaduna–Kano (AKK) Gas Pipeline — Kogi Corridor,8.4,7.25,159.0,1.15,72.87,37.12,Stable Sandy Loam,0,0.157,0.03,0.108,0.155,0.33,0.412,40.0,1440.0,API 5L X80,22.2,4.0,0.198,0.79,21.41,3.6,Normal,0.0968,9.7,Low,Low Geo-Hazard Stress (Nominal Operational),NOMINAL-00,KP 116.3: Stable terrain conditions (9.7% PoF). Operating within normal design parameters under standard Catholic Protection monitoring.,Maintain standard periodic aerial Right-of-Way surveillance and annual CP survey.
0.0,2,GER-FEED,Geregu Power Plant Gas Supply Pipeline,7.5564,6.6552,70.0,1.6,0.05,11.37,Saturated Alluvial Silty Clay,2,0.98,0.118,0.55,0.123,0.97,0.328,24.0,1000.0,API 5L X65,14.3,12.0,0.425,5.1,9.2,35.7,Critical,0.341,34.1,Medium,Hydrodynamic River Scour & Flood Inundation,ERR-GEO-HYDRO-01,"KP 0.0: High failure probability (34.1%) driven by severe River Niger flood inundation (Flood Index 0.98, 0.05 km proximity). Current scour threatens to un-seat buried pipe.",Perform Horizontal Directional Drilling (HDD) deep riverbed re-burial & install concrete articulated weighting mats.
1.0,2,GER-FEED,Geregu Power Plant Gas Supply Pipeline,7.547433,6.65589,98.0,1.72,1.0,12.31,Saturated Alluvial Silty Clay,2,0.787,0.117,0.334,0.131,0.952,0.328,24.0,1000.0,API 5L X65,14.3,12.0,0.431,5.17,9.13,36.2,Critical,0.2873,28.7,Medium,Corrosive Soil & Anoxic Groundwater Degradation,ERR-GEO-CORR-04,KP 1.0: High external corrosion hazard (28.7%) resulting from saturated groundwater (Corrosivity Index 0.952) and anaerobic clay soil. Coating breakdown risk is high.,"Upgrade Impressed Current Cathodic Protection (ICCP), apply 3LPE coating repair, and conduct smart-pig inline inspection."
2.0,2,GER-FEED,Geregu Power Plant Gas Supply Pipeline,7.538466,6.65658,100.0,1.66,2.0,13.56,Stable Sandy Loam,0,0.513,0.065,0.235,0.148,0.5,0.328,24.0,1000.0,API 5L X65,14.3,12.0,0.264,3.17,11.13,22.2,Moderate,0.1862,18.6,Low,Hydrodynamic River Scour & Flood Inundation,ERR-GEO-HYDRO-01,"KP 2.0: High failure probability (18.6%) driven by severe River Niger flood inundation (Flood Index 0.513, 2.0 km proximity). Current scour threatens to un-seat buried pipe.",Perform Horizontal Directional Drilling (HDD) deep riverbed re-burial & install concrete articulated weighting mats.
3.0,2,GER-FEED,Geregu Power Plant Gas Supply Pipeline,7.529498,6.657269,69.0,1.43,3.0,13.99,Corrosive Lowland Clay,1,0.483,0.071,0.147,0.103,0.733,0.328,24.0,1000.0,API 5L X65,14.3,12.0,0.351,4.21,10.09,29.4,Moderate,0.1877,18.8,Low,Corrosive Soil & Anoxic Groundwater Degradation,ERR-GEO-CORR-04,KP 3.0: High external corrosion hazard (18.8%) resulting from saturated groundwater (Corrosivity Index 0.733) and anaerobic clay soil. Coating breakdown risk is high.,"Upgrade Impressed Current Cathodic Protection (ICCP), apply 3LPE coating repair, and conduct smart-pig inline inspection."
4.0,2,GER-FEED,Geregu Power Plant Gas Supply Pipeline,7.520531,6.657959,75.0,2.41,4.0,15.22,Corrosive Lowland Clay,1,0.414,0.076,0.202,0.153,0.711,0.328,24.0,1000.0,API 5L X65,14.3,12.0,0.343,4.12,10.18,28.8,Moderate,0.1866,18.7,Low,Corrosive Soil & Anoxic Groundwater Degradation,ERR-GEO-CORR-04,KP 4.0: High external corrosion hazard (18.7%) resulting from saturated groundwater (Corrosivity Index 0.711) and anaerobic clay soil. Coating breakdown risk is high.,"Upgrade Impressed Current Cathodic Protection (ICCP), apply 3LPE coating repair, and conduct smart-pig inline inspection."
5.0,2,GER-FEED,Geregu Power Plant Gas Supply Pipeline,7.511546,6.658338,111.0,4.12,4.45,16.03,Stable Sandy Loam,0,0.355,0.079,0.183,0.254,0.446,0.328,24.0,1000.0,API 5L X65,14.3,12.0,0.23,2.76,11.54,19.3,Moderate,0.1668,16.7,Low,Low Geo-Hazard Stress (Nominal Operational),NOMINAL-00,KP 5.0: Stable terrain conditions (16.7% PoF). Operating within normal design parameters under standard Catholic Protection monitoring.,Maintain standard periodic aerial Right-of-Way surveillance and annual CP survey.
6.0,2,GER-FEED,Geregu Power Plant Gas Supply Pipeline,7.50256,6.658698,147.0,2.12,3.45,16.85,Stable Sandy Loam,0,0.385,0.072,0.18,0.208,0.394,0.328,24.0,1000.0,API 5L X65,14.3,12.0,0.215,2.58,11.72,18.0,Moderate,0.1594,15.9,Low,Low Geo-Hazard Stress (Nominal Operational),NOMINAL-00,KP 6.0: Stable terrain conditions (15.9% PoF). Operating within normal design parameters under standard Catholic Protection monitoring.,Maintain standard periodic aerial Right-of-Way surveillance and annual CP survey.
7.0,2,GER-FEED,Geregu Power Plant Gas Supply Pipeline,7.493575,6.659079,148.0,2.4,2.45,17.74,Stable Sandy Loam,0,0.454,0.085,0.198,0.188,0.407,0.328,24.0,1000.0,API 5L X65,14.3,12.0,0.226,2.71,11.59,19.0,Moderate,0.1729,17.3,Low,Hydrodynamic River Scour & Flood Inundation,ERR-GEO-HYDRO-01,"KP 7.0: High failure probability (17.3%) driven by severe River Niger flood inundation (Flood Index 0.454, 2.45 km proximity). Current scour threatens to un-seat buried pipe.",Perform Horizontal Directional Drilling (HDD) deep riverbed re-burial & install concrete articulated weighting mats.
8.0,2,GER-FEED,Geregu Power Plant Gas Supply Pipeline,7.484595,6.659578,105.0,2.92,1.45,19.0,Saturated Alluvial Silty Clay,2,0.622,0.097,0.299,0.181,0.912,0.328,24.0,1000.0,API 5L X65,14.3,12.0,0.399,4.79,9.51,33.5,Moderate,0.2566,25.7,Medium,Corrosive Soil & Anoxic Groundwater Degradation,ERR-GEO-CORR-04,KP 8.0: High external corrosion hazard (25.7%) resulting from saturated groundwater (Corrosivity Index 0.912) and anaerobic clay soil. Coating breakdown risk is high.,"Upgrade Impressed Current Cathodic Protection (ICCP), apply 3LPE coating repair, and conduct smart-pig inline inspection."
9.0,2,GER-FEED,Geregu Power Plant Gas Supply Pipeline,7.475616,6.660077,97.0,0.13,0.45,19.4,Saturated Alluvial Silty Clay,2,0.98,0.045,0.368,0.096,0.97,0.328,24.0,1000.0,API 5L X65,14.3,12.0,0.444,5.33,8.97,37.3,Critical,0.3117,31.2,Medium,Hydrodynamic River Scour & Flood Inundation,ERR-GEO-HYDRO-01,"KP 9.0: High failure probability (31.2%) driven by severe River Niger flood inundation (Flood Index 0.98, 0.45 km proximity). Current scour threatens to un-seat buried pipe.",Perform Horizontal Directional Drilling (HDD) deep riverbed re-burial & install concrete articulated weighting mats.
9.4,2,GER-FEED,Geregu Power Plant Gas Supply Pipeline,7.4716,6.6603,104.0,4.0,0.05,19.29,Saturated Alluvial Silty Clay,2,0.98,0.05,0.618,0.22,0.97,0.328,24.0,1000.0,API 5L X65,14.3,12.0,0.424,5.09,9.21,35.6,Critical,0.3532,35.3,Medium,Hydrodynamic River Scour & Flood Inundation,ERR-GEO-HYDRO-01,"KP 9.4: High failure probability (35.3%) driven by severe River Niger flood inundation (Flood Index 0.98, 0.05 km proximity). Current scour threatens to un-seat buried pipe.",Perform Horizontal Directional Drilling (HDD) deep riverbed re-burial & install concrete articulated weighting mats.
0.0,3,OBJ-LINE,Ajaokuta–Obajana Gas Pipeline,7.5564,6.6552,70.0,1.32,0.05,11.7,Saturated Alluvial Silty Clay,2,0.98,0.084,0.555,0.122,0.97,0.314,18.0,850.0,API 5L X52,11.9,10.0,0.434,4.34,7.56,36.5,Critical,0.3352,33.5,Medium,Hydrodynamic River Scour & Flood Inundation,ERR-GEO-HYDRO-01,"KP 0.0: High failure probability (33.5%) driven by severe River Niger flood inundation (Flood Index 0.98, 0.05 km proximity). Current scour threatens to un-seat buried pipe.",Perform Horizontal Directional Drilling (HDD) deep riverbed re-burial & install concrete articulated weighting mats.
1.0,3,OBJ-LINE,Ajaokuta–Obajana Gas Pipeline,7.553436,6.646635,93.0,3.32,1.0,12.36,Saturated Alluvial Silty Clay,2,0.773,0.082,0.316,0.19,0.96,0.314,18.0,850.0,API 5L X52,11.9,10.0,0.441,4.41,7.49,37.1,Critical,0.2869,28.7,Medium,Corrosive Soil & Anoxic Groundwater Degradation,ERR-GEO-CORR-04,KP 1.0: High external corrosion hazard (28.7%) resulting from saturated groundwater (Corrosivity Index 0.96) and anaerobic clay soil. Coating breakdown risk is high.,"Upgrade Impressed Current Cathodic Protection (ICCP), apply 3LPE coating repair, and conduct smart-pig inline inspection."
2.0,3,OBJ-LINE,Ajaokuta–Obajana Gas Pipeline,7.550473,6.63807,128.0,9.15,2.0,13.05,Stable Sandy Loam,0,0.496,0.091,0.402,0.429,0.452,0.314,18.0,850.0,API 5L X52,11.9,10.0,0.235,2.35,9.55,19.7,Moderate,0.2383,23.8,Medium,Hydrodynamic River Scour & Flood Inundation,ERR-GEO-HYDRO-01,"KP 2.0: High failure probability (23.8%) driven by severe River Niger flood inundation (Flood Index 0.496, 2.0 km proximity). Current scour threatens to un-seat buried pipe.",Perform Horizontal Directional Drilling (HDD) deep riverbed re-burial & install concrete articulated weighting mats.
3.0,3,OBJ-LINE,Ajaokuta–Obajana Gas Pipeline,7.547509,6.629505,254.0,6.79,3.0,13.8,Expansive Shale & Rocky Outcrop,2,0.289,0.061,0.311,0.451,0.616,0.314,18.0,850.0,API 5L X52,11.9,10.0,0.297,2.97,8.93,25.0,Moderate,0.2079,20.8,Medium,Corrosive Soil & Anoxic Groundwater Degradation,ERR-GEO-CORR-04,KP 3.0: High external corrosion hazard (20.8%) resulting from saturated groundwater (Corrosivity Index 0.616) and anaerobic clay soil. Coating breakdown risk is high.,"Upgrade Impressed Current Cathodic Protection (ICCP), apply 3LPE coating repair, and conduct smart-pig inline inspection."
4.0,3,OBJ-LINE,Ajaokuta–Obajana Gas Pipeline,7.544546,6.62094,247.0,6.56,4.0,14.73,Expansive Shale & Rocky Outcrop,2,0.262,0.099,0.227,0.423,0.617,0.314,18.0,850.0,API 5L X52,11.9,10.0,0.299,2.99,8.91,25.1,Moderate,0.1964,19.6,Low,Corrosive Soil & Anoxic Groundwater Degradation,ERR-GEO-CORR-04,KP 4.0: High external corrosion hazard (19.6%) resulting from saturated groundwater (Corrosivity Index 0.617) and anaerobic clay soil. Coating breakdown risk is high.,"Upgrade Impressed Current Cathodic Protection (ICCP), apply 3LPE coating repair, and conduct smart-pig inline inspection."
5.0,3,OBJ-LINE,Ajaokuta–Obajana Gas Pipeline,7.541582,6.612375,139.0,6.96,5.0,15.4,Stable Sandy Loam,0,0.33,0.11,0.282,0.366,0.394,0.314,18.0,850.0,API 5L X52,11.9,10.0,0.194,1.94,9.96,16.3,Moderate,0.1864,18.6,Low,Low Geo-Hazard Stress (Nominal Operational),NOMINAL-00,KP 5.0: Stable terrain conditions (18.6% PoF). Operating within normal design parameters under standard Catholic Protection monitoring.,Maintain standard periodic aerial Right-of-Way surveillance and annual CP survey.
6.0,3,OBJ-LINE,Ajaokuta–Obajana Gas Pipeline,7.538619,6.60381,125.0,0.69,6.0,16.59,Stable Sandy Loam,0,0.328,0.058,0.146,0.139,0.413,0.314,18.0,850.0,API 5L X52,11.9,10.0,0.218,2.18,9.72,18.3,Moderate,0.135,13.5,Low,Low Geo-Hazard Stress (Nominal Operational),NOMINAL-00,KP 6.0: Stable terrain conditions (13.5% PoF). Operating within normal design parameters under standard Catholic Protection monitoring.,Maintain standard periodic aerial Right-of-Way surveillance and annual CP survey.
7.0,3,OBJ-LINE,Ajaokuta–Obajana Gas Pipeline,7.535655,6.595246,151.0,0.29,7.0,17.23,Stable Sandy Loam,0,0.265,0.051,0.084,0.137,0.365,0.314,18.0,850.0,API 5L X52,11.9,10.0,0.179,1.79,10.11,15.0,Moderate,0.1131,11.3,Low,Low Geo-Hazard Stress (Nominal Operational),NOMINAL-00,KP 7.0: Stable terrain conditions (11.3% PoF). Operating within normal design parameters under standard Catholic Protection monitoring.,Maintain standard periodic aerial Right-of-Way surveillance and annual CP survey.
8.0,3,OBJ-LINE,Ajaokuta–Obajana Gas Pipeline,7.532692,6.586681,130.0,1.37,8.0,17.48,Stable Sandy Loam,0,0.274,0.08,0.146,0.146,0.398,0.314,18.0,850.0,API 5L X52,11.9,10.0,0.205,2.05,9.85,17.2,Moderate,0.128,12.8,Low,Low Geo-Hazard Stress (Nominal Operational),NOMINAL-00,KP 8.0: Stable terrain conditions (12.8% PoF). Operating within normal design parameters under standard Catholic Protection monitoring.,Maintain standard periodic aerial Right-of-Way surveillance and annual CP survey.
9.0,3,OBJ-LINE,Ajaokuta–Obajana Gas Pipeline,7.529728,6.578116,127.0,0.23,9.0,16.94,Stable Sandy Loam,0,0.271,0.062,0.082,0.094,0.401,0.314,18.0,850.0,API 5L X52,11.9,10.0,0.199,1.99,9.91,16.7,Moderate,0.112,11.2,Low,Low Geo-Hazard Stress (Nominal Operational),NOMINAL-00,KP 9.0: Stable terrain conditions (11.2% PoF). Operating within normal design parameters under standard Catholic Protection monitoring.,Maintain standard periodic aerial Right-of-Way surveillance and annual CP survey.
10.0,3,OBJ-LINE,Ajaokuta–Obajana Gas Pipeline,7.526765,6.569551,134.0,2.18,10.0,16.05,Stable Sandy Loam,0,0.255,0.107,0.11,0.189,0.388,0.314,18.0,850.0,API 5L X52,11.9,10.0,0.213,2.13,9.77,17.9,Moderate,0.1305,13.1,Low,Low Geo-Hazard Stress (Nominal Operational),NOMINAL-00,KP 10.0: Stable terrain conditions (13.1% PoF). Operating within normal design parameters under standard Catholic Protection monitoring.,Maintain standard periodic aerial Right-of-Way surveillance and annual CP survey.
11.0,3,OBJ-LINE,Ajaokuta–Obajana Gas Pipeline,7.523801,6.560986,165.0,6.67,11.0,15.03,Stable Sandy Loam,0,0.23,0.066,0.244,0.359,0.333,0.314,18.0,850.0,API 5L X52,11.9,10.0,0.183,1.83,10.07,15.4,Moderate,0.1535,15.3,Low,Low Geo-Hazard Stress (Nominal Operational),NOMINAL-00,KP 11.0: Stable terrain conditions (15.3% PoF). Operating within normal design parameters under standard Catholic Protection monitoring.,Maintain standard periodic aerial Right-of-Way surveillance and annual CP survey.
12.0,3,OBJ-LINE,Ajaokuta–Obajana Gas Pipeline,7.520838,6.552421,251.0,0.77,12.0,14.38,Expansive Shale & Rocky Outcrop,2,0.156,0.088,0.094,0.188,0.584,0.314,18.0,850.0,API 5L X52,11.9,10.0,0.292,2.92,8.98,24.5,Moderate,0.1264,12.6,Low,Corrosive Soil & Anoxic Groundwater Degradation,ERR-GEO-CORR-04,KP 12.0: High external corrosion hazard (12.6%) resulting from saturated groundwater (Corrosivity Index 0.584) and anaerobic clay soil. Coating breakdown risk is high.,"Upgrade Impressed Current Cathodic Protection (ICCP), apply 3LPE coating repair, and conduct smart-pig inline inspection."
13.0,3,OBJ-LINE,Ajaokuta–Obajana Gas Pipeline,7.521463,6.543662,178.0,4.46,12.89,14.16,Stable Sandy Loam,0,0.22,0.071,0.134,0.28,0.308,0.314,18.0,850.0,API 5L X52,11.9,10.0,0.176,1.76,10.14,14.8,Normal,0.1286,12.9,Low,Low Geo-Hazard Stress (Nominal Operational),NOMINAL-00,KP 13.0: Stable terrain conditions (12.9% PoF). Operating within normal design parameters under standard Catholic Protection monitoring.,Maintain standard periodic aerial Right-of-Way surveillance and annual CP survey.
14.0,3,OBJ-LINE,Ajaokuta–Obajana Gas Pipeline,7.523502,6.534827,173.0,0.57,13.76,14.3,Stable Sandy Loam,0,0.18,0.104,0.075,0.15,0.316,0.314,18.0,850.0,API 5L X52,11.9,10.0,0.178,1.78,10.12,15.0,Moderate,0.1017,10.2,Low,Low Geo-Hazard Stress (Nominal Operational),NOMINAL-00,KP 14.0: Stable terrain conditions (10.2% PoF). Operating within normal design parameters under standard Catholic Protection monitoring.,Maintain standard periodic aerial Right-of-Way surveillance and annual CP survey.
15.0,3,OBJ-LINE,Ajaokuta–Obajana Gas Pipeline,7.52554,6.525991,168.0,1.66,14.65,14.19,Stable Sandy Loam,0,0.207,0.068,0.074,0.202,0.324,0.314,18.0,850.0,API 5L X52,11.9,10.0,0.201,2.01,9.89,16.9,Moderate,0.1103,11.0,Low,Low Geo-Hazard Stress (Nominal Operational),NOMINAL-00,KP 15.0: Stable terrain conditions (11.0% PoF). Operating within normal design parameters under standard Catholic Protection monitoring.,Maintain standard periodic aerial Right-of-Way surveillance and annual CP survey.
16.0,3,OBJ-LINE,Ajaokuta–Obajana Gas Pipeline,7.527579,6.517156,202.0,3.6,15.55,14.24,Expansive Shale & Rocky Outcrop,2,0.156,0.097,0.129,0.262,0.665,0.314,18.0,850.0,API 5L X52,11.9,10.0,0.299,2.99,8.91,25.1,Moderate,0.1488,14.9,Low,Corrosive Soil & Anoxic Groundwater Degradation,ERR-GEO-CORR-04,KP 16.0: High external corrosion hazard (14.9%) resulting from saturated groundwater (Corrosivity Index 0.665) and anaerobic clay soil. Coating breakdown risk is high.,"Upgrade Impressed Current Cathodic Protection (ICCP), apply 3LPE coating repair, and conduct smart-pig inline inspection."
17.0,3,OBJ-LINE,Ajaokuta–Obajana Gas Pipeline,7.529618,6.508321,231.0,1.43,16.46,14.57,Expansive Shale & Rocky Outcrop,2,0.144,0.058,0.07,0.207,0.615,0.314,18.0,850.0,API 5L X52,11.9,10.0,0.301,3.01,8.89,25.3,Moderate,0.124,12.4,Low,Corrosive Soil & Anoxic Groundwater Degradation,ERR-GEO-CORR-04,KP 17.0: High external corrosion hazard (12.4%) resulting from saturated groundwater (Corrosivity Index 0.615) and anaerobic clay soil. Coating breakdown risk is high.,"Upgrade Impressed Current Cathodic Protection (ICCP), apply 3LPE coating repair, and conduct smart-pig inline inspection."
18.0,3,OBJ-LINE,Ajaokuta–Obajana Gas Pipeline,7.531657,6.499485,227.0,0.4,17.38,14.35,Expansive Shale & Rocky Outcrop,2,0.118,0.106,0.05,0.183,0.621,0.314,18.0,850.0,API 5L X52,11.9,10.0,0.286,2.86,9.04,24.0,Moderate,0.1206,12.1,Low,Corrosive Soil & Anoxic Groundwater Degradation,ERR-GEO-CORR-04,KP 18.0: High external corrosion hazard (12.1%) resulting from saturated groundwater (Corrosivity Index 0.621) and anaerobic clay soil. Coating breakdown risk is high.,"Upgrade Impressed Current Cathodic Protection (ICCP), apply 3LPE coating repair, and conduct smart-pig inline inspection."
19.0,3,OBJ-LINE,Ajaokuta–Obajana Gas Pipeline,7.533696,6.49065,238.0,11.7,18.31,14.66,Expansive Shale & Rocky Outcrop,2,0.112,0.1,0.323,0.621,0.602,0.314,18.0,850.0,API 5L X52,11.9,10.0,0.285,2.85,9.05,23.9,Moderate,0.2071,20.7,Medium,Slope Instability & Landslide Hazard,ERR-GEO-SLOPE-02,"KP 19.0: Pipeline elevated failure risk (20.7%) due to steep rocky slope terrain (11.7° slope angle, Landslide Index 0.621). Gravitational soil movement risk buckling or un-seating pipe joint welds.","Construct slope retaining gabion walls, install strain gauge monitoring sensors, and stabilize right-of-way."
20.0,3,OBJ-LINE,Ajaokuta–Obajana Gas Pipeline,7.535735,6.481815,434.0,17.27,19.25,15.33,Expansive Shale & Rocky Outcrop,2,0.046,0.072,0.437,0.919,0.43,0.314,18.0,850.0,API 5L X52,11.9,10.0,0.207,2.07,9.83,17.4,Moderate,0.2318,23.2,Medium,Slope Instability & Landslide Hazard,ERR-GEO-SLOPE-02,"KP 20.0: Pipeline elevated failure risk (23.2%) due to steep rocky slope terrain (17.27° slope angle, Landslide Index 0.919). Gravitational soil movement risk buckling or un-seating pipe joint welds.","Construct slope retaining gabion walls, install strain gauge monitoring sensors, and stabilize right-of-way."
21.0,3,OBJ-LINE,Ajaokuta–Obajana Gas Pipeline,7.537774,6.472979,549.0,4.46,20.19,15.43,Expansive Shale & Rocky Outcrop,2,0.04,0.065,0.155,0.527,0.43,0.314,18.0,850.0,API 5L X52,11.9,10.0,0.239,2.39,9.51,20.1,Moderate,0.146,14.6,Low,Slope Instability & Landslide Hazard,ERR-GEO-SLOPE-02,"KP 21.0: Pipeline elevated failure risk (14.6%) due to steep rocky slope terrain (4.46° slope angle, Landslide Index 0.527). Gravitational soil movement risk buckling or un-seating pipe joint welds.","Construct slope retaining gabion walls, install strain gauge monitoring sensors, and stabilize right-of-way."
22.0,3,OBJ-LINE,Ajaokuta–Obajana Gas Pipeline,7.539813,6.464144,356.0,16.96,21.14,16.23,Expansive Shale & Rocky Outcrop,2,0.05,0.067,0.388,0.882,0.43,0.314,18.0,850.0,API 5L X52,11.9,10.0,0.214,2.14,9.76,18.0,Moderate,0.222,22.2,Medium,Slope Instability & Landslide Hazard,ERR-GEO-SLOPE-02,"KP 22.0: Pipeline elevated failure risk (22.2%) due to steep rocky slope terrain (16.96° slope angle, Landslide Index 0.882). Gravitational soil movement risk buckling or un-seating pipe joint welds.","Construct slope retaining gabion walls, install strain gauge monitoring sensors, and stabilize right-of-way."
23.0,3,OBJ-LINE,Ajaokuta–Obajana Gas Pipeline,7.541852,6.455309,244.0,8.19,22.09,16.6,Expansive Shale & Rocky Outcrop,2,0.108,0.083,0.216,0.471,0.59,0.314,18.0,850.0,API 5L X52,11.9,10.0,0.302,3.02,8.88,25.4,Moderate,0.1712,17.1,Low,Corrosive Soil & Anoxic Groundwater Degradation,ERR-GEO-CORR-04,KP 23.0: High external corrosion hazard (17.1%) resulting from saturated groundwater (Corrosivity Index 0.59) and anaerobic clay soil. Coating breakdown risk is high.,"Upgrade Impressed Current Cathodic Protection (ICCP), apply 3LPE coating repair, and conduct smart-pig inline inspection."
24.0,3,OBJ-LINE,Ajaokuta–Obajana Gas Pipeline,7.543891,6.446473,212.0,2.18,23.05,17.21,Expansive Shale & Rocky Outcrop,2,0.125,0.1,0.099,0.25,0.644,0.314,18.0,850.0,API 5L X52,11.9,10.0,0.317,3.17,8.73,26.6,Moderate,0.1375,13.8,Low,Corrosive Soil & Anoxic Groundwater Degradation,ERR-GEO-CORR-04,KP 24.0: High external corrosion hazard (13.8%) resulting from saturated groundwater (Corrosivity Index 0.644) and anaerobic clay soil. Coating breakdown risk is high.,"Upgrade Impressed Current Cathodic Protection (ICCP), apply 3LPE coating repair, and conduct smart-pig inline inspection."
25.0,3,OBJ-LINE,Ajaokuta–Obajana Gas Pipeline,7.54593,6.437638,206.0,0.23,24.01,17.58,Expansive Shale & Rocky Outcrop,2,0.124,0.063,0.064,0.163,0.654,0.314,18.0,850.0,API 5L X52,11.9,10.0,0.299,2.99,8.91,25.1,Moderate,0.1174,11.7,Low,Corrosive Soil & Anoxic Groundwater Degradation,ERR-GEO-CORR-04,KP 25.0: High external corrosion hazard (11.7%) resulting from saturated groundwater (Corrosivity Index 0.654) and anaerobic clay soil. Coating breakdown risk is high.,"Upgrade Impressed Current Cathodic Protection (ICCP), apply 3LPE coating repair, and conduct smart-pig inline inspection."
26.0,3,OBJ-LINE,Ajaokuta–Obajana Gas Pipeline,7.547969,6.428803,216.0,5.32,24.97,18.01,Expansive Shale & Rocky Outcrop,2,0.153,0.105,0.164,0.341,0.637,0.314,18.0,850.0,API 5L X52,11.9,10.0,0.293,2.93,8.97,24.6,Moderate,0.1618,16.2,Low,Corrosive Soil & Anoxic Groundwater Degradation,ERR-GEO-CORR-04,KP 26.0: High external corrosion hazard (16.2%) resulting from saturated groundwater (Corrosivity Index 0.637) and anaerobic clay soil. Coating breakdown risk is high.,"Upgrade Impressed Current Cathodic Protection (ICCP), apply 3LPE coating repair, and conduct smart-pig inline inspection."
27.0,3,OBJ-LINE,Ajaokuta–Obajana Gas Pipeline,7.550032,6.41999,299.0,0.29,25.94,18.58,Expansive Shale & Rocky Outcrop,2,0.073,0.052,0.067,0.209,0.494,0.314,18.0,850.0,API 5L X52,11.9,10.0,0.25,2.5,9.4,21.0,Moderate,0.1001,10.0,Low,Corrosive Soil & Anoxic Groundwater Degradation,ERR-GEO-CORR-04,KP 27.0: High external corrosion hazard (10.0%) resulting from saturated groundwater (Corrosivity Index 0.494) and anaerobic clay soil. Coating breakdown risk is high.,"Upgrade Impressed Current Cathodic Protection (ICCP), apply 3LPE coating repair, and conduct smart-pig inline inspection."
28.0,3,OBJ-LINE,Ajaokuta–Obajana Gas Pipeline,7.558634,6.417343,211.0,6.16,26.22,19.95,Expansive Shale & Rocky Outcrop,2,0.157,0.054,0.139,0.368,0.645,0.314,18.0,850.0,API 5L X52,11.9,10.0,0.321,3.21,8.69,27.0,Moderate,0.1587,15.9,Low,Corrosive Soil & Anoxic Groundwater Degradation,ERR-GEO-CORR-04,KP 28.0: High external corrosion hazard (15.9%) resulting from saturated groundwater (Corrosivity Index 0.645) and anaerobic clay soil. Coating breakdown risk is high.,"Upgrade Impressed Current Cathodic Protection (ICCP), apply 3LPE coating repair, and conduct smart-pig inline inspection."
29.0,3,OBJ-LINE,Ajaokuta–Obajana Gas Pipeline,7.567236,6.414697,191.0,1.2,26.54,21.06,Stable Sandy Loam,0,0.165,0.076,0.092,0.171,0.279,0.314,18.0,850.0,API 5L X52,11.9,10.0,0.183,1.83,10.07,15.4,Moderate,0.0969,9.7,Low,Low Geo-Hazard Stress (Nominal Operational),NOMINAL-00,KP 29.0: Stable terrain conditions (9.7% PoF). Operating within normal design parameters under standard Catholic Protection monitoring.,Maintain standard periodic aerial Right-of-Way surveillance and annual CP survey.
30.0,3,OBJ-LINE,Ajaokuta–Obajana Gas Pipeline,7.575838,6.41205,190.0,1.2,26.89,21.78,Stable Sandy Loam,0,0.155,0.069,0.05,0.17,0.281,0.314,18.0,850.0,API 5L X52,11.9,10.0,0.176,1.76,10.14,14.8,Normal,0.0906,9.1,Low,Low Geo-Hazard Stress (Nominal Operational),NOMINAL-00,KP 30.0: Stable terrain conditions (9.1% PoF). Operating within normal design parameters under standard Catholic Protection monitoring.,Maintain standard periodic aerial Right-of-Way surveillance and annual CP survey.
31.0,3,OBJ-LINE,Ajaokuta–Obajana Gas Pipeline,7.58444,6.409403,170.0,1.95,27.27,22.56,Stable Sandy Loam,0,0.186,0.052,0.084,0.191,0.315,0.314,18.0,850.0,API 5L X52,11.9,10.0,0.174,1.74,10.16,14.6,Normal,0.1031,10.3,Low,Low Geo-Hazard Stress (Nominal Operational),NOMINAL-00,KP 31.0: Stable terrain conditions (10.3% PoF). Operating within normal design parameters under standard Catholic Protection monitoring.,Maintain standard periodic aerial Right-of-Way surveillance and annual CP survey.
32.0,3,OBJ-LINE,Ajaokuta–Obajana Gas Pipeline,7.593042,6.406756,156.0,0.17,27.69,23.93,Stable Sandy Loam,0,0.184,0.069,0.056,0.13,0.339,0.314,18.0,850.0,API 5L X52,11.9,10.0,0.206,2.06,9.84,17.3,Moderate,0.0953,9.5,Low,Low Geo-Hazard Stress (Nominal Operational),NOMINAL-00,KP 32.0: Stable terrain conditions (9.5% PoF). Operating within normal design parameters under standard Catholic Protection monitoring.,Maintain standard periodic aerial Right-of-Way surveillance and annual CP survey.
33.0,3,OBJ-LINE,Ajaokuta–Obajana Gas Pipeline,7.601644,6.404109,167.0,0.92,28.13,24.93,Stable Sandy Loam,0,0.168,0.035,0.053,0.163,0.32,0.314,18.0,850.0,API 5L X52,11.9,10.0,0.164,1.64,10.26,13.8,Normal,0.0913,9.1,Low,Low Geo-Hazard Stress (Nominal Operational),NOMINAL-00,KP 33.0: Stable terrain conditions (9.1% PoF). Operating within normal design parameters under standard Catholic Protection monitoring.,Maintain standard periodic aerial Right-of-Way surveillance and annual CP survey.
34.0,3,OBJ-LINE,Ajaokuta–Obajana Gas Pipeline,7.610246,6.401463,172.0,1.09,28.6,25.78,Stable Sandy Loam,0,0.182,0.053,0.097,0.153,0.311,0.314,18.0,850.0,API 5L X52,11.9,10.0,0.161,1.61,10.29,13.5,Normal,0.0975,9.8,Low,Low Geo-Hazard Stress (Nominal Operational),NOMINAL-00,KP 34.0: Stable terrain conditions (9.8% PoF). Operating within normal design parameters under standard Catholic Protection monitoring.,Maintain standard periodic aerial Right-of-Way surveillance and annual CP survey.
35.0,3,OBJ-LINE,Ajaokuta–Obajana Gas Pipeline,7.618848,6.398816,148.0,1.95,29.1,26.91,Stable Sandy Loam,0,0.201,0.072,0.087,0.175,0.352,0.314,18.0,850.0,API 5L X52,11.9,10.0,0.207,2.07,9.83,17.4,Moderate,0.1093,10.9,Low,Low Geo-Hazard Stress (Nominal Operational),NOMINAL-00,KP 35.0: Stable terrain conditions (10.9% PoF). Operating within normal design parameters under standard Catholic Protection monitoring.,Maintain standard periodic aerial Right-of-Way surveillance and annual CP survey.
36.0,3,OBJ-LINE,Ajaokuta–Obajana Gas Pipeline,7.62745,6.396169,138.0,0.86,29.62,27.94,Stable Sandy Loam,0,0.22,0.046,0.078,0.133,0.37,0.314,18.0,850.0,API 5L X52,11.9,10.0,0.184,1.84,10.06,15.5,Moderate,0.1038,10.4,Low,Low Geo-Hazard Stress (Nominal Operational),NOMINAL-00,KP 36.0: Stable terrain conditions (10.4% PoF). Operating within normal design parameters under standard Catholic Protection monitoring.,Maintain standard periodic aerial Right-of-Way surveillance and annual CP survey.
37.0,3,OBJ-LINE,Ajaokuta–Obajana Gas Pipeline,7.636052,6.393522,163.0,0.34,30.17,29.0,Stable Sandy Loam,0,0.167,0.086,0.055,0.122,0.326,0.314,18.0,850.0,API 5L X52,11.9,10.0,0.186,1.86,10.04,15.6,Moderate,0.092,9.2,Low,Low Geo-Hazard Stress (Nominal Operational),NOMINAL-00,KP 37.0: Stable terrain conditions (9.2% PoF). Operating within normal design parameters under standard Catholic Protection monitoring.,Maintain standard periodic aerial Right-of-Way surveillance and annual CP survey.
38.0,3,OBJ-LINE,Ajaokuta–Obajana Gas Pipeline,7.644654,6.390876,144.0,0.52,30.74,29.97,Stable Sandy Loam,0,0.215,0.076,0.076,0.137,0.359,0.314,18.0,850.0,API 5L X52,11.9,10.0,0.21,2.1,9.8,17.6,Moderate,0.1062,10.6,Low,Low Geo-Hazard Stress (Nominal Operational),NOMINAL-00,KP 38.0: Stable terrain conditions (10.6% PoF). Operating within normal design parameters under standard Catholic Protection monitoring.,Maintain standard periodic aerial Right-of-Way surveillance and annual CP survey.
39.0,3,OBJ-LINE,Ajaokuta–Obajana Gas Pipeline,7.653257,6.388229,154.0,1.66,31.33,30.59,Stable Sandy Loam,0,0.193,0.041,0.125,0.196,0.341,0.314,18.0,850.0,API 5L X52,11.9,10.0,0.171,1.71,10.19,14.4,Normal,0.1095,10.9,Low,Low Geo-Hazard Stress (Nominal Operational),NOMINAL-00,KP 39.0: Stable terrain conditions (10.9% PoF). Operating within normal design parameters under standard Catholic Protection monitoring.,Maintain standard periodic aerial Right-of-Way surveillance and annual CP survey.
40.0,3,OBJ-LINE,Ajaokuta–Obajana Gas Pipeline,7.661859,6.385582,173.0,0.57,31.95,31.86,Stable Sandy Loam,0,0.195,0.037,0.069,0.166,0.309,0.314,18.0,850.0,API 5L X52,11.9,10.0,0.159,1.59,10.31,13.4,Normal,0.0971,9.7,Low,Low Geo-Hazard Stress (Nominal Operational),NOMINAL-00,KP 40.0: Stable terrain conditions (9.7% PoF). Operating within normal design parameters under standard Catholic Protection monitoring.,Maintain standard periodic aerial Right-of-Way surveillance and annual CP survey.
41.0,3,OBJ-LINE,Ajaokuta–Obajana Gas Pipeline,7.670461,6.382935,164.0,1.2,32.58,32.84,Stable Sandy Loam,0,0.172,0.081,0.114,0.185,0.324,0.314,18.0,850.0,API 5L X52,11.9,10.0,0.182,1.82,10.08,15.3,Moderate,0.1068,10.7,Low,Low Geo-Hazard Stress (Nominal Operational),NOMINAL-00,KP 41.0: Stable terrain conditions (10.7% PoF). Operating within normal design parameters under standard Catholic Protection monitoring.,Maintain standard periodic aerial Right-of-Way surveillance and annual CP survey.
42.0,3,OBJ-LINE,Ajaokuta–Obajana Gas Pipeline,7.679063,6.380288,152.0,1.96,33.23,33.94,Stable Sandy Loam,0,0.211,0.044,0.117,0.17,0.345,0.314,18.0,850.0,API 5L X52,11.9,10.0,0.195,1.95,9.95,16.4,Moderate,0.1088,10.9,Low,Low Geo-Hazard Stress (Nominal Operational),NOMINAL-00,KP 42.0: Stable terrain conditions (10.9% PoF). Operating within normal design parameters under standard Catholic Protection monitoring.,Maintain standard periodic aerial Right-of-Way surveillance and annual CP survey.
43.0,3,OBJ-LINE,Ajaokuta–Obajana Gas Pipeline,7.687993,6.380571,130.0,0.86,33.62,34.46,Stable Sandy Loam,0,0.197,0.03,0.085,0.127,0.382,0.314,18.0,850.0,API 5L X52,11.9,10.0,0.214,2.14,9.76,18.0,Moderate,0.0986,9.9,Low,Low Geo-Hazard Stress (Nominal Operational),NOMINAL-00,KP 43.0: Stable terrain conditions (9.9% PoF). Operating within normal design parameters under standard Catholic Protection monitoring.,Maintain standard periodic aerial Right-of-Way surveillance and annual CP survey.
44.0,3,OBJ-LINE,Ajaokuta–Obajana Gas Pipeline,7.696964,6.381212,137.0,1.15,34.0,35.26,Stable Sandy Loam,0,0.199,0.056,0.098,0.142,0.37,0.314,18.0,850.0,API 5L X52,11.9,10.0,0.206,2.06,9.84,17.3,Moderate,0.1045,10.4,Low,Low Geo-Hazard Stress (Nominal Operational),NOMINAL-00,KP 44.0: Stable terrain conditions (10.4% PoF). Operating within normal design parameters under standard Catholic Protection monitoring.,Maintain standard periodic aerial Right-of-Way surveillance and annual CP survey.
45.0,3,OBJ-LINE,Ajaokuta–Obajana Gas Pipeline,7.705935,6.381852,150.0,2.06,34.41,35.84,Stable Sandy Loam,0,0.201,0.037,0.055,0.206,0.348,0.314,18.0,850.0,API 5L X52,11.9,10.0,0.173,1.73,10.17,14.5,Normal,0.1064,10.6,Low,Low Geo-Hazard Stress (Nominal Operational),NOMINAL-00,KP 45.0: Stable terrain conditions (10.6% PoF). Operating within normal design parameters under standard Catholic Protection monitoring.,Maintain standard periodic aerial Right-of-Way surveillance and annual CP survey.
46.0,3,OBJ-LINE,Ajaokuta–Obajana Gas Pipeline,7.714906,6.382493,173.0,0.57,34.84,35.95,Stable Sandy Loam,0,0.173,0.08,0.087,0.169,0.308,0.314,18.0,850.0,API 5L X52,11.9,10.0,0.171,1.71,10.19,14.4,Normal,0.1006,10.1,Low,Low Geo-Hazard Stress (Nominal Operational),NOMINAL-00,KP 46.0: Stable terrain conditions (10.1% PoF). Operating within normal design parameters under standard Catholic Protection monitoring.,Maintain standard periodic aerial Right-of-Way surveillance and annual CP survey.
47.0,3,OBJ-LINE,Ajaokuta–Obajana Gas Pipeline,7.723876,6.383134,160.0,1.26,35.3,36.03,Stable Sandy Loam,0,0.18,0.052,0.086,0.182,0.331,0.314,18.0,850.0,API 5L X52,11.9,10.0,0.205,2.05,9.85,17.2,Moderate,0.1022,10.2,Low,Low Geo-Hazard Stress (Nominal Operational),NOMINAL-00,KP 47.0: Stable terrain conditions (10.2% PoF). Operating within normal design parameters under standard Catholic Protection monitoring.,Maintain standard periodic aerial Right-of-Way surveillance and annual CP survey.
48.0,3,OBJ-LINE,Ajaokuta–Obajana Gas Pipeline,7.732847,6.383775,151.0,0.92,35.77,36.2,Stable Sandy Loam,0,0.189,0.049,0.088,0.138,0.346,0.314,18.0,850.0,API 5L X52,11.9,10.0,0.176,1.76,10.14,14.8,Normal,0.0983,9.8,Low,Low Geo-Hazard Stress (Nominal Operational),NOMINAL-00,KP 48.0: Stable terrain conditions (9.8% PoF). Operating within normal design parameters under standard Catholic Protection monitoring.,Maintain standard periodic aerial Right-of-Way surveillance and annual CP survey.
49.0,3,OBJ-LINE,Ajaokuta–Obajana Gas Pipeline,7.741818,6.384416,176.0,0.23,36.27,36.16,Stable Sandy Loam,0,0.158,0.041,0.05,0.12,0.303,0.314,18.0,850.0,API 5L X52,11.9,10.0,0.156,1.56,10.34,13.1,Normal,0.082,8.2,Low,Low Geo-Hazard Stress (Nominal Operational),NOMINAL-00,KP 49.0: Stable terrain conditions (8.2% PoF). Operating within normal design parameters under standard Catholic Protection monitoring.,Maintain standard periodic aerial Right-of-Way surveillance and annual CP survey.
50.0,3,OBJ-LINE,Ajaokuta–Obajana Gas Pipeline,7.750789,6.385056,147.0,1.6,36.79,36.76,Stable Sandy Loam,0,0.193,0.046,0.097,0.161,0.353,0.314,18.0,850.0,API 5L X52,11.9,10.0,0.212,2.12,9.78,17.8,Moderate,0.1035,10.3,Low,Low Geo-Hazard Stress (Nominal Operational),NOMINAL-00,KP 50.0: Stable terrain conditions (10.3% PoF). Operating within normal design parameters under standard Catholic Protection monitoring.,Maintain standard periodic aerial Right-of-Way surveillance and annual CP survey.
51.0,3,OBJ-LINE,Ajaokuta–Obajana Gas Pipeline,7.759759,6.385697,148.0,0.57,37.33,36.89,Stable Sandy Loam,0,0.175,0.048,0.092,0.152,0.351,0.314,18.0,850.0,API 5L X52,11.9,10.0,0.192,1.92,9.98,16.1,Moderate,0.0986,9.9,Low,Low Geo-Hazard Stress (Nominal Operational),NOMINAL-00,KP 51.0: Stable terrain conditions (9.9% PoF). Operating within normal design parameters under standard Catholic Protection monitoring.,Maintain standard periodic aerial Right-of-Way surveillance and annual CP survey.
52.0,3,OBJ-LINE,Ajaokuta–Obajana Gas Pipeline,7.76873,6.386338,157.0,1.03,37.89,37.07,Stable Sandy Loam,0,0.17,0.082,0.05,0.174,0.335,0.314,18.0,850.0,API 5L X52,11.9,10.0,0.193,1.93,9.97,16.2,Moderate,0.1002,10.0,Low,Low Geo-Hazard Stress (Nominal Operational),NOMINAL-00,KP 52.0: Stable terrain conditions (10.0% PoF). Operating within normal design parameters under standard Catholic Protection monitoring.,Maintain standard periodic aerial Right-of-Way surveillance and annual CP survey.
53.0,3,OBJ-LINE,Ajaokuta–Obajana Gas Pipeline,7.777701,6.386979,166.0,0.23,38.46,37.36,Stable Sandy Loam,0,0.178,0.036,0.05,0.121,0.32,0.314,18.0,850.0,API 5L X52,11.9,10.0,0.169,1.69,10.21,14.2,Normal,0.0865,8.6,Low,Low Geo-Hazard Stress (Nominal Operational),NOMINAL-00,KP 53.0: Stable terrain conditions (8.6% PoF). Operating within normal design parameters under standard Catholic Protection monitoring.,Maintain standard periodic aerial Right-of-Way surveillance and annual CP survey.
54.0,3,OBJ-LINE,Ajaokuta–Obajana Gas Pipeline,7.786672,6.387619,153.0,0.23,39.05,37.79,Stable Sandy Loam,0,0.182,0.03,0.092,0.14,0.342,0.314,18.0,850.0,API 5L X52,11.9,10.0,0.207,2.07,9.83,17.4,Moderate,0.095,9.5,Low,Low Geo-Hazard Stress (Nominal Operational),NOMINAL-00,KP 54.0: Stable terrain conditions (9.5% PoF). Operating within normal design parameters under standard Catholic Protection monitoring.,Maintain standard periodic aerial Right-of-Way surveillance and annual CP survey.
55.0,3,OBJ-LINE,Ajaokuta–Obajana Gas Pipeline,7.795643,6.38826,170.0,0.57,39.66,38.27,Stable Sandy Loam,0,0.156,0.046,0.082,0.155,0.313,0.314,18.0,850.0,API 5L X52,11.9,10.0,0.165,1.65,10.25,13.9,Normal,0.0913,9.1,Low,Low Geo-Hazard Stress (Nominal Operational),NOMINAL-00,KP 55.0: Stable terrain conditions (9.1% PoF). Operating within normal design parameters under standard Catholic Protection monitoring.,Maintain standard periodic aerial Right-of-Way surveillance and annual CP survey.
56.0,3,OBJ-LINE,Ajaokuta–Obajana Gas Pipeline,7.804613,6.388901,163.0,1.09,40.29,38.54,Stable Sandy Loam,0,0.165,0.035,0.074,0.166,0.325,0.314,18.0,850.0,API 5L X52,11.9,10.0,0.187,1.87,10.03,15.7,Moderate,0.0935,9.3,Low,Low Geo-Hazard Stress (Nominal Operational),NOMINAL-00,KP 56.0: Stable terrain conditions (9.3% PoF). Operating within normal design parameters under standard Catholic Protection monitoring.,Maintain standard periodic aerial Right-of-Way surveillance and annual CP survey.
57.0,3,OBJ-LINE,Ajaokuta–Obajana Gas Pipeline,7.813584,6.389542,151.0,0.23,40.92,38.5,Stable Sandy Loam,0,0.21,0.038,0.05,0.139,0.346,0.314,18.0,850.0,API 5L X52,11.9,10.0,0.21,2.1,9.8,17.6,Moderate,0.0974,9.7,Low,Low Geo-Hazard Stress (Nominal Operational),NOMINAL-00,KP 57.0: Stable terrain conditions (9.7% PoF). Operating within normal design parameters under standard Catholic Protection monitoring.,Maintain standard periodic aerial Right-of-Way surveillance and annual CP survey.
58.0,3,OBJ-LINE,Ajaokuta–Obajana Gas Pipeline,7.822319,6.391098,167.0,0.34,41.49,39.28,Stable Sandy Loam,0,0.19,0.061,0.06,0.121,0.318,0.314,18.0,850.0,API 5L X52,11.9,10.0,0.177,1.77,10.13,14.9,Normal,0.0925,9.2,Low,Low Geo-Hazard Stress (Nominal Operational),NOMINAL-00,KP 58.0: Stable terrain conditions (9.2% PoF). Operating within normal design parameters under standard Catholic Protection monitoring.,Maintain standard periodic aerial Right-of-Way surveillance and annual CP survey.
59.0,3,OBJ-LINE,Ajaokuta–Obajana Gas Pipeline,7.83046,6.394955,157.0,0.34,41.85,39.07,Stable Sandy Loam,0,0.173,0.065,0.056,0.114,0.335,0.314,18.0,850.0,API 5L X52,11.9,10.0,0.176,1.76,10.14,14.8,Normal,0.0901,9.0,Low,Low Geo-Hazard Stress (Nominal Operational),NOMINAL-00,KP 59.0: Stable terrain conditions (9.0% PoF). Operating within normal design parameters under standard Catholic Protection monitoring.,Maintain standard periodic aerial Right-of-Way surveillance and annual CP survey.
60.0,3,OBJ-LINE,Ajaokuta–Obajana Gas Pipeline,7.838602,6.398811,161.0,0.57,42.22,39.37,Stable Sandy Loam,0,0.159,0.072,0.06,0.141,0.328,0.314,18.0,850.0,API 5L X52,11.9,10.0,0.188,1.88,10.02,15.8,Moderate,0.0923,9.2,Low,Low Geo-Hazard Stress (Nominal Operational),NOMINAL-00,KP 60.0: Stable terrain conditions (9.2% PoF). Operating within normal design parameters under standard Catholic Protection monitoring.,Maintain standard periodic aerial Right-of-Way surveillance and annual CP survey.
61.0,3,OBJ-LINE,Ajaokuta–Obajana Gas Pipeline,7.846743,6.402668,167.0,1.03,42.62,39.59,Stable Sandy Loam,0,0.167,0.062,0.075,0.154,0.318,0.314,18.0,850.0,API 5L X52,11.9,10.0,0.196,1.96,9.94,16.5,Moderate,0.0949,9.5,Low,Low Geo-Hazard Stress (Nominal Operational),NOMINAL-00,KP 61.0: Stable terrain conditions (9.5% PoF). Operating within normal design parameters under standard Catholic Protection monitoring.,Maintain standard periodic aerial Right-of-Way surveillance and annual CP survey.
62.0,3,OBJ-LINE,Ajaokuta–Obajana Gas Pipeline,7.854885,6.406524,179.0,1.6,43.04,39.73,Stable Sandy Loam,0,0.17,0.072,0.111,0.2,0.297,0.314,18.0,850.0,API 5L X52,11.9,10.0,0.186,1.86,10.04,15.6,Moderate,0.1049,10.5,Low,Low Geo-Hazard Stress (Nominal Operational),NOMINAL-00,KP 62.0: Stable terrain conditions (10.5% PoF). Operating within normal design parameters under standard Catholic Protection monitoring.,Maintain standard periodic aerial Right-of-Way surveillance and annual CP survey.
63.0,3,OBJ-LINE,Ajaokuta–Obajana Gas Pipeline,7.863026,6.410381,195.0,1.03,43.48,39.86,Stable Sandy Loam,0,0.155,0.058,0.09,0.167,0.27,0.314,18.0,850.0,API 5L X52,11.9,10.0,0.178,1.78,10.12,15.0,Moderate,0.0913,9.1,Low,Low Geo-Hazard Stress (Nominal Operational),NOMINAL-00,KP 63.0: Stable terrain conditions (9.1% PoF). Operating within normal design parameters under standard Catholic Protection monitoring.,Maintain standard periodic aerial Right-of-Way surveillance and annual CP survey.
64.0,3,OBJ-LINE,Ajaokuta–Obajana Gas Pipeline,7.871168,6.414237,197.0,1.6,43.66,40.17,Stable Sandy Loam,0,0.12,0.071,0.051,0.197,0.266,0.314,18.0,850.0,API 5L X52,11.9,10.0,0.171,1.71,10.19,14.4,Normal,0.0875,8.8,Low,Low Geo-Hazard Stress (Nominal Operational),NOMINAL-00,KP 64.0: Stable terrain conditions (8.8% PoF). Operating within normal design parameters under standard Catholic Protection monitoring.,Maintain standard periodic aerial Right-of-Way surveillance and annual CP survey.
65.0,3,OBJ-LINE,Ajaokuta–Obajana Gas Pipeline,7.879309,6.418094,223.0,3.38,43.63,39.98,Expansive Shale & Rocky Outcrop,2,0.134,0.071,0.117,0.266,0.622,0.314,18.0,850.0,API 5L X52,11.9,10.0,0.288,2.88,9.02,24.2,Moderate,0.1375,13.8,Low,Corrosive Soil & Anoxic Groundwater Degradation,ERR-GEO-CORR-04,KP 65.0: High external corrosion hazard (13.8%) resulting from saturated groundwater (Corrosivity Index 0.622) and anaerobic clay soil. Coating breakdown risk is high.,"Upgrade Impressed Current Cathodic Protection (ICCP), apply 3LPE coating repair, and conduct smart-pig inline inspection."
66.0,3,OBJ-LINE,Ajaokuta–Obajana Gas Pipeline,7.887451,6.42195,256.0,0.17,43.62,40.51,Expansive Shale & Rocky Outcrop,2,0.109,0.059,0.05,0.192,0.565,0.314,18.0,850.0,API 5L X52,11.9,10.0,0.276,2.76,9.14,23.2,Moderate,0.1095,10.9,Low,Corrosive Soil & Anoxic Groundwater Degradation,ERR-GEO-CORR-04,KP 66.0: High external corrosion hazard (10.9%) resulting from saturated groundwater (Corrosivity Index 0.565) and anaerobic clay soil. Coating breakdown risk is high.,"Upgrade Impressed Current Cathodic Protection (ICCP), apply 3LPE coating repair, and conduct smart-pig inline inspection."
67.0,3,OBJ-LINE,Ajaokuta–Obajana Gas Pipeline,7.895592,6.425807,220.0,2.58,43.63,40.89,Expansive Shale & Rocky Outcrop,2,0.101,0.066,0.104,0.273,0.627,0.314,18.0,850.0,API 5L X52,11.9,10.0,0.292,2.92,8.98,24.5,Moderate,0.1314,13.1,Low,Corrosive Soil & Anoxic Groundwater Degradation,ERR-GEO-CORR-04,KP 67.0: High external corrosion hazard (13.1%) resulting from saturated groundwater (Corrosivity Index 0.627) and anaerobic clay soil. Coating breakdown risk is high.,"Upgrade Impressed Current Cathodic Protection (ICCP), apply 3LPE coating repair, and conduct smart-pig inline inspection."
68.0,3,OBJ-LINE,Ajaokuta–Obajana Gas Pipeline,7.903734,6.429663,211.0,0.92,43.67,41.11,Expansive Shale & Rocky Outcrop,2,0.152,0.03,0.102,0.194,0.642,0.314,18.0,850.0,API 5L X52,11.9,10.0,0.287,2.87,9.03,24.1,Moderate,0.1251,12.5,Low,Corrosive Soil & Anoxic Groundwater Degradation,ERR-GEO-CORR-04,KP 68.0: High external corrosion hazard (12.5%) resulting from saturated groundwater (Corrosivity Index 0.642) and anaerobic clay soil. Coating breakdown risk is high.,"Upgrade Impressed Current Cathodic Protection (ICCP), apply 3LPE coating repair, and conduct smart-pig inline inspection."
69.0,3,OBJ-LINE,Ajaokuta–Obajana Gas Pipeline,7.911875,6.43352,204.0,2.39,43.73,41.23,Expansive Shale & Rocky Outcrop,2,0.147,0.03,0.103,0.231,0.654,0.314,18.0,850.0,API 5L X52,11.9,10.0,0.313,3.13,8.77,26.3,Moderate,0.1309,13.1,Low,Corrosive Soil & Anoxic Groundwater Degradation,ERR-GEO-CORR-04,KP 69.0: High external corrosion hazard (13.1%) resulting from saturated groundwater (Corrosivity Index 0.654) and anaerobic clay soil. Coating breakdown risk is high.,"Upgrade Impressed Current Cathodic Protection (ICCP), apply 3LPE coating repair, and conduct smart-pig inline inspection."
69.4,3,OBJ-LINE,Ajaokuta–Obajana Gas Pipeline,7.915,6.435,195.0,5.14,43.76,41.21,Stable Sandy Loam,0,0.164,0.079,0.189,0.345,0.27,0.314,18.0,850.0,API 5L X52,11.9,10.0,0.148,1.48,10.42,12.4,Normal,0.1311,13.1,Low,Low Geo-Hazard Stress (Nominal Operational),NOMINAL-00,KP 69.4: Stable terrain conditions (13.1% PoF). Operating within normal design parameters under standard Catholic Protection monitoring.,Maintain standard periodic aerial Right-of-Way surveillance and annual CP survey.
0.0,4,OBN-AJA,Oben–Ajaokuta Gas Trunk Line (Western Line),6.15,6.02,107.0,0.63,163.08,148.91,Stable Sandy Loam,0,0.199,0.03,0.05,0.11,0.418,0.354,24.0,1200.0,API 5L X65,15.9,16.0,0.23,3.68,12.22,23.1,Moderate,0.098,9.8,Low,Low Geo-Hazard Stress (Nominal Operational),NOMINAL-00,KP 0.0: Stable terrain conditions (9.8% PoF). Operating within normal design parameters under standard Catholic Protection monitoring.,Maintain standard periodic aerial Right-of-Way surveillance and annual CP survey.
1.0,4,OBN-AJA,Oben–Ajaokuta Gas Trunk Line (Western Line),6.157946,6.024238,118.0,0.4,162.08,147.87,Stable Sandy Loam,0,0.209,0.03,0.09,0.106,0.399,0.354,24.0,1200.0,API 5L X65,15.9,16.0,0.21,3.36,12.54,21.1,Moderate,0.101,10.1,Low,Low Geo-Hazard Stress (Nominal Operational),NOMINAL-00,KP 1.0: Stable terrain conditions (10.1% PoF). Operating within normal design parameters under standard Catholic Protection monitoring.,Maintain standard periodic aerial Right-of-Way surveillance and annual CP survey.
2.0,4,OBN-AJA,Oben–Ajaokuta Gas Trunk Line (Western Line),6.165892,6.028476,114.0,0.4,161.08,146.57,Stable Sandy Loam,0,0.23,0.047,0.05,0.09,0.406,0.354,24.0,1200.0,API 5L X65,15.9,16.0,0.221,3.54,12.36,22.3,Moderate,0.1015,10.2,Low,Low Geo-Hazard Stress (Nominal Operational),NOMINAL-00,KP 2.0: Stable terrain conditions (10.2% PoF). Operating within normal design parameters under standard Catholic Protection monitoring.,Maintain standard periodic aerial Right-of-Way surveillance and annual CP survey.
3.0,4,OBN-AJA,Oben–Ajaokuta Gas Trunk Line (Western Line),6.173837,6.032713,111.0,0.23,160.08,145.87,Stable Sandy Loam,0,0.207,0.063,0.05,0.095,0.411,0.354,24.0,1200.0,API 5L X65,15.9,16.0,0.234,3.74,12.16,23.5,Moderate,0.1007,10.1,Low,Low Geo-Hazard Stress (Nominal Operational),NOMINAL-00,KP 3.0: Stable terrain conditions (10.1% PoF). Operating within normal design parameters under standard Catholic Protection monitoring.,Maintain standard periodic aerial Right-of-Way surveillance and annual CP survey.
4.0,4,OBN-AJA,Oben–Ajaokuta Gas Trunk Line (Western Line),6.181783,6.036951,118.0,0.4,159.08,144.74,Stable Sandy Loam,0,0.218,0.03,0.05,0.128,0.399,0.354,24.0,1200.0,API 5L X65,15.9,16.0,0.208,3.33,12.57,20.9,Moderate,0.1024,10.2,Low,Low Geo-Hazard Stress (Nominal Operational),NOMINAL-00,KP 4.0: Stable terrain conditions (10.2% PoF). Operating within normal design parameters under standard Catholic Protection monitoring.,Maintain standard periodic aerial Right-of-Way surveillance and annual CP survey.
5.0,4,OBN-AJA,Oben–Ajaokuta Gas Trunk Line (Western Line),6.189729,6.041189,104.0,0.23,158.08,144.03,Stable Sandy Loam,0,0.212,0.03,0.05,0.1,0.423,0.354,24.0,1200.0,API 5L X65,15.9,16.0,0.215,3.44,12.46,21.6,Moderate,0.0992,9.9,Low,Low Geo-Hazard Stress (Nominal Operational),NOMINAL-00,KP 5.0: Stable terrain conditions (9.9% PoF). Operating within normal design parameters under standard Catholic Protection monitoring.,Maintain standard periodic aerial Right-of-Way surveillance and annual CP survey.
6.0,4,OBN-AJA,Oben–Ajaokuta Gas Trunk Line (Western Line),6.197675,6.045427,122.0,1.72,157.08,143.02,Stable Sandy Loam,0,0.206,0.064,0.052,0.175,0.392,0.354,24.0,1200.0,API 5L X65,15.9,16.0,0.22,3.52,12.38,22.1,Moderate,0.1114,11.1,Low,Low Geo-Hazard Stress (Nominal Operational),NOMINAL-00,KP 6.0: Stable terrain conditions (11.1% PoF). Operating within normal design parameters under standard Catholic Protection monitoring.,Maintain standard periodic aerial Right-of-Way surveillance and annual CP survey.
7.0,4,OBN-AJA,Oben–Ajaokuta Gas Trunk Line (Western Line),6.205621,6.049664,134.0,0.92,156.08,141.97,Stable Sandy Loam,0,0.213,0.052,0.071,0.123,0.371,0.354,24.0,1200.0,API 5L X65,15.9,16.0,0.182,2.91,12.99,18.3,Moderate,0.1029,10.3,Low,Low Geo-Hazard Stress (Nominal Operational),NOMINAL-00,KP 7.0: Stable terrain conditions (10.3% PoF). Operating within normal design parameters under standard Catholic Protection monitoring.,Maintain standard periodic aerial Right-of-Way surveillance and annual CP survey.
8.0,4,OBN-AJA,Oben–Ajaokuta Gas Trunk Line (Western Line),6.213566,6.053902,138.0,0.34,155.08,141.07,Stable Sandy Loam,0,0.197,0.054,0.05,0.104,0.365,0.354,24.0,1200.0,API 5L X65,15.9,16.0,0.184,2.94,12.96,18.5,Moderate,0.095,9.5,Low,Low Geo-Hazard Stress (Nominal Operational),NOMINAL-00,KP 8.0: Stable terrain conditions (9.5% PoF). Operating within normal design parameters under standard Catholic Protection monitoring.,Maintain standard periodic aerial Right-of-Way surveillance and annual CP survey.
9.0,4,OBN-AJA,Oben–Ajaokuta Gas Trunk Line (Western Line),6.221512,6.05814,140.0,0.23,154.08,139.94,Stable Sandy Loam,0,0.186,0.03,0.05,0.099,0.361,0.354,24.0,1200.0,API 5L X65,15.9,16.0,0.2,3.2,12.7,20.1,Moderate,0.0889,8.9,Low,Low Geo-Hazard Stress (Nominal Operational),NOMINAL-00,KP 9.0: Stable terrain conditions (8.9% PoF). Operating within normal design parameters under standard Catholic Protection monitoring.,Maintain standard periodic aerial Right-of-Way surveillance and annual CP survey.
10.0,4,OBN-AJA,Oben–Ajaokuta Gas Trunk Line (Western Line),6.229458,6.062378,142.0,0.23,153.08,138.7,Stable Sandy Loam,0,0.202,0.03,0.05,0.098,0.358,0.354,24.0,1200.0,API 5L X65,15.9,16.0,0.179,2.86,13.04,18.0,Moderate,0.0913,9.1,Low,Low Geo-Hazard Stress (Nominal Operational),NOMINAL-00,KP 10.0: Stable terrain conditions (9.1% PoF). Operating within normal design parameters under standard Catholic Protection monitoring.,Maintain standard periodic aerial Right-of-Way surveillance and annual CP survey.
11.0,4,OBN-AJA,Oben–Ajaokuta Gas Trunk Line (Western Line),6.237404,6.066615,144.0,0.17,152.08,137.78,Stable Sandy Loam,0,0.185,0.042,0.05,0.124,0.355,0.354,24.0,1200.0,API 5L X65,15.9,16.0,0.209,3.34,12.56,21.0,Moderate,0.0935,9.3,Low,Low Geo-Hazard Stress (Nominal Operational),NOMINAL-00,KP 11.0: Stable terrain conditions (9.3% PoF). Operating within normal design parameters under standard Catholic Protection monitoring.,Maintain standard periodic aerial Right-of-Way surveillance and annual CP survey.
12.0,4,OBN-AJA,Oben–Ajaokuta Gas Trunk Line (Western Line),6.24535,6.070853,145.0,0.34,151.08,137.02,Stable Sandy Loam,0,0.162,0.035,0.05,0.113,0.353,0.354,24.0,1200.0,API 5L X65,15.9,16.0,0.214,3.42,12.48,21.5,Moderate,0.0867,8.7,Low,Low Geo-Hazard Stress (Nominal Operational),NOMINAL-00,KP 12.0: Stable terrain conditions (8.7% PoF). Operating within normal design parameters under standard Catholic Protection monitoring.,Maintain standard periodic aerial Right-of-Way surveillance and annual CP survey.
13.0,4,OBN-AJA,Oben–Ajaokuta Gas Trunk Line (Western Line),6.253295,6.075091,150.0,0.34,150.09,135.65,Stable Sandy Loam,0,0.18,0.043,0.066,0.129,0.344,0.354,24.0,1200.0,API 5L X65,15.9,16.0,0.171,2.74,13.16,17.2,Moderate,0.094,9.4,Low,Low Geo-Hazard Stress (Nominal Operational),NOMINAL-00,KP 13.0: Stable terrain conditions (9.4% PoF). Operating within normal design parameters under standard Catholic Protection monitoring.,Maintain standard periodic aerial Right-of-Way surveillance and annual CP survey.
14.0,4,OBN-AJA,Oben–Ajaokuta Gas Trunk Line (Western Line),6.261241,6.079329,151.0,0.17,149.09,134.77,Stable Sandy Loam,0,0.18,0.03,0.05,0.102,0.343,0.354,24.0,1200.0,API 5L X65,15.9,16.0,0.173,2.77,13.13,17.4,Moderate,0.0867,8.7,Low,Low Geo-Hazard Stress (Nominal Operational),NOMINAL-00,KP 14.0: Stable terrain conditions (8.7% PoF). Operating within normal design parameters under standard Catholic Protection monitoring.,Maintain standard periodic aerial Right-of-Way surveillance and annual CP survey.
15.0,4,OBN-AJA,Oben–Ajaokuta Gas Trunk Line (Western Line),6.269187,6.083566,153.0,0.52,148.09,133.82,Stable Sandy Loam,0,0.158,0.04,0.068,0.147,0.339,0.354,24.0,1200.0,API 5L X65,15.9,16.0,0.177,2.83,13.07,17.8,Moderate,0.0921,9.2,Low,Low Geo-Hazard Stress (Nominal Operational),NOMINAL-00,KP 15.0: Stable terrain conditions (9.2% PoF). Operating within normal design parameters under standard Catholic Protection monitoring.,Maintain standard periodic aerial Right-of-Way surveillance and annual CP survey.
16.0,4,OBN-AJA,Oben–Ajaokuta Gas Trunk Line (Western Line),6.277133,6.087804,160.0,0.17,147.09,132.69,Stable Sandy Loam,0,0.15,0.045,0.063,0.108,0.327,0.354,24.0,1200.0,API 5L X65,15.9,16.0,0.202,3.23,12.67,20.3,Moderate,0.0839,8.4,Low,Low Geo-Hazard Stress (Nominal Operational),NOMINAL-00,KP 16.0: Stable terrain conditions (8.4% PoF). Operating within normal design parameters under standard Catholic Protection monitoring.,Maintain standard periodic aerial Right-of-Way surveillance and annual CP survey.
17.0,4,OBN-AJA,Oben–Ajaokuta Gas Trunk Line (Western Line),6.285079,6.092042,156.0,0.11,146.09,131.63,Stable Sandy Loam,0,0.176,0.049,0.075,0.13,0.334,0.354,24.0,1200.0,API 5L X65,15.9,16.0,0.199,3.18,12.72,20.0,Moderate,0.0941,9.4,Low,Low Geo-Hazard Stress (Nominal Operational),NOMINAL-00,KP 17.0: Stable terrain conditions (9.4% PoF). Operating within normal design parameters under standard Catholic Protection monitoring.,Maintain standard periodic aerial Right-of-Way surveillance and annual CP survey.
18.0,4,OBN-AJA,Oben–Ajaokuta Gas Trunk Line (Western Line),6.293024,6.09628,158.0,0.11,145.09,130.81,Stable Sandy Loam,0,0.188,0.03,0.077,0.125,0.331,0.354,24.0,1200.0,API 5L X65,15.9,16.0,0.198,3.17,12.73,19.9,Moderate,0.0929,9.3,Low,Low Geo-Hazard Stress (Nominal Operational),NOMINAL-00,KP 18.0: Stable terrain conditions (9.3% PoF). Operating within normal design parameters under standard Catholic Protection monitoring.,Maintain standard periodic aerial Right-of-Way surveillance and annual CP survey.
19.0,4,OBN-AJA,Oben–Ajaokuta Gas Trunk Line (Western Line),6.30097,6.100517,158.0,0.0,144.09,129.89,Stable Sandy Loam,0,0.179,0.038,0.061,0.102,0.331,0.354,24.0,1200.0,API 5L X65,15.9,16.0,0.168,2.69,13.21,16.9,Moderate,0.0874,8.7,Low,Low Geo-Hazard Stress (Nominal Operational),NOMINAL-00,KP 19.0: Stable terrain conditions (8.7% PoF). Operating within normal design parameters under standard Catholic Protection monitoring.,Maintain standard periodic aerial Right-of-Way surveillance and annual CP survey.
20.0,4,OBN-AJA,Oben–Ajaokuta Gas Trunk Line (Western Line),6.308916,6.104755,158.0,0.8,143.09,128.78,Stable Sandy Loam,0,0.155,0.059,0.05,0.168,0.331,0.354,24.0,1200.0,API 5L X65,15.9,16.0,0.179,2.86,13.04,18.0,Moderate,0.0949,9.5,Low,Low Geo-Hazard Stress (Nominal Operational),NOMINAL-00,KP 20.0: Stable terrain conditions (9.5% PoF). Operating within normal design parameters under standard Catholic Protection monitoring.,Maintain standard periodic aerial Right-of-Way surveillance and annual CP survey.
21.0,4,OBN-AJA,Oben–Ajaokuta Gas Trunk Line (Western Line),6.316862,6.108993,172.0,2.92,142.09,127.75,Stable Sandy Loam,0,0.172,0.046,0.101,0.239,0.307,0.354,24.0,1200.0,API 5L X65,15.9,16.0,0.185,2.96,12.94,18.6,Moderate,0.1096,11.0,Low,Low Geo-Hazard Stress (Nominal Operational),NOMINAL-00,KP 21.0: Stable terrain conditions (11.0% PoF). Operating within normal design parameters under standard Catholic Protection monitoring.,Maintain standard periodic aerial Right-of-Way surveillance and annual CP survey.
22.0,4,OBN-AJA,Oben–Ajaokuta Gas Trunk Line (Western Line),6.324807,6.113231,107.0,3.83,141.09,126.79,Stable Sandy Loam,0,0.248,0.065,0.131,0.218,0.418,0.354,24.0,1200.0,API 5L X65,15.9,16.0,0.226,3.62,12.28,22.8,Moderate,0.1349,13.5,Low,Low Geo-Hazard Stress (Nominal Operational),NOMINAL-00,KP 22.0: Stable terrain conditions (13.5% PoF). Operating within normal design parameters under standard Catholic Protection monitoring.,Maintain standard periodic aerial Right-of-Way surveillance and annual CP survey.
23.0,4,OBN-AJA,Oben–Ajaokuta Gas Trunk Line (Western Line),6.332753,6.117468,105.0,1.83,140.1,125.71,Stable Sandy Loam,0,0.202,0.03,0.076,0.169,0.421,0.354,24.0,1200.0,API 5L X65,15.9,16.0,0.229,3.66,12.24,23.0,Moderate,0.1101,11.0,Low,Low Geo-Hazard Stress (Nominal Operational),NOMINAL-00,KP 23.0: Stable terrain conditions (11.0% PoF). Operating within normal design parameters under standard Catholic Protection monitoring.,Maintain standard periodic aerial Right-of-Way surveillance and annual CP survey.
24.0,4,OBN-AJA,Oben–Ajaokuta Gas Trunk Line (Western Line),6.340699,6.121706,75.0,1.26,139.1,125.12,Corrosive Lowland Clay,1,0.251,0.03,0.058,0.134,0.673,0.354,24.0,1200.0,API 5L X65,15.9,16.0,0.297,4.75,11.15,29.9,Moderate,0.1344,13.4,Low,Corrosive Soil & Anoxic Groundwater Degradation,ERR-GEO-CORR-04,KP 24.0: High external corrosion hazard (13.4%) resulting from saturated groundwater (Corrosivity Index 0.673) and anaerobic clay soil. Coating breakdown risk is high.,"Upgrade Impressed Current Cathodic Protection (ICCP), apply 3LPE coating repair, and conduct smart-pig inline inspection."
25.0,4,OBN-AJA,Oben–Ajaokuta Gas Trunk Line (Western Line),6.348645,6.125944,83.0,0.29,138.1,124.2,Stable Sandy Loam,0,0.251,0.033,0.067,0.082,0.459,0.354,24.0,1200.0,API 5L X65,15.9,16.0,0.249,3.98,11.92,25.0,Moderate,0.1085,10.8,Low,Corrosive Soil & Anoxic Groundwater Degradation,ERR-GEO-CORR-04,KP 25.0: High external corrosion hazard (10.8%) resulting from saturated groundwater (Corrosivity Index 0.459) and anaerobic clay soil. Coating breakdown risk is high.,"Upgrade Impressed Current Cathodic Protection (ICCP), apply 3LPE coating repair, and conduct smart-pig inline inspection."
26.0,4,OBN-AJA,Oben–Ajaokuta Gas Trunk Line (Western Line),6.356591,6.130182,80.0,0.06,137.1,123.24,Stable Sandy Loam,0,0.246,0.03,0.051,0.089,0.464,0.354,24.0,1200.0,API 5L X65,15.9,16.0,0.225,3.6,12.3,22.6,Moderate,0.1073,10.7,Low,Corrosive Soil & Anoxic Groundwater Degradation,ERR-GEO-CORR-04,KP 26.0: High external corrosion hazard (10.7%) resulting from saturated groundwater (Corrosivity Index 0.464) and anaerobic clay soil. Coating breakdown risk is high.,"Upgrade Impressed Current Cathodic Protection (ICCP), apply 3LPE coating repair, and conduct smart-pig inline inspection."
27.0,4,OBN-AJA,Oben–Ajaokuta Gas Trunk Line (Western Line),6.364536,6.134419,84.0,0.0,136.1,122.08,Stable Sandy Loam,0,0.253,0.051,0.05,0.081,0.457,0.354,24.0,1200.0,API 5L X65,15.9,16.0,0.25,4.0,11.9,25.2,Moderate,0.1093,10.9,Low,Corrosive Soil & Anoxic Groundwater Degradation,ERR-GEO-CORR-04,KP 27.0: High external corrosion hazard (10.9%) resulting from saturated groundwater (Corrosivity Index 0.457) and anaerobic clay soil. Coating breakdown risk is high.,"Upgrade Impressed Current Cathodic Protection (ICCP), apply 3LPE coating repair, and conduct smart-pig inline inspection."
28.0,4,OBN-AJA,Oben–Ajaokuta Gas Trunk Line (Western Line),6.372482,6.138657,80.0,0.34,135.1,120.83,Stable Sandy Loam,0,0.237,0.065,0.05,0.097,0.464,0.354,24.0,1200.0,API 5L X65,15.9,16.0,0.236,3.78,12.12,23.8,Moderate,0.1113,11.1,Low,Corrosive Soil & Anoxic Groundwater Degradation,ERR-GEO-CORR-04,KP 28.0: High external corrosion hazard (11.1%) resulting from saturated groundwater (Corrosivity Index 0.464) and anaerobic clay soil. Coating breakdown risk is high.,"Upgrade Impressed Current Cathodic Protection (ICCP), apply 3LPE coating repair, and conduct smart-pig inline inspection."
29.0,4,OBN-AJA,Oben–Ajaokuta Gas Trunk Line (Western Line),6.380428,6.142895,90.0,0.34,134.1,119.88,Stable Sandy Loam,0,0.259,0.034,0.051,0.083,0.447,0.354,24.0,1200.0,API 5L X65,15.9,16.0,0.234,3.74,12.16,23.5,Moderate,0.1077,10.8,Low,Low Geo-Hazard Stress (Nominal Operational),NOMINAL-00,KP 29.0: Stable terrain conditions (10.8% PoF). Operating within normal design parameters under standard Catholic Protection monitoring.,Maintain standard periodic aerial Right-of-Way surveillance and annual CP survey.
30.0,4,OBN-AJA,Oben–Ajaokuta Gas Trunk Line (Western Line),6.388374,6.147133,86.0,0.63,133.1,118.84,Stable Sandy Loam,0,0.239,0.065,0.05,0.104,0.454,0.354,24.0,1200.0,API 5L X65,15.9,16.0,0.226,3.62,12.28,22.8,Moderate,0.1119,11.2,Low,Corrosive Soil & Anoxic Groundwater Degradation,ERR-GEO-CORR-04,KP 30.0: High external corrosion hazard (11.2%) resulting from saturated groundwater (Corrosivity Index 0.454) and anaerobic clay soil. Coating breakdown risk is high.,"Upgrade Impressed Current Cathodic Protection (ICCP), apply 3LPE coating repair, and conduct smart-pig inline inspection."
31.0,4,OBN-AJA,Oben–Ajaokuta Gas Trunk Line (Western Line),6.39632,6.15137,79.0,1.6,132.1,118.22,Corrosive Lowland Clay,1,0.233,0.065,0.071,0.119,0.666,0.354,24.0,1200.0,API 5L X65,15.9,16.0,0.296,4.74,11.16,29.8,Moderate,0.1339,13.4,Low,Corrosive Soil & Anoxic Groundwater Degradation,ERR-GEO-CORR-04,KP 31.0: High external corrosion hazard (13.4%) resulting from saturated groundwater (Corrosivity Index 0.666) and anaerobic clay soil. Coating breakdown risk is high.,"Upgrade Impressed Current Cathodic Protection (ICCP), apply 3LPE coating repair, and conduct smart-pig inline inspection."
32.0,4,OBN-AJA,Oben–Ajaokuta Gas Trunk Line (Western Line),6.404265,6.155608,114.0,0.52,131.11,116.87,Stable Sandy Loam,0,0.217,0.03,0.08,0.108,0.406,0.354,24.0,1200.0,API 5L X65,15.9,16.0,0.204,3.26,12.64,20.5,Moderate,0.1025,10.2,Low,Low Geo-Hazard Stress (Nominal Operational),NOMINAL-00,KP 32.0: Stable terrain conditions (10.2% PoF). Operating within normal design parameters under standard Catholic Protection monitoring.,Maintain standard periodic aerial Right-of-Way surveillance and annual CP survey.
33.0,4,OBN-AJA,Oben–Ajaokuta Gas Trunk Line (Western Line),6.412211,6.159846,88.0,0.06,130.11,116.15,Stable Sandy Loam,0,0.253,0.03,0.05,0.059,0.451,0.354,24.0,1200.0,API 5L X65,15.9,16.0,0.241,3.86,12.04,24.3,Moderate,0.1027,10.3,Low,Corrosive Soil & Anoxic Groundwater Degradation,ERR-GEO-CORR-04,KP 33.0: High external corrosion hazard (10.3%) resulting from saturated groundwater (Corrosivity Index 0.451) and anaerobic clay soil. Coating breakdown risk is high.,"Upgrade Impressed Current Cathodic Protection (ICCP), apply 3LPE coating repair, and conduct smart-pig inline inspection."
34.0,4,OBN-AJA,Oben–Ajaokuta Gas Trunk Line (Western Line),6.420157,6.164084,115.0,1.49,129.11,115.19,Stable Sandy Loam,0,0.214,0.058,0.097,0.151,0.404,0.354,24.0,1200.0,API 5L X65,15.9,16.0,0.228,3.65,12.25,23.0,Moderate,0.1134,11.3,Low,Low Geo-Hazard Stress (Nominal Operational),NOMINAL-00,KP 34.0: Stable terrain conditions (11.3% PoF). Operating within normal design parameters under standard Catholic Protection monitoring.,Maintain standard periodic aerial Right-of-Way surveillance and annual CP survey.
35.0,4,OBN-AJA,Oben–Ajaokuta Gas Trunk Line (Western Line),6.428103,6.168321,114.0,1.37,128.11,113.93,Stable Sandy Loam,0,0.197,0.03,0.05,0.144,0.406,0.354,24.0,1200.0,API 5L X65,15.9,16.0,0.232,3.71,12.19,23.3,Moderate,0.1017,10.2,Low,Low Geo-Hazard Stress (Nominal Operational),NOMINAL-00,KP 35.0: Stable terrain conditions (10.2% PoF). Operating within normal design parameters under standard Catholic Protection monitoring.,Maintain standard periodic aerial Right-of-Way surveillance and annual CP survey.
36.0,4,OBN-AJA,Oben–Ajaokuta Gas Trunk Line (Western Line),6.436049,6.172559,91.0,0.69,127.11,112.84,Stable Sandy Loam,0,0.221,0.035,0.092,0.095,0.445,0.354,24.0,1200.0,API 5L X65,15.9,16.0,0.229,3.66,12.24,23.0,Moderate,0.1064,10.6,Low,Low Geo-Hazard Stress (Nominal Operational),NOMINAL-00,KP 36.0: Stable terrain conditions (10.6% PoF). Operating within normal design parameters under standard Catholic Protection monitoring.,Maintain standard periodic aerial Right-of-Way surveillance and annual CP survey.
37.0,4,OBN-AJA,Oben–Ajaokuta Gas Trunk Line (Western Line),6.443994,6.176797,102.0,1.95,126.11,111.85,Stable Sandy Loam,0,0.211,0.067,0.119,0.137,0.427,0.354,24.0,1200.0,API 5L X65,15.9,16.0,0.24,3.84,12.06,24.2,Moderate,0.1159,11.6,Low,Low Geo-Hazard Stress (Nominal Operational),NOMINAL-00,KP 37.0: Stable terrain conditions (11.6% PoF). Operating within normal design parameters under standard Catholic Protection monitoring.,Maintain standard periodic aerial Right-of-Way surveillance and annual CP survey.
38.0,4,OBN-AJA,Oben–Ajaokuta Gas Trunk Line (Western Line),6.451998,6.180918,125.0,2.46,125.11,111.22,Stable Sandy Loam,0,0.224,0.035,0.094,0.19,0.387,0.354,24.0,1200.0,API 5L X65,15.9,16.0,0.214,3.42,12.48,21.5,Moderate,0.1165,11.7,Low,Low Geo-Hazard Stress (Nominal Operational),NOMINAL-00,KP 38.0: Stable terrain conditions (11.7% PoF). Operating within normal design parameters under standard Catholic Protection monitoring.,Maintain standard periodic aerial Right-of-Way surveillance and annual CP survey.
39.0,4,OBN-AJA,Oben–Ajaokuta Gas Trunk Line (Western Line),6.460179,6.184677,145.0,2.4,124.11,109.93,Stable Sandy Loam,0,0.162,0.03,0.108,0.189,0.353,0.354,24.0,1200.0,API 5L X65,15.9,16.0,0.201,3.22,12.68,20.3,Moderate,0.1028,10.3,Low,Low Geo-Hazard Stress (Nominal Operational),NOMINAL-00,KP 39.0: Stable terrain conditions (10.3% PoF). Operating within normal design parameters under standard Catholic Protection monitoring.,Maintain standard periodic aerial Right-of-Way surveillance and annual CP survey.
40.0,4,OBN-AJA,Oben–Ajaokuta Gas Trunk Line (Western Line),6.468361,6.188436,167.0,2.58,123.11,109.43,Stable Sandy Loam,0,0.143,0.048,0.09,0.236,0.315,0.354,24.0,1200.0,API 5L X65,15.9,16.0,0.167,2.67,13.23,16.8,Moderate,0.1039,10.4,Low,Low Geo-Hazard Stress (Nominal Operational),NOMINAL-00,KP 40.0: Stable terrain conditions (10.4% PoF). Operating within normal design parameters under standard Catholic Protection monitoring.,Maintain standard periodic aerial Right-of-Way surveillance and annual CP survey.
41.0,4,OBN-AJA,Oben–Ajaokuta Gas Trunk Line (Western Line),6.476542,6.192195,190.0,2.75,122.11,108.27,Stable Sandy Loam,0,0.158,0.064,0.113,0.242,0.276,0.354,24.0,1200.0,API 5L X65,15.9,16.0,0.17,2.72,13.18,17.1,Moderate,0.1081,10.8,Low,Low Geo-Hazard Stress (Nominal Operational),NOMINAL-00,KP 41.0: Stable terrain conditions (10.8% PoF). Operating within normal design parameters under standard Catholic Protection monitoring.,Maintain standard periodic aerial Right-of-Way surveillance and annual CP survey.
42.0,4,OBN-AJA,Oben–Ajaokuta Gas Trunk Line (Western Line),6.484724,6.195954,215.0,2.52,121.11,107.39,Expansive Shale & Rocky Outcrop,2,0.119,0.03,0.128,0.256,0.633,0.354,24.0,1200.0,API 5L X65,15.9,16.0,0.308,4.93,10.97,31.0,Moderate,0.1322,13.2,Low,Corrosive Soil & Anoxic Groundwater Degradation,ERR-GEO-CORR-04,KP 42.0: High external corrosion hazard (13.2%) resulting from saturated groundwater (Corrosivity Index 0.633) and anaerobic clay soil. Coating breakdown risk is high.,"Upgrade Impressed Current Cathodic Protection (ICCP), apply 3LPE coating repair, and conduct smart-pig inline inspection."
43.0,4,OBN-AJA,Oben–Ajaokuta Gas Trunk Line (Western Line),6.492905,6.199713,234.0,1.83,120.11,106.0,Expansive Shale & Rocky Outcrop,2,0.105,0.032,0.092,0.219,0.6,0.354,24.0,1200.0,API 5L X65,15.9,16.0,0.294,4.7,11.2,29.6,Moderate,0.1181,11.8,Low,Corrosive Soil & Anoxic Groundwater Degradation,ERR-GEO-CORR-04,KP 43.0: High external corrosion hazard (11.8%) resulting from saturated groundwater (Corrosivity Index 0.6) and anaerobic clay soil. Coating breakdown risk is high.,"Upgrade Impressed Current Cathodic Protection (ICCP), apply 3LPE coating repair, and conduct smart-pig inline inspection."
44.0,4,OBN-AJA,Oben–Ajaokuta Gas Trunk Line (Western Line),6.501086,6.203472,247.0,1.2,119.11,105.48,Expansive Shale & Rocky Outcrop,2,0.061,0.067,0.06,0.234,0.578,0.354,24.0,1200.0,API 5L X65,15.9,16.0,0.291,4.66,11.24,29.3,Moderate,0.1122,11.2,Low,Corrosive Soil & Anoxic Groundwater Degradation,ERR-GEO-CORR-04,KP 44.0: High external corrosion hazard (11.2%) resulting from saturated groundwater (Corrosivity Index 0.578) and anaerobic clay soil. Coating breakdown risk is high.,"Upgrade Impressed Current Cathodic Protection (ICCP), apply 3LPE coating repair, and conduct smart-pig inline inspection."
45.0,4,OBN-AJA,Oben–Ajaokuta Gas Trunk Line (Western Line),6.509268,6.207231,255.0,1.89,118.11,104.22,Expansive Shale & Rocky Outcrop,2,0.088,0.061,0.073,0.243,0.564,0.354,24.0,1200.0,API 5L X65,15.9,16.0,0.281,4.5,11.4,28.3,Moderate,0.1175,11.8,Low,Corrosive Soil & Anoxic Groundwater Degradation,ERR-GEO-CORR-04,KP 45.0: High external corrosion hazard (11.8%) resulting from saturated groundwater (Corrosivity Index 0.564) and anaerobic clay soil. Coating breakdown risk is high.,"Upgrade Impressed Current Cathodic Protection (ICCP), apply 3LPE coating repair, and conduct smart-pig inline inspection."
46.0,4,OBN-AJA,Oben–Ajaokuta Gas Trunk Line (Western Line),6.517449,6.21099,280.0,0.4,117.11,103.37,Expansive Shale & Rocky Outcrop,2,0.064,0.056,0.05,0.223,0.522,0.354,24.0,1200.0,API 5L X65,15.9,16.0,0.243,3.89,12.01,24.5,Moderate,0.1038,10.4,Low,Corrosive Soil & Anoxic Groundwater Degradation,ERR-GEO-CORR-04,KP 46.0: High external corrosion hazard (10.4%) resulting from saturated groundwater (Corrosivity Index 0.522) and anaerobic clay soil. Coating breakdown risk is high.,"Upgrade Impressed Current Cathodic Protection (ICCP), apply 3LPE coating repair, and conduct smart-pig inline inspection."
47.0,4,OBN-AJA,Oben–Ajaokuta Gas Trunk Line (Western Line),6.525631,6.214749,262.0,1.09,116.11,102.22,Expansive Shale & Rocky Outcrop,2,0.044,0.03,0.055,0.22,0.552,0.354,24.0,1200.0,API 5L X65,15.9,16.0,0.278,4.45,11.45,28.0,Moderate,0.0995,10.0,Low,Corrosive Soil & Anoxic Groundwater Degradation,ERR-GEO-CORR-04,KP 47.0: High external corrosion hazard (10.0%) resulting from saturated groundwater (Corrosivity Index 0.552) and anaerobic clay soil. Coating breakdown risk is high.,"Upgrade Impressed Current Cathodic Protection (ICCP), apply 3LPE coating repair, and conduct smart-pig inline inspection."
48.0,4,OBN-AJA,Oben–Ajaokuta Gas Trunk Line (Western Line),6.533812,6.218508,261.0,2.29,115.11,101.14,Expansive Shale & Rocky Outcrop,2,0.068,0.03,0.079,0.258,0.554,0.354,24.0,1200.0,API 5L X65,15.9,16.0,0.253,4.05,11.85,25.5,Moderate,0.112,11.2,Low,Corrosive Soil & Anoxic Groundwater Degradation,ERR-GEO-CORR-04,KP 48.0: High external corrosion hazard (11.2%) resulting from saturated groundwater (Corrosivity Index 0.554) and anaerobic clay soil. Coating breakdown risk is high.,"Upgrade Impressed Current Cathodic Protection (ICCP), apply 3LPE coating repair, and conduct smart-pig inline inspection."
49.0,4,OBN-AJA,Oben–Ajaokuta Gas Trunk Line (Western Line),6.541994,6.222267,302.0,2.12,114.11,100.27,Expansive Shale & Rocky Outcrop,2,0.04,0.046,0.083,0.283,0.484,0.354,24.0,1200.0,API 5L X65,15.9,16.0,0.258,4.13,11.77,26.0,Moderate,0.1069,10.7,Low,Corrosive Soil & Anoxic Groundwater Degradation,ERR-GEO-CORR-04,KP 49.0: High external corrosion hazard (10.7%) resulting from saturated groundwater (Corrosivity Index 0.484) and anaerobic clay soil. Coating breakdown risk is high.,"Upgrade Impressed Current Cathodic Protection (ICCP), apply 3LPE coating repair, and conduct smart-pig inline inspection."
50.0,4,OBN-AJA,Oben–Ajaokuta Gas Trunk Line (Western Line),6.550175,6.226026,298.0,0.57,113.11,99.23,Expansive Shale & Rocky Outcrop,2,0.04,0.03,0.05,0.223,0.491,0.354,24.0,1200.0,API 5L X65,15.9,16.0,0.243,3.89,12.01,24.5,Moderate,0.0934,9.3,Low,Corrosive Soil & Anoxic Groundwater Degradation,ERR-GEO-CORR-04,KP 50.0: High external corrosion hazard (9.3%) resulting from saturated groundwater (Corrosivity Index 0.491) and anaerobic clay soil. Coating breakdown risk is high.,"Upgrade Impressed Current Cathodic Protection (ICCP), apply 3LPE coating repair, and conduct smart-pig inline inspection."
51.0,4,OBN-AJA,Oben–Ajaokuta Gas Trunk Line (Western Line),6.558357,6.229785,292.0,0.46,112.11,98.27,Expansive Shale & Rocky Outcrop,2,0.041,0.045,0.074,0.232,0.501,0.354,24.0,1200.0,API 5L X65,15.9,16.0,0.259,4.14,11.76,26.0,Moderate,0.0999,10.0,Low,Corrosive Soil & Anoxic Groundwater Degradation,ERR-GEO-CORR-04,KP 51.0: High external corrosion hazard (10.0%) resulting from saturated groundwater (Corrosivity Index 0.501) and anaerobic clay soil. Coating breakdown risk is high.,"Upgrade Impressed Current Cathodic Protection (ICCP), apply 3LPE coating repair, and conduct smart-pig inline inspection."
52.0,4,OBN-AJA,Oben–Ajaokuta Gas Trunk Line (Western Line),6.566538,6.233545,290.0,0.06,111.11,97.5,Expansive Shale & Rocky Outcrop,2,0.04,0.03,0.05,0.209,0.504,0.354,24.0,1200.0,API 5L X65,15.9,16.0,0.267,4.27,11.63,26.9,Moderate,0.0924,9.2,Low,Corrosive Soil & Anoxic Groundwater Degradation,ERR-GEO-CORR-04,KP 52.0: High external corrosion hazard (9.2%) resulting from saturated groundwater (Corrosivity Index 0.504) and anaerobic clay soil. Coating breakdown risk is high.,"Upgrade Impressed Current Cathodic Protection (ICCP), apply 3LPE coating repair, and conduct smart-pig inline inspection."
53.0,4,OBN-AJA,Oben–Ajaokuta Gas Trunk Line (Western Line),6.57472,6.237304,291.0,0.74,110.11,96.08,Expansive Shale & Rocky Outcrop,2,0.062,0.03,0.093,0.224,0.503,0.354,24.0,1200.0,API 5L X65,15.9,16.0,0.235,3.76,12.14,23.6,Moderate,0.1024,10.2,Low,Corrosive Soil & Anoxic Groundwater Degradation,ERR-GEO-CORR-04,KP 53.0: High external corrosion hazard (10.2%) resulting from saturated groundwater (Corrosivity Index 0.503) and anaerobic clay soil. Coating breakdown risk is high.,"Upgrade Impressed Current Cathodic Protection (ICCP), apply 3LPE coating repair, and conduct smart-pig inline inspection."
54.0,4,OBN-AJA,Oben–Ajaokuta Gas Trunk Line (Western Line),6.582901,6.241063,303.0,0.0,109.11,95.24,Expansive Shale & Rocky Outcrop,2,0.04,0.03,0.05,0.221,0.482,0.354,24.0,1200.0,API 5L X65,15.9,16.0,0.245,3.92,11.98,24.7,Moderate,0.0923,9.2,Low,Corrosive Soil & Anoxic Groundwater Degradation,ERR-GEO-CORR-04,KP 54.0: High external corrosion hazard (9.2%) resulting from saturated groundwater (Corrosivity Index 0.482) and anaerobic clay soil. Coating breakdown risk is high.,"Upgrade Impressed Current Cathodic Protection (ICCP), apply 3LPE coating repair, and conduct smart-pig inline inspection."
55.0,4,OBN-AJA,Oben–Ajaokuta Gas Trunk Line (Western Line),6.591082,6.244822,291.0,0.0,108.11,94.14,Expansive Shale & Rocky Outcrop,2,0.046,0.052,0.05,0.198,0.503,0.354,24.0,1200.0,API 5L X65,15.9,16.0,0.236,3.78,12.12,23.8,Moderate,0.0945,9.4,Low,Corrosive Soil & Anoxic Groundwater Degradation,ERR-GEO-CORR-04,KP 55.0: High external corrosion hazard (9.4%) resulting from saturated groundwater (Corrosivity Index 0.503) and anaerobic clay soil. Coating breakdown risk is high.,"Upgrade Impressed Current Cathodic Protection (ICCP), apply 3LPE coating repair, and conduct smart-pig inline inspection."
56.0,4,OBN-AJA,Oben–Ajaokuta Gas Trunk Line (Western Line),6.599264,6.248581,303.0,1.09,107.11,93.07,Expansive Shale & Rocky Outcrop,2,0.041,0.03,0.068,0.259,0.482,0.354,24.0,1200.0,API 5L X65,15.9,16.0,0.227,3.63,12.27,22.8,Moderate,0.0999,10.0,Low,Corrosive Soil & Anoxic Groundwater Degradation,ERR-GEO-CORR-04,KP 56.0: High external corrosion hazard (10.0%) resulting from saturated groundwater (Corrosivity Index 0.482) and anaerobic clay soil. Coating breakdown risk is high.,"Upgrade Impressed Current Cathodic Protection (ICCP), apply 3LPE coating repair, and conduct smart-pig inline inspection."
57.0,4,OBN-AJA,Oben–Ajaokuta Gas Trunk Line (Western Line),6.607445,6.25234,310.0,0.06,106.11,92.31,Expansive Shale & Rocky Outcrop,2,0.04,0.067,0.05,0.228,0.47,0.354,24.0,1200.0,API 5L X65,15.9,16.0,0.241,3.86,12.04,24.3,Moderate,0.097,9.7,Low,Corrosive Soil & Anoxic Groundwater Degradation,ERR-GEO-CORR-04,KP 57.0: High external corrosion hazard (9.7%) resulting from saturated groundwater (Corrosivity Index 0.47) and anaerobic clay soil. Coating breakdown risk is high.,"Upgrade Impressed Current Cathodic Protection (ICCP), apply 3LPE coating repair, and conduct smart-pig inline inspection."
58.0,4,OBN-AJA,Oben–Ajaokuta Gas Trunk Line (Western Line),6.615627,6.256099,304.0,1.6,105.11,91.0,Expansive Shale & Rocky Outcrop,2,0.04,0.066,0.084,0.283,0.48,0.354,24.0,1200.0,API 5L X65,15.9,16.0,0.258,4.13,11.77,26.0,Moderate,0.1092,10.9,Low,Corrosive Soil & Anoxic Groundwater Degradation,ERR-GEO-CORR-04,KP 58.0: High external corrosion hazard (10.9%) resulting from saturated groundwater (Corrosivity Index 0.48) and anaerobic clay soil. Coating breakdown risk is high.,"Upgrade Impressed Current Cathodic Protection (ICCP), apply 3LPE coating repair, and conduct smart-pig inline inspection."
59.0,4,OBN-AJA,Oben–Ajaokuta Gas Trunk Line (Western Line),6.623808,6.259858,282.0,0.97,104.11,90.12,Expansive Shale & Rocky Outcrop,2,0.04,0.046,0.056,0.246,0.518,0.354,24.0,1200.0,API 5L X65,15.9,16.0,0.273,4.37,11.53,27.5,Moderate,0.1019,10.2,Low,Corrosive Soil & Anoxic Groundwater Degradation,ERR-GEO-CORR-04,KP 59.0: High external corrosion hazard (10.2%) resulting from saturated groundwater (Corrosivity Index 0.518) and anaerobic clay soil. Coating breakdown risk is high.,"Upgrade Impressed Current Cathodic Protection (ICCP), apply 3LPE coating repair, and conduct smart-pig inline inspection."
60.0,4,OBN-AJA,Oben–Ajaokuta Gas Trunk Line (Western Line),6.63199,6.263617,287.0,0.06,103.11,89.21,Expansive Shale & Rocky Outcrop,2,0.04,0.056,0.05,0.215,0.51,0.354,24.0,1200.0,API 5L X65,15.9,16.0,0.251,4.02,11.88,25.3,Moderate,0.0972,9.7,Low,Corrosive Soil & Anoxic Groundwater Degradation,ERR-GEO-CORR-04,KP 60.0: High external corrosion hazard (9.7%) resulting from saturated groundwater (Corrosivity Index 0.51) and anaerobic clay soil. Coating breakdown risk is high.,"Upgrade Impressed Current Cathodic Protection (ICCP), apply 3LPE coating repair, and conduct smart-pig inline inspection."
61.0,4,OBN-AJA,Oben–Ajaokuta Gas Trunk Line (Western Line),6.640171,6.267376,283.0,0.46,102.11,88.4,Expansive Shale & Rocky Outcrop,2,0.04,0.047,0.05,0.218,0.516,0.354,24.0,1200.0,API 5L X65,15.9,16.0,0.243,3.89,12.01,24.5,Moderate,0.097,9.7,Low,Corrosive Soil & Anoxic Groundwater Degradation,ERR-GEO-CORR-04,KP 61.0: High external corrosion hazard (9.7%) resulting from saturated groundwater (Corrosivity Index 0.516) and anaerobic clay soil. Coating breakdown risk is high.,"Upgrade Impressed Current Cathodic Protection (ICCP), apply 3LPE coating repair, and conduct smart-pig inline inspection."
62.0,4,OBN-AJA,Oben–Ajaokuta Gas Trunk Line (Western Line),6.648353,6.271135,295.0,1.66,101.11,87.45,Expansive Shale & Rocky Outcrop,2,0.055,0.03,0.05,0.248,0.496,0.354,24.0,1200.0,API 5L X65,15.9,16.0,0.254,4.06,11.84,25.5,Moderate,0.1003,10.0,Low,Corrosive Soil & Anoxic Groundwater Degradation,ERR-GEO-CORR-04,KP 62.0: High external corrosion hazard (10.0%) resulting from saturated groundwater (Corrosivity Index 0.496) and anaerobic clay soil. Coating breakdown risk is high.,"Upgrade Impressed Current Cathodic Protection (ICCP), apply 3LPE coating repair, and conduct smart-pig inline inspection."
63.0,4,OBN-AJA,Oben–Ajaokuta Gas Trunk Line (Western Line),6.656534,6.274894,312.0,2.46,100.11,86.39,Expansive Shale & Rocky Outcrop,2,0.04,0.03,0.084,0.311,0.467,0.354,24.0,1200.0,API 5L X65,15.9,16.0,0.237,3.79,12.11,23.8,Moderate,0.1077,10.8,Low,Corrosive Soil & Anoxic Groundwater Degradation,ERR-GEO-CORR-04,KP 63.0: High external corrosion hazard (10.8%) resulting from saturated groundwater (Corrosivity Index 0.467) and anaerobic clay soil. Coating breakdown risk is high.,"Upgrade Impressed Current Cathodic Protection (ICCP), apply 3LPE coating repair, and conduct smart-pig inline inspection."
64.0,4,OBN-AJA,Oben–Ajaokuta Gas Trunk Line (Western Line),6.664716,6.278653,338.0,2.69,99.11,85.62,Expansive Shale & Rocky Outcrop,2,0.04,0.052,0.09,0.329,0.43,0.354,24.0,1200.0,API 5L X65,15.9,16.0,0.232,3.71,12.19,23.3,Moderate,0.1105,11.1,Low,Low Geo-Hazard Stress (Nominal Operational),NOMINAL-00,KP 64.0: Stable terrain conditions (11.1% PoF). Operating within normal design parameters under standard Catholic Protection monitoring.,Maintain standard periodic aerial Right-of-Way surveillance and annual CP survey.
65.0,4,OBN-AJA,Oben–Ajaokuta Gas Trunk Line (Western Line),6.672897,6.282412,359.0,2.06,98.11,84.46,Expansive Shale & Rocky Outcrop,2,0.057,0.03,0.054,0.331,0.43,0.354,24.0,1200.0,API 5L X65,15.9,16.0,0.227,3.63,12.27,22.8,Moderate,0.1079,10.8,Low,Low Geo-Hazard Stress (Nominal Operational),NOMINAL-00,KP 65.0: Stable terrain conditions (10.8% PoF). Operating within normal design parameters under standard Catholic Protection monitoring.,Maintain standard periodic aerial Right-of-Way surveillance and annual CP survey.
66.0,4,OBN-AJA,Oben–Ajaokuta Gas Trunk Line (Western Line),6.681078,6.286171,374.0,1.26,97.11,83.22,Expansive Shale & Rocky Outcrop,2,0.04,0.03,0.101,0.289,0.43,0.354,24.0,1200.0,API 5L X65,15.9,16.0,0.216,3.46,12.44,21.8,Moderate,0.1026,10.3,Low,Low Geo-Hazard Stress (Nominal Operational),NOMINAL-00,KP 66.0: Stable terrain conditions (10.3% PoF). Operating within normal design parameters under standard Catholic Protection monitoring.,Maintain standard periodic aerial Right-of-Way surveillance and annual CP survey.
67.0,4,OBN-AJA,Oben–Ajaokuta Gas Trunk Line (Western Line),6.68926,6.28993,381.0,0.92,96.11,82.2,Expansive Shale & Rocky Outcrop,2,0.04,0.03,0.064,0.275,0.43,0.354,24.0,1200.0,API 5L X65,15.9,16.0,0.235,3.76,12.14,23.6,Moderate,0.0971,9.7,Low,Low Geo-Hazard Stress (Nominal Operational),NOMINAL-00,KP 67.0: Stable terrain conditions (9.7% PoF). Operating within normal design parameters under standard Catholic Protection monitoring.,Maintain standard periodic aerial Right-of-Way surveillance and annual CP survey.
68.0,4,OBN-AJA,Oben–Ajaokuta Gas Trunk Line (Western Line),6.697441,6.293689,390.0,1.2,95.11,81.21,Expansive Shale & Rocky Outcrop,2,0.04,0.063,0.08,0.31,0.43,0.354,24.0,1200.0,API 5L X65,15.9,16.0,0.216,3.46,12.44,21.8,Moderate,0.1081,10.8,Low,Low Geo-Hazard Stress (Nominal Operational),NOMINAL-00,KP 68.0: Stable terrain conditions (10.8% PoF). Operating within normal design parameters under standard Catholic Protection monitoring.,Maintain standard periodic aerial Right-of-Way surveillance and annual CP survey.
69.0,4,OBN-AJA,Oben–Ajaokuta Gas Trunk Line (Western Line),6.705623,6.297448,402.0,1.15,94.11,80.28,Expansive Shale & Rocky Outcrop,2,0.041,0.07,0.08,0.317,0.43,0.354,24.0,1200.0,API 5L X65,15.9,16.0,0.233,3.73,12.17,23.5,Moderate,0.1103,11.0,Low,Low Geo-Hazard Stress (Nominal Operational),NOMINAL-00,KP 69.0: Stable terrain conditions (11.0% PoF). Operating within normal design parameters under standard Catholic Protection monitoring.,Maintain standard periodic aerial Right-of-Way surveillance and annual CP survey.
70.0,4,OBN-AJA,Oben–Ajaokuta Gas Trunk Line (Western Line),6.713804,6.301207,410.0,0.0,93.11,79.37,Expansive Shale & Rocky Outcrop,2,0.04,0.044,0.081,0.263,0.43,0.354,24.0,1200.0,API 5L X65,15.9,16.0,0.231,3.7,12.2,23.3,Moderate,0.0986,9.9,Low,Low Geo-Hazard Stress (Nominal Operational),NOMINAL-00,KP 70.0: Stable terrain conditions (9.9% PoF). Operating within normal design parameters under standard Catholic Protection monitoring.,Maintain standard periodic aerial Right-of-Way surveillance and annual CP survey.
71.0,4,OBN-AJA,Oben–Ajaokuta Gas Trunk Line (Western Line),6.721986,6.304966,402.0,1.55,92.11,78.22,Expansive Shale & Rocky Outcrop,2,0.04,0.03,0.071,0.34,0.43,0.354,24.0,1200.0,API 5L X65,15.9,16.0,0.217,3.47,12.43,21.8,Moderate,0.1077,10.8,Low,Low Geo-Hazard Stress (Nominal Operational),NOMINAL-00,KP 71.0: Stable terrain conditions (10.8% PoF). Operating within normal design parameters under standard Catholic Protection monitoring.,Maintain standard periodic aerial Right-of-Way surveillance and annual CP survey.
72.0,4,OBN-AJA,Oben–Ajaokuta Gas Trunk Line (Western Line),6.730167,6.308725,383.0,2.63,91.11,77.51,Expansive Shale & Rocky Outcrop,2,0.047,0.067,0.076,0.354,0.43,0.354,24.0,1200.0,API 5L X65,15.9,16.0,0.209,3.34,12.56,21.0,Moderate,0.1163,11.6,Low,Low Geo-Hazard Stress (Nominal Operational),NOMINAL-00,KP 72.0: Stable terrain conditions (11.6% PoF). Operating within normal design parameters under standard Catholic Protection monitoring.,Maintain standard periodic aerial Right-of-Way surveillance and annual CP survey.
73.0,4,OBN-AJA,Oben–Ajaokuta Gas Trunk Line (Western Line),6.738349,6.312485,356.0,0.34,90.11,76.72,Expansive Shale & Rocky Outcrop,2,0.054,0.043,0.079,0.256,0.43,0.354,24.0,1200.0,API 5L X65,15.9,16.0,0.228,3.65,12.25,23.0,Moderate,0.0997,10.0,Low,Low Geo-Hazard Stress (Nominal Operational),NOMINAL-00,KP 73.0: Stable terrain conditions (10.0% PoF). Operating within normal design parameters under standard Catholic Protection monitoring.,Maintain standard periodic aerial Right-of-Way surveillance and annual CP survey.
74.0,4,OBN-AJA,Oben–Ajaokuta Gas Trunk Line (Western Line),6.74653,6.316244,377.0,0.8,89.11,75.19,Expansive Shale & Rocky Outcrop,2,0.046,0.03,0.087,0.297,0.43,0.354,24.0,1200.0,API 5L X65,15.9,16.0,0.232,3.71,12.19,23.3,Moderate,0.1036,10.4,Low,Low Geo-Hazard Stress (Nominal Operational),NOMINAL-00,KP 74.0: Stable terrain conditions (10.4% PoF). Operating within normal design parameters under standard Catholic Protection monitoring.,Maintain standard periodic aerial Right-of-Way surveillance and annual CP survey.
75.0,4,OBN-AJA,Oben–Ajaokuta Gas Trunk Line (Western Line),6.754712,6.320003,370.0,2.18,88.11,74.17,Expansive Shale & Rocky Outcrop,2,0.04,0.03,0.077,0.317,0.43,0.354,24.0,1200.0,API 5L X65,15.9,16.0,0.241,3.86,12.04,24.3,Moderate,0.1047,10.5,Low,Low Geo-Hazard Stress (Nominal Operational),NOMINAL-00,KP 75.0: Stable terrain conditions (10.5% PoF). Operating within normal design parameters under standard Catholic Protection monitoring.,Maintain standard periodic aerial Right-of-Way surveillance and annual CP survey.
76.0,4,OBN-AJA,Oben–Ajaokuta Gas Trunk Line (Western Line),6.762893,6.323762,339.0,5.26,87.11,73.5,Expansive Shale & Rocky Outcrop,2,0.04,0.035,0.146,0.433,0.43,0.354,24.0,1200.0,API 5L X65,15.9,16.0,0.224,3.58,12.32,22.5,Moderate,0.1293,12.9,Low,Slope Instability & Landslide Hazard,ERR-GEO-SLOPE-02,"KP 76.0: Pipeline elevated failure risk (12.9%) due to steep rocky slope terrain (5.26° slope angle, Landslide Index 0.433). Gravitational soil movement risk buckling or un-seating pipe joint welds.","Construct slope retaining gabion walls, install strain gauge monitoring sensors, and stabilize right-of-way."
77.0,4,OBN-AJA,Oben–Ajaokuta Gas Trunk Line (Western Line),6.771074,6.327521,278.0,4.0,86.12,72.73,Expansive Shale & Rocky Outcrop,2,0.055,0.071,0.153,0.332,0.525,0.354,24.0,1200.0,API 5L X65,15.9,16.0,0.277,4.43,11.47,27.9,Moderate,0.1302,13.0,Low,Corrosive Soil & Anoxic Groundwater Degradation,ERR-GEO-CORR-04,KP 77.0: High external corrosion hazard (13.0%) resulting from saturated groundwater (Corrosivity Index 0.525) and anaerobic clay soil. Coating breakdown risk is high.,"Upgrade Impressed Current Cathodic Protection (ICCP), apply 3LPE coating repair, and conduct smart-pig inline inspection."
78.0,4,OBN-AJA,Oben–Ajaokuta Gas Trunk Line (Western Line),6.779256,6.33128,269.0,0.97,85.12,71.26,Expansive Shale & Rocky Outcrop,2,0.08,0.035,0.094,0.239,0.541,0.354,24.0,1200.0,API 5L X65,15.9,16.0,0.278,4.45,11.45,28.0,Moderate,0.112,11.2,Low,Corrosive Soil & Anoxic Groundwater Degradation,ERR-GEO-CORR-04,KP 78.0: High external corrosion hazard (11.2%) resulting from saturated groundwater (Corrosivity Index 0.541) and anaerobic clay soil. Coating breakdown risk is high.,"Upgrade Impressed Current Cathodic Protection (ICCP), apply 3LPE coating repair, and conduct smart-pig inline inspection."
79.0,4,OBN-AJA,Oben–Ajaokuta Gas Trunk Line (Western Line),6.787437,6.335039,295.0,0.4,84.12,70.68,Expansive Shale & Rocky Outcrop,2,0.04,0.03,0.05,0.206,0.497,0.354,24.0,1200.0,API 5L X65,15.9,16.0,0.257,4.11,11.79,25.8,Moderate,0.0913,9.1,Low,Corrosive Soil & Anoxic Groundwater Degradation,ERR-GEO-CORR-04,KP 79.0: High external corrosion hazard (9.1%) resulting from saturated groundwater (Corrosivity Index 0.497) and anaerobic clay soil. Coating breakdown risk is high.,"Upgrade Impressed Current Cathodic Protection (ICCP), apply 3LPE coating repair, and conduct smart-pig inline inspection."
80.0,4,OBN-AJA,Oben–Ajaokuta Gas Trunk Line (Western Line),6.795619,6.338798,262.0,4.06,83.12,69.43,Expansive Shale & Rocky Outcrop,2,0.095,0.051,0.152,0.321,0.553,0.354,24.0,1200.0,API 5L X65,15.9,16.0,0.285,4.56,11.34,28.7,Moderate,0.1355,13.6,Low,Corrosive Soil & Anoxic Groundwater Degradation,ERR-GEO-CORR-04,KP 80.0: High external corrosion hazard (13.6%) resulting from saturated groundwater (Corrosivity Index 0.553) and anaerobic clay soil. Coating breakdown risk is high.,"Upgrade Impressed Current Cathodic Protection (ICCP), apply 3LPE coating repair, and conduct smart-pig inline inspection."
81.0,4,OBN-AJA,Oben–Ajaokuta Gas Trunk Line (Western Line),6.8038,6.342557,224.0,3.89,82.12,68.79,Expansive Shale & Rocky Outcrop,2,0.109,0.049,0.144,0.293,0.618,0.354,24.0,1200.0,API 5L X65,15.9,16.0,0.295,4.72,11.18,29.7,Moderate,0.1386,13.9,Low,Corrosive Soil & Anoxic Groundwater Degradation,ERR-GEO-CORR-04,KP 81.0: High external corrosion hazard (13.9%) resulting from saturated groundwater (Corrosivity Index 0.618) and anaerobic clay soil. Coating breakdown risk is high.,"Upgrade Impressed Current Cathodic Protection (ICCP), apply 3LPE coating repair, and conduct smart-pig inline inspection."
82.0,4,OBN-AJA,Oben–Ajaokuta Gas Trunk Line (Western Line),6.811982,6.346316,194.0,2.81,81.12,67.49,Stable Sandy Loam,0,0.122,0.035,0.067,0.228,0.269,0.354,24.0,1200.0,API 5L X65,15.9,16.0,0.148,2.37,13.53,14.9,Moderate,0.0911,9.1,Low,Low Geo-Hazard Stress (Nominal Operational),NOMINAL-00,KP 82.0: Stable terrain conditions (9.1% PoF). Operating within normal design parameters under standard Catholic Protection monitoring.,Maintain standard periodic aerial Right-of-Way surveillance and annual CP survey.
83.0,4,OBN-AJA,Oben–Ajaokuta Gas Trunk Line (Western Line),6.820167,6.350066,175.0,0.17,80.12,66.84,Stable Sandy Loam,0,0.161,0.071,0.05,0.128,0.302,0.354,24.0,1200.0,API 5L X65,15.9,16.0,0.175,2.8,13.1,17.6,Moderate,0.0888,8.9,Low,Low Geo-Hazard Stress (Nominal Operational),NOMINAL-00,KP 83.0: Stable terrain conditions (8.9% PoF). Operating within normal design parameters under standard Catholic Protection monitoring.,Maintain standard periodic aerial Right-of-Way surveillance and annual CP survey.
84.0,4,OBN-AJA,Oben–Ajaokuta Gas Trunk Line (Western Line),6.828543,6.353365,191.0,1.95,79.12,65.53,Stable Sandy Loam,0,0.123,0.051,0.061,0.217,0.275,0.354,24.0,1200.0,API 5L X65,15.9,16.0,0.171,2.74,13.16,17.2,Moderate,0.0917,9.2,Low,Low Geo-Hazard Stress (Nominal Operational),NOMINAL-00,KP 84.0: Stable terrain conditions (9.2% PoF). Operating within normal design parameters under standard Catholic Protection monitoring.,Maintain standard periodic aerial Right-of-Way surveillance and annual CP survey.
85.0,4,OBN-AJA,Oben–Ajaokuta Gas Trunk Line (Western Line),6.836918,6.356665,141.0,4.17,78.12,64.37,Stable Sandy Loam,0,0.171,0.06,0.125,0.247,0.361,0.354,24.0,1200.0,API 5L X65,15.9,16.0,0.217,3.47,12.43,21.8,Moderate,0.1194,11.9,Low,Low Geo-Hazard Stress (Nominal Operational),NOMINAL-00,KP 85.0: Stable terrain conditions (11.9% PoF). Operating within normal design parameters under standard Catholic Protection monitoring.,Maintain standard periodic aerial Right-of-Way surveillance and annual CP survey.
86.0,4,OBN-AJA,Oben–Ajaokuta Gas Trunk Line (Western Line),6.845294,6.359964,118.0,1.83,77.12,63.32,Stable Sandy Loam,0,0.226,0.072,0.061,0.148,0.4,0.354,24.0,1200.0,API 5L X65,15.9,16.0,0.197,3.15,12.75,19.8,Moderate,0.1133,11.3,Low,Low Geo-Hazard Stress (Nominal Operational),NOMINAL-00,KP 86.0: Stable terrain conditions (11.3% PoF). Operating within normal design parameters under standard Catholic Protection monitoring.,Maintain standard periodic aerial Right-of-Way surveillance and annual CP survey.
87.0,4,OBN-AJA,Oben–Ajaokuta Gas Trunk Line (Western Line),6.85367,6.363264,109.0,0.92,76.13,62.48,Stable Sandy Loam,0,0.205,0.055,0.05,0.123,0.415,0.354,24.0,1200.0,API 5L X65,15.9,16.0,0.238,3.81,12.09,24.0,Moderate,0.1039,10.4,Low,Low Geo-Hazard Stress (Nominal Operational),NOMINAL-00,KP 87.0: Stable terrain conditions (10.4% PoF). Operating within normal design parameters under standard Catholic Protection monitoring.,Maintain standard periodic aerial Right-of-Way surveillance and annual CP survey.
88.0,4,OBN-AJA,Oben–Ajaokuta Gas Trunk Line (Western Line),6.862046,6.366563,102.0,0.11,75.13,61.79,Stable Sandy Loam,0,0.238,0.032,0.057,0.089,0.428,0.354,24.0,1200.0,API 5L X65,15.9,16.0,0.22,3.52,12.38,22.1,Moderate,0.1035,10.3,Low,Low Geo-Hazard Stress (Nominal Operational),NOMINAL-00,KP 88.0: Stable terrain conditions (10.3% PoF). Operating within normal design parameters under standard Catholic Protection monitoring.,Maintain standard periodic aerial Right-of-Way surveillance and annual CP survey.
89.0,4,OBN-AJA,Oben–Ajaokuta Gas Trunk Line (Western Line),6.870421,6.369863,111.0,0.97,74.13,60.39,Stable Sandy Loam,0,0.243,0.041,0.05,0.12,0.412,0.354,24.0,1200.0,API 5L X65,15.9,16.0,0.213,3.41,12.49,21.4,Moderate,0.1082,10.8,Low,Low Geo-Hazard Stress (Nominal Operational),NOMINAL-00,KP 89.0: Stable terrain conditions (10.8% PoF). Operating within normal design parameters under standard Catholic Protection monitoring.,Maintain standard periodic aerial Right-of-Way surveillance and annual CP survey.
90.0,4,OBN-AJA,Oben–Ajaokuta Gas Trunk Line (Western Line),6.878797,6.373162,85.0,1.89,73.13,59.82,Stable Sandy Loam,0,0.261,0.06,0.05,0.141,0.457,0.354,24.0,1200.0,API 5L X65,15.9,16.0,0.233,3.73,12.17,23.5,Moderate,0.1211,12.1,Low,Corrosive Soil & Anoxic Groundwater Degradation,ERR-GEO-CORR-04,KP 90.0: High external corrosion hazard (12.1%) resulting from saturated groundwater (Corrosivity Index 0.457) and anaerobic clay soil. Coating breakdown risk is high.,"Upgrade Impressed Current Cathodic Protection (ICCP), apply 3LPE coating repair, and conduct smart-pig inline inspection."
91.0,4,OBN-AJA,Oben–Ajaokuta Gas Trunk Line (Western Line),6.887173,6.376462,78.0,0.34,72.14,58.34,Corrosive Lowland Clay,1,0.245,0.06,0.05,0.083,0.669,0.354,24.0,1200.0,API 5L X65,15.9,16.0,0.303,4.85,11.05,30.5,Moderate,0.1283,12.8,Low,Corrosive Soil & Anoxic Groundwater Degradation,ERR-GEO-CORR-04,KP 91.0: High external corrosion hazard (12.8%) resulting from saturated groundwater (Corrosivity Index 0.669) and anaerobic clay soil. Coating breakdown risk is high.,"Upgrade Impressed Current Cathodic Protection (ICCP), apply 3LPE coating repair, and conduct smart-pig inline inspection."
92.0,4,OBN-AJA,Oben–Ajaokuta Gas Trunk Line (Western Line),6.895548,6.379761,79.0,0.69,71.14,57.35,Corrosive Lowland Clay,1,0.243,0.073,0.083,0.114,0.667,0.354,24.0,1200.0,API 5L X65,15.9,16.0,0.313,5.01,10.89,31.5,Critical,0.1371,13.7,Low,Corrosive Soil & Anoxic Groundwater Degradation,ERR-GEO-CORR-04,KP 92.0: High external corrosion hazard (13.7%) resulting from saturated groundwater (Corrosivity Index 0.667) and anaerobic clay soil. Coating breakdown risk is high.,"Upgrade Impressed Current Cathodic Protection (ICCP), apply 3LPE coating repair, and conduct smart-pig inline inspection."
93.0,4,OBN-AJA,Oben–Ajaokuta Gas Trunk Line (Western Line),6.903924,6.383061,66.0,0.52,70.14,56.42,Corrosive Lowland Clay,1,0.271,0.042,0.084,0.065,0.69,0.354,24.0,1200.0,API 5L X65,15.9,16.0,0.322,5.15,10.75,32.4,Critical,0.1328,13.3,Low,Corrosive Soil & Anoxic Groundwater Degradation,ERR-GEO-CORR-04,KP 93.0: High external corrosion hazard (13.3%) resulting from saturated groundwater (Corrosivity Index 0.69) and anaerobic clay soil. Coating breakdown risk is high.,"Upgrade Impressed Current Cathodic Protection (ICCP), apply 3LPE coating repair, and conduct smart-pig inline inspection."
94.0,4,OBN-AJA,Oben–Ajaokuta Gas Trunk Line (Western Line),6.9123,6.38636,70.0,0.23,69.15,55.45,Corrosive Lowland Clay,1,0.256,0.059,0.05,0.067,0.682,0.354,24.0,1200.0,API 5L X65,15.9,16.0,0.315,5.04,10.86,31.7,Critical,0.1288,12.9,Low,Corrosive Soil & Anoxic Groundwater Degradation,ERR-GEO-CORR-04,KP 94.0: High external corrosion hazard (12.9%) resulting from saturated groundwater (Corrosivity Index 0.682) and anaerobic clay soil. Coating breakdown risk is high.,"Upgrade Impressed Current Cathodic Protection (ICCP), apply 3LPE coating repair, and conduct smart-pig inline inspection."
95.0,4,OBN-AJA,Oben–Ajaokuta Gas Trunk Line (Western Line),6.920675,6.38966,62.0,0.69,68.15,54.65,Corrosive Lowland Clay,1,0.287,0.069,0.096,0.096,0.696,0.354,24.0,1200.0,API 5L X65,15.9,16.0,0.317,5.07,10.83,31.9,Critical,0.1454,14.5,Low,Corrosive Soil & Anoxic Groundwater Degradation,ERR-GEO-CORR-04,KP 95.0: High external corrosion hazard (14.5%) resulting from saturated groundwater (Corrosivity Index 0.696) and anaerobic clay soil. Coating breakdown risk is high.,"Upgrade Impressed Current Cathodic Protection (ICCP), apply 3LPE coating repair, and conduct smart-pig inline inspection."
96.0,4,OBN-AJA,Oben–Ajaokuta Gas Trunk Line (Western Line),6.929051,6.392959,58.0,0.57,67.15,53.8,Corrosive Lowland Clay,1,0.274,0.031,0.085,0.059,0.703,0.354,24.0,1200.0,API 5L X65,15.9,16.0,0.343,5.49,10.41,34.5,Critical,0.1322,13.2,Low,Corrosive Soil & Anoxic Groundwater Degradation,ERR-GEO-CORR-04,KP 96.0: High external corrosion hazard (13.2%) resulting from saturated groundwater (Corrosivity Index 0.703) and anaerobic clay soil. Coating breakdown risk is high.,"Upgrade Impressed Current Cathodic Protection (ICCP), apply 3LPE coating repair, and conduct smart-pig inline inspection."
97.0,4,OBN-AJA,Oben–Ajaokuta Gas Trunk Line (Western Line),6.937427,6.396259,52.0,0.57,66.16,52.67,Corrosive Lowland Clay,1,0.29,0.056,0.089,0.079,0.714,0.354,24.0,1200.0,API 5L X65,15.9,16.0,0.336,5.38,10.52,33.8,Critical,0.1427,14.3,Low,Corrosive Soil & Anoxic Groundwater Degradation,ERR-GEO-CORR-04,KP 97.0: High external corrosion hazard (14.3%) resulting from saturated groundwater (Corrosivity Index 0.714) and anaerobic clay soil. Coating breakdown risk is high.,"Upgrade Impressed Current Cathodic Protection (ICCP), apply 3LPE coating repair, and conduct smart-pig inline inspection."
98.0,4,OBN-AJA,Oben–Ajaokuta Gas Trunk Line (Western Line),6.945802,6.399559,48.0,0.06,65.16,51.45,Corrosive Lowland Clay,1,0.289,0.03,0.066,0.053,0.72,0.354,24.0,1200.0,API 5L X65,15.9,16.0,0.341,5.46,10.44,34.3,Critical,0.1337,13.4,Low,Corrosive Soil & Anoxic Groundwater Degradation,ERR-GEO-CORR-04,KP 98.0: High external corrosion hazard (13.4%) resulting from saturated groundwater (Corrosivity Index 0.72) and anaerobic clay soil. Coating breakdown risk is high.,"Upgrade Impressed Current Cathodic Protection (ICCP), apply 3LPE coating repair, and conduct smart-pig inline inspection."
99.0,4,OBN-AJA,Oben–Ajaokuta Gas Trunk Line (Western Line),6.954178,6.402858,53.0,0.11,64.16,50.44,Corrosive Lowland Clay,1,0.262,0.06,0.05,0.04,0.712,0.354,24.0,1200.0,API 5L X65,15.9,16.0,0.311,4.98,10.92,31.3,Moderate,0.1286,12.9,Low,Corrosive Soil & Anoxic Groundwater Degradation,ERR-GEO-CORR-04,KP 99.0: High external corrosion hazard (12.9%) resulting from saturated groundwater (Corrosivity Index 0.712) and anaerobic clay soil. Coating breakdown risk is high.,"Upgrade Impressed Current Cathodic Protection (ICCP), apply 3LPE coating repair, and conduct smart-pig inline inspection."
100.0,4,OBN-AJA,Oben–Ajaokuta Gas Trunk Line (Western Line),6.962554,6.406158,50.0,0.23,63.17,50.01,Corrosive Lowland Clay,1,0.298,0.038,0.05,0.054,0.717,0.354,24.0,1200.0,API 5L X65,15.9,16.0,0.343,5.49,10.41,34.5,Critical,0.1348,13.5,Low,Corrosive Soil & Anoxic Groundwater Degradation,ERR-GEO-CORR-04,KP 100.0: High external corrosion hazard (13.5%) resulting from saturated groundwater (Corrosivity Index 0.717) and anaerobic clay soil. Coating breakdown risk is high.,"Upgrade Impressed Current Cathodic Protection (ICCP), apply 3LPE coating repair, and conduct smart-pig inline inspection."
101.0,4,OBN-AJA,Oben–Ajaokuta Gas Trunk Line (Western Line),6.970929,6.409457,49.0,0.11,62.17,48.84,Corrosive Lowland Clay,1,0.271,0.03,0.05,0.061,0.719,0.354,24.0,1200.0,API 5L X65,15.9,16.0,0.344,5.5,10.4,34.6,Critical,0.1302,13.0,Low,Corrosive Soil & Anoxic Groundwater Degradation,ERR-GEO-CORR-04,KP 101.0: High external corrosion hazard (13.0%) resulting from saturated groundwater (Corrosivity Index 0.719) and anaerobic clay soil. Coating breakdown risk is high.,"Upgrade Impressed Current Cathodic Protection (ICCP), apply 3LPE coating repair, and conduct smart-pig inline inspection."
102.0,4,OBN-AJA,Oben–Ajaokuta Gas Trunk Line (Western Line),6.979305,6.412757,52.0,0.4,61.17,47.62,Corrosive Lowland Clay,1,0.26,0.03,0.092,0.059,0.714,0.354,24.0,1200.0,API 5L X65,15.9,16.0,0.342,5.47,10.43,34.4,Critical,0.1312,13.1,Low,Corrosive Soil & Anoxic Groundwater Degradation,ERR-GEO-CORR-04,KP 102.0: High external corrosion hazard (13.1%) resulting from saturated groundwater (Corrosivity Index 0.714) and anaerobic clay soil. Coating breakdown risk is high.,"Upgrade Impressed Current Cathodic Protection (ICCP), apply 3LPE coating repair, and conduct smart-pig inline inspection."
103.0,4,OBN-AJA,Oben–Ajaokuta Gas Trunk Line (Western Line),6.987681,6.416056,56.0,0.4,60.18,46.85,Corrosive Lowland Clay,1,0.275,0.03,0.05,0.075,0.707,0.354,24.0,1200.0,API 5L X65,15.9,16.0,0.34,5.44,10.46,34.2,Critical,0.132,13.2,Low,Corrosive Soil & Anoxic Groundwater Degradation,ERR-GEO-CORR-04,KP 103.0: High external corrosion hazard (13.2%) resulting from saturated groundwater (Corrosivity Index 0.707) and anaerobic clay soil. Coating breakdown risk is high.,"Upgrade Impressed Current Cathodic Protection (ICCP), apply 3LPE coating repair, and conduct smart-pig inline inspection."
104.0,4,OBN-AJA,Oben–Ajaokuta Gas Trunk Line (Western Line),6.996057,6.419356,59.0,0.11,59.18,45.88,Corrosive Lowland Clay,1,0.279,0.03,0.086,0.073,0.702,0.354,24.0,1200.0,API 5L X65,15.9,16.0,0.318,5.09,10.81,32.0,Critical,0.1351,13.5,Low,Corrosive Soil & Anoxic Groundwater Degradation,ERR-GEO-CORR-04,KP 104.0: High external corrosion hazard (13.5%) resulting from saturated groundwater (Corrosivity Index 0.702) and anaerobic clay soil. Coating breakdown risk is high.,"Upgrade Impressed Current Cathodic Protection (ICCP), apply 3LPE coating repair, and conduct smart-pig inline inspection."
105.0,4,OBN-AJA,Oben–Ajaokuta Gas Trunk Line (Western Line),7.004432,6.422655,58.0,0.46,58.19,45.09,Corrosive Lowland Clay,1,0.284,0.054,0.076,0.086,0.703,0.354,24.0,1200.0,API 5L X65,15.9,16.0,0.333,5.33,10.57,33.5,Critical,0.1403,14.0,Low,Corrosive Soil & Anoxic Groundwater Degradation,ERR-GEO-CORR-04,KP 105.0: High external corrosion hazard (14.0%) resulting from saturated groundwater (Corrosivity Index 0.703) and anaerobic clay soil. Coating breakdown risk is high.,"Upgrade Impressed Current Cathodic Protection (ICCP), apply 3LPE coating repair, and conduct smart-pig inline inspection."
106.0,4,OBN-AJA,Oben–Ajaokuta Gas Trunk Line (Western Line),7.012808,6.425955,67.0,1.09,57.19,43.6,Corrosive Lowland Clay,1,0.262,0.075,0.05,0.098,0.688,0.354,24.0,1200.0,API 5L X65,15.9,16.0,0.319,5.1,10.8,32.1,Critical,0.1372,13.7,Low,Corrosive Soil & Anoxic Groundwater Degradation,ERR-GEO-CORR-04,KP 106.0: High external corrosion hazard (13.7%) resulting from saturated groundwater (Corrosivity Index 0.688) and anaerobic clay soil. Coating breakdown risk is high.,"Upgrade Impressed Current Cathodic Protection (ICCP), apply 3LPE coating repair, and conduct smart-pig inline inspection."
107.0,4,OBN-AJA,Oben–Ajaokuta Gas Trunk Line (Western Line),7.021184,6.429254,77.0,1.26,56.2,42.8,Corrosive Lowland Clay,1,0.266,0.076,0.051,0.1,0.671,0.354,24.0,1200.0,API 5L X65,15.9,16.0,0.303,4.85,11.05,30.5,Moderate,0.1369,13.7,Low,Corrosive Soil & Anoxic Groundwater Degradation,ERR-GEO-CORR-04,KP 107.0: High external corrosion hazard (13.7%) resulting from saturated groundwater (Corrosivity Index 0.671) and anaerobic clay soil. Coating breakdown risk is high.,"Upgrade Impressed Current Cathodic Protection (ICCP), apply 3LPE coating repair, and conduct smart-pig inline inspection."
108.0,4,OBN-AJA,Oben–Ajaokuta Gas Trunk Line (Western Line),7.029559,6.432554,89.0,1.66,55.2,42.09,Stable Sandy Loam,0,0.256,0.037,0.106,0.152,0.451,0.354,24.0,1200.0,API 5L X65,15.9,16.0,0.245,3.92,11.98,24.7,Moderate,0.1234,12.3,Low,Corrosive Soil & Anoxic Groundwater Degradation,ERR-GEO-CORR-04,KP 108.0: High external corrosion hazard (12.3%) resulting from saturated groundwater (Corrosivity Index 0.451) and anaerobic clay soil. Coating breakdown risk is high.,"Upgrade Impressed Current Cathodic Protection (ICCP), apply 3LPE coating repair, and conduct smart-pig inline inspection."
109.0,4,OBN-AJA,Oben–Ajaokuta Gas Trunk Line (Western Line),7.037935,6.435853,106.0,1.55,54.21,41.13,Stable Sandy Loam,0,0.219,0.066,0.075,0.158,0.422,0.354,24.0,1200.0,API 5L X65,15.9,16.0,0.229,3.66,12.24,23.0,Moderate,0.1161,11.6,Low,Low Geo-Hazard Stress (Nominal Operational),NOMINAL-00,KP 109.0: Stable terrain conditions (11.6% PoF). Operating within normal design parameters under standard Catholic Protection monitoring.,Maintain standard periodic aerial Right-of-Way surveillance and annual CP survey.
110.0,4,OBN-AJA,Oben–Ajaokuta Gas Trunk Line (Western Line),7.046311,6.439153,116.0,2.41,53.21,40.06,Stable Sandy Loam,0,0.23,0.032,0.099,0.202,0.404,0.354,24.0,1200.0,API 5L X65,15.9,16.0,0.231,3.7,12.2,23.3,Moderate,0.121,12.1,Low,Low Geo-Hazard Stress (Nominal Operational),NOMINAL-00,KP 110.0: Stable terrain conditions (12.1% PoF). Operating within normal design parameters under standard Catholic Protection monitoring.,Maintain standard periodic aerial Right-of-Way surveillance and annual CP survey.
111.0,4,OBN-AJA,Oben–Ajaokuta Gas Trunk Line (Western Line),7.054686,6.442452,148.0,3.43,52.22,38.64,Stable Sandy Loam,0,0.174,0.03,0.134,0.254,0.35,0.354,24.0,1200.0,API 5L X65,15.9,16.0,0.182,2.91,12.99,18.3,Moderate,0.117,11.7,Low,Low Geo-Hazard Stress (Nominal Operational),NOMINAL-00,KP 111.0: Stable terrain conditions (11.7% PoF). Operating within normal design parameters under standard Catholic Protection monitoring.,Maintain standard periodic aerial Right-of-Way surveillance and annual CP survey.
112.0,4,OBN-AJA,Oben–Ajaokuta Gas Trunk Line (Western Line),7.063062,6.445752,176.0,3.26,51.22,37.94,Stable Sandy Loam,0,0.18,0.066,0.116,0.256,0.302,0.354,24.0,1200.0,API 5L X65,15.9,16.0,0.175,2.8,13.1,17.6,Moderate,0.117,11.7,Low,Low Geo-Hazard Stress (Nominal Operational),NOMINAL-00,KP 112.0: Stable terrain conditions (11.7% PoF). Operating within normal design parameters under standard Catholic Protection monitoring.,Maintain standard periodic aerial Right-of-Way surveillance and annual CP survey.
113.0,4,OBN-AJA,Oben–Ajaokuta Gas Trunk Line (Western Line),7.071438,6.449051,205.0,2.86,50.23,36.84,Expansive Shale & Rocky Outcrop,2,0.137,0.064,0.135,0.261,0.652,0.354,24.0,1200.0,API 5L X65,15.9,16.0,0.318,5.09,10.81,32.0,Critical,0.1428,14.3,Low,Corrosive Soil & Anoxic Groundwater Degradation,ERR-GEO-CORR-04,KP 113.0: High external corrosion hazard (14.3%) resulting from saturated groundwater (Corrosivity Index 0.652) and anaerobic clay soil. Coating breakdown risk is high.,"Upgrade Impressed Current Cathodic Protection (ICCP), apply 3LPE coating repair, and conduct smart-pig inline inspection."
114.0,4,OBN-AJA,Oben–Ajaokuta Gas Trunk Line (Western Line),7.079813,6.452351,226.0,2.12,49.23,35.79,Expansive Shale & Rocky Outcrop,2,0.111,0.03,0.07,0.25,0.616,0.354,24.0,1200.0,API 5L X65,15.9,16.0,0.314,5.02,10.88,31.6,Critical,0.1231,12.3,Low,Corrosive Soil & Anoxic Groundwater Degradation,ERR-GEO-CORR-04,KP 114.0: High external corrosion hazard (12.3%) resulting from saturated groundwater (Corrosivity Index 0.616) and anaerobic clay soil. Coating breakdown risk is high.,"Upgrade Impressed Current Cathodic Protection (ICCP), apply 3LPE coating repair, and conduct smart-pig inline inspection."
115.0,4,OBN-AJA,Oben–Ajaokuta Gas Trunk Line (Western Line),7.088189,6.45565,242.0,2.92,48.24,34.77,Expansive Shale & Rocky Outcrop,2,0.092,0.072,0.083,0.283,0.589,0.354,24.0,1200.0,API 5L X65,15.9,16.0,0.293,4.69,11.21,29.5,Moderate,0.1289,12.9,Low,Corrosive Soil & Anoxic Groundwater Degradation,ERR-GEO-CORR-04,KP 115.0: High external corrosion hazard (12.9%) resulting from saturated groundwater (Corrosivity Index 0.589) and anaerobic clay soil. Coating breakdown risk is high.,"Upgrade Impressed Current Cathodic Protection (ICCP), apply 3LPE coating repair, and conduct smart-pig inline inspection."
116.0,4,OBN-AJA,Oben–Ajaokuta Gas Trunk Line (Western Line),7.096565,6.45895,277.0,3.55,47.25,34.11,Expansive Shale & Rocky Outcrop,2,0.047,0.046,0.142,0.328,0.529,0.354,24.0,1200.0,API 5L X65,15.9,16.0,0.241,3.86,12.04,24.3,Moderate,0.1243,12.4,Low,Corrosive Soil & Anoxic Groundwater Degradation,ERR-GEO-CORR-04,KP 116.0: High external corrosion hazard (12.4%) resulting from saturated groundwater (Corrosivity Index 0.529) and anaerobic clay soil. Coating breakdown risk is high.,"Upgrade Impressed Current Cathodic Protection (ICCP), apply 3LPE coating repair, and conduct smart-pig inline inspection."
117.0,4,OBN-AJA,Oben–Ajaokuta Gas Trunk Line (Western Line),7.10494,6.462249,304.0,2.63,46.25,33.23,Expansive Shale & Rocky Outcrop,2,0.04,0.07,0.077,0.327,0.483,0.354,24.0,1200.0,API 5L X65,15.9,16.0,0.238,3.81,12.09,24.0,Moderate,0.1161,11.6,Low,Corrosive Soil & Anoxic Groundwater Degradation,ERR-GEO-CORR-04,KP 117.0: High external corrosion hazard (11.6%) resulting from saturated groundwater (Corrosivity Index 0.483) and anaerobic clay soil. Coating breakdown risk is high.,"Upgrade Impressed Current Cathodic Protection (ICCP), apply 3LPE coating repair, and conduct smart-pig inline inspection."
118.0,4,OBN-AJA,Oben–Ajaokuta Gas Trunk Line (Western Line),7.113316,6.465549,323.0,1.2,45.26,32.0,Expansive Shale & Rocky Outcrop,2,0.04,0.045,0.103,0.287,0.45,0.354,24.0,1200.0,API 5L X65,15.9,16.0,0.226,3.62,12.28,22.8,Moderate,0.1062,10.6,Low,Corrosive Soil & Anoxic Groundwater Degradation,ERR-GEO-CORR-04,KP 118.0: High external corrosion hazard (10.6%) resulting from saturated groundwater (Corrosivity Index 0.45) and anaerobic clay soil. Coating breakdown risk is high.,"Upgrade Impressed Current Cathodic Protection (ICCP), apply 3LPE coating repair, and conduct smart-pig inline inspection."
119.0,4,OBN-AJA,Oben–Ajaokuta Gas Trunk Line (Western Line),7.121692,6.468848,283.0,2.69,44.27,31.11,Expansive Shale & Rocky Outcrop,2,0.069,0.08,0.11,0.293,0.519,0.354,24.0,1200.0,API 5L X65,15.9,16.0,0.254,4.06,11.84,25.5,Moderate,0.1235,12.3,Low,Corrosive Soil & Anoxic Groundwater Degradation,ERR-GEO-CORR-04,KP 119.0: High external corrosion hazard (12.3%) resulting from saturated groundwater (Corrosivity Index 0.519) and anaerobic clay soil. Coating breakdown risk is high.,"Upgrade Impressed Current Cathodic Protection (ICCP), apply 3LPE coating repair, and conduct smart-pig inline inspection."
120.0,4,OBN-AJA,Oben–Ajaokuta Gas Trunk Line (Western Line),7.130068,6.472148,276.0,4.52,43.28,30.29,Expansive Shale & Rocky Outcrop,2,0.04,0.065,0.128,0.374,0.531,0.354,24.0,1200.0,API 5L X65,15.9,16.0,0.245,3.92,11.98,24.7,Moderate,0.1315,13.2,Low,Corrosive Soil & Anoxic Groundwater Degradation,ERR-GEO-CORR-04,KP 120.0: High external corrosion hazard (13.2%) resulting from saturated groundwater (Corrosivity Index 0.531) and anaerobic clay soil. Coating breakdown risk is high.,"Upgrade Impressed Current Cathodic Protection (ICCP), apply 3LPE coating repair, and conduct smart-pig inline inspection."
121.0,4,OBN-AJA,Oben–Ajaokuta Gas Trunk Line (Western Line),7.138443,6.475447,204.0,5.6,42.29,29.26,Expansive Shale & Rocky Outcrop,2,0.136,0.067,0.126,0.361,0.654,0.354,24.0,1200.0,API 5L X65,15.9,16.0,0.311,4.98,10.92,31.3,Moderate,0.1577,15.8,Low,Corrosive Soil & Anoxic Groundwater Degradation,ERR-GEO-CORR-04,KP 121.0: High external corrosion hazard (15.8%) resulting from saturated groundwater (Corrosivity Index 0.654) and anaerobic clay soil. Coating breakdown risk is high.,"Upgrade Impressed Current Cathodic Protection (ICCP), apply 3LPE coating repair, and conduct smart-pig inline inspection."
122.0,4,OBN-AJA,Oben–Ajaokuta Gas Trunk Line (Western Line),7.146819,6.478747,178.0,4.18,41.29,28.29,Stable Sandy Loam,0,0.169,0.07,0.158,0.279,0.299,0.354,24.0,1200.0,API 5L X65,15.9,16.0,0.187,2.99,12.91,18.8,Moderate,0.1226,12.3,Low,Low Geo-Hazard Stress (Nominal Operational),NOMINAL-00,KP 122.0: Stable terrain conditions (12.3% PoF). Operating within normal design parameters under standard Catholic Protection monitoring.,Maintain standard periodic aerial Right-of-Way surveillance and annual CP survey.
123.0,4,OBN-AJA,Oben–Ajaokuta Gas Trunk Line (Western Line),7.155122,6.482227,131.0,3.38,40.3,27.3,Stable Sandy Loam,0,0.19,0.034,0.104,0.24,0.38,0.354,24.0,1200.0,API 5L X65,15.9,16.0,0.213,3.41,12.49,21.4,Moderate,0.1182,11.8,Low,Low Geo-Hazard Stress (Nominal Operational),NOMINAL-00,KP 123.0: Stable terrain conditions (11.8% PoF). Operating within normal design parameters under standard Catholic Protection monitoring.,Maintain standard periodic aerial Right-of-Way surveillance and annual CP survey.
124.0,4,OBN-AJA,Oben–Ajaokuta Gas Trunk Line (Western Line),7.16338,6.485817,119.0,0.17,39.31,26.53,Stable Sandy Loam,0,0.225,0.058,0.05,0.094,0.401,0.354,24.0,1200.0,API 5L X65,15.9,16.0,0.21,3.36,12.54,21.1,Moderate,0.1022,10.2,Low,Low Geo-Hazard Stress (Nominal Operational),NOMINAL-00,KP 124.0: Stable terrain conditions (10.2% PoF). Operating within normal design parameters under standard Catholic Protection monitoring.,Maintain standard periodic aerial Right-of-Way surveillance and annual CP survey.
125.0,4,OBN-AJA,Oben–Ajaokuta Gas Trunk Line (Western Line),7.171637,6.489408,128.0,1.43,38.31,25.17,Stable Sandy Loam,0,0.201,0.069,0.098,0.174,0.385,0.354,24.0,1200.0,API 5L X65,15.9,16.0,0.224,3.58,12.32,22.5,Moderate,0.1144,11.4,Low,Low Geo-Hazard Stress (Nominal Operational),NOMINAL-00,KP 125.0: Stable terrain conditions (11.4% PoF). Operating within normal design parameters under standard Catholic Protection monitoring.,Maintain standard periodic aerial Right-of-Way surveillance and annual CP survey.
126.0,4,OBN-AJA,Oben–Ajaokuta Gas Trunk Line (Western Line),7.179895,6.492998,144.0,2.12,37.32,24.57,Stable Sandy Loam,0,0.196,0.072,0.116,0.174,0.358,0.354,24.0,1200.0,API 5L X65,15.9,16.0,0.192,3.07,12.83,19.3,Moderate,0.1131,11.3,Low,Low Geo-Hazard Stress (Nominal Operational),NOMINAL-00,KP 126.0: Stable terrain conditions (11.3% PoF). Operating within normal design parameters under standard Catholic Protection monitoring.,Maintain standard periodic aerial Right-of-Way surveillance and annual CP survey.
127.0,4,OBN-AJA,Oben–Ajaokuta Gas Trunk Line (Western Line),7.188153,6.496588,165.0,2.29,36.32,23.76,Stable Sandy Loam,0,0.173,0.069,0.104,0.196,0.322,0.354,24.0,1200.0,API 5L X65,15.9,16.0,0.177,2.83,13.07,17.8,Moderate,0.1077,10.8,Low,Low Geo-Hazard Stress (Nominal Operational),NOMINAL-00,KP 127.0: Stable terrain conditions (10.8% PoF). Operating within normal design parameters under standard Catholic Protection monitoring.,Maintain standard periodic aerial Right-of-Way surveillance and annual CP survey.
128.0,4,OBN-AJA,Oben–Ajaokuta Gas Trunk Line (Western Line),7.196411,6.500179,184.0,0.29,35.33,22.54,Stable Sandy Loam,0,0.137,0.039,0.083,0.137,0.29,0.354,24.0,1200.0,API 5L X65,15.9,16.0,0.171,2.74,13.16,17.2,Moderate,0.0837,8.4,Low,Low Geo-Hazard Stress (Nominal Operational),NOMINAL-00,KP 128.0: Stable terrain conditions (8.4% PoF). Operating within normal design parameters under standard Catholic Protection monitoring.,Maintain standard periodic aerial Right-of-Way surveillance and annual CP survey.
129.0,4,OBN-AJA,Oben–Ajaokuta Gas Trunk Line (Western Line),7.204669,6.503769,160.0,0.4,34.34,21.6,Stable Sandy Loam,0,0.207,0.054,0.054,0.15,0.331,0.354,24.0,1200.0,API 5L X65,15.9,16.0,0.199,3.18,12.72,20.0,Moderate,0.1012,10.1,Low,Low Geo-Hazard Stress (Nominal Operational),NOMINAL-00,KP 129.0: Stable terrain conditions (10.1% PoF). Operating within normal design parameters under standard Catholic Protection monitoring.,Maintain standard periodic aerial Right-of-Way surveillance and annual CP survey.
130.0,4,OBN-AJA,Oben–Ajaokuta Gas Trunk Line (Western Line),7.212927,6.50736,191.0,2.92,33.34,20.63,Stable Sandy Loam,0,0.17,0.068,0.109,0.234,0.278,0.354,24.0,1200.0,API 5L X65,15.9,16.0,0.149,2.38,13.52,15.0,Moderate,0.1094,10.9,Low,Low Geo-Hazard Stress (Nominal Operational),NOMINAL-00,KP 130.0: Stable terrain conditions (10.9% PoF). Operating within normal design parameters under standard Catholic Protection monitoring.,Maintain standard periodic aerial Right-of-Way surveillance and annual CP survey.
131.0,4,OBN-AJA,Oben–Ajaokuta Gas Trunk Line (Western Line),7.221185,6.51095,211.0,1.09,32.35,20.06,Expansive Shale & Rocky Outcrop,2,0.135,0.068,0.092,0.203,0.644,0.354,24.0,1200.0,API 5L X65,15.9,16.0,0.291,4.66,11.24,29.3,Moderate,0.1295,13.0,Low,Corrosive Soil & Anoxic Groundwater Degradation,ERR-GEO-CORR-04,KP 131.0: High external corrosion hazard (13.0%) resulting from saturated groundwater (Corrosivity Index 0.644) and anaerobic clay soil. Coating breakdown risk is high.,"Upgrade Impressed Current Cathodic Protection (ICCP), apply 3LPE coating repair, and conduct smart-pig inline inspection."
132.0,4,OBN-AJA,Oben–Ajaokuta Gas Trunk Line (Western Line),7.229443,6.51454,210.0,5.88,31.36,19.1,Expansive Shale & Rocky Outcrop,2,0.119,0.089,0.183,0.39,0.645,0.354,24.0,1200.0,API 5L X65,15.9,16.0,0.288,4.61,11.29,29.0,Moderate,0.1662,16.6,Low,Corrosive Soil & Anoxic Groundwater Degradation,ERR-GEO-CORR-04,KP 132.0: High external corrosion hazard (16.6%) resulting from saturated groundwater (Corrosivity Index 0.645) and anaerobic clay soil. Coating breakdown risk is high.,"Upgrade Impressed Current Cathodic Protection (ICCP), apply 3LPE coating repair, and conduct smart-pig inline inspection."
133.0,4,OBN-AJA,Oben–Ajaokuta Gas Trunk Line (Western Line),7.237701,6.518131,108.0,2.35,30.37,17.89,Stable Sandy Loam,0,0.229,0.062,0.08,0.192,0.421,0.354,24.0,1200.0,API 5L X65,15.9,16.0,0.21,3.36,12.54,21.1,Moderate,0.1229,12.3,Low,Low Geo-Hazard Stress (Nominal Operational),NOMINAL-00,KP 133.0: Stable terrain conditions (12.3% PoF). Operating within normal design parameters under standard Catholic Protection monitoring.,Maintain standard periodic aerial Right-of-Way surveillance and annual CP survey.
134.0,4,OBN-AJA,Oben–Ajaokuta Gas Trunk Line (Western Line),7.245959,6.521721,251.0,0.86,29.38,17.16,Expansive Shale & Rocky Outcrop,2,0.111,0.075,0.093,0.192,0.576,0.354,24.0,1200.0,API 5L X65,15.9,16.0,0.278,4.45,11.45,28.0,Moderate,0.1185,11.8,Low,Corrosive Soil & Anoxic Groundwater Degradation,ERR-GEO-CORR-04,KP 134.0: High external corrosion hazard (11.8%) resulting from saturated groundwater (Corrosivity Index 0.576) and anaerobic clay soil. Coating breakdown risk is high.,"Upgrade Impressed Current Cathodic Protection (ICCP), apply 3LPE coating repair, and conduct smart-pig inline inspection."
135.0,4,OBN-AJA,Oben–Ajaokuta Gas Trunk Line (Western Line),7.254217,6.525312,123.0,9.59,28.39,16.17,Stable Sandy Loam,0,0.205,0.106,0.217,0.458,0.395,0.354,24.0,1200.0,API 5L X65,15.9,16.0,0.207,3.31,12.59,20.8,Moderate,0.1748,17.5,Low,Slope Instability & Landslide Hazard,ERR-GEO-SLOPE-02,"KP 135.0: Pipeline elevated failure risk (17.5%) due to steep rocky slope terrain (9.59° slope angle, Landslide Index 0.458). Gravitational soil movement risk buckling or un-seating pipe joint welds.","Construct slope retaining gabion walls, install strain gauge monitoring sensors, and stabilize right-of-way."
136.0,4,OBN-AJA,Oben–Ajaokuta Gas Trunk Line (Western Line),7.262474,6.528902,82.0,0.74,27.4,15.53,Stable Sandy Loam,0,0.288,0.055,0.082,0.118,0.466,0.354,24.0,1200.0,API 5L X65,15.9,16.0,0.239,3.82,12.08,24.0,Moderate,0.1254,12.5,Low,Corrosive Soil & Anoxic Groundwater Degradation,ERR-GEO-CORR-04,KP 136.0: High external corrosion hazard (12.5%) resulting from saturated groundwater (Corrosivity Index 0.466) and anaerobic clay soil. Coating breakdown risk is high.,"Upgrade Impressed Current Cathodic Protection (ICCP), apply 3LPE coating repair, and conduct smart-pig inline inspection."
137.0,4,OBN-AJA,Oben–Ajaokuta Gas Trunk Line (Western Line),7.270732,6.532492,110.0,5.43,26.41,15.08,Stable Sandy Loam,0,0.219,0.08,0.144,0.302,0.418,0.354,24.0,1200.0,API 5L X65,15.9,16.0,0.238,3.81,12.09,24.0,Moderate,0.1457,14.6,Low,Low Geo-Hazard Stress (Nominal Operational),NOMINAL-00,KP 137.0: Stable terrain conditions (14.6% PoF). Operating within normal design parameters under standard Catholic Protection monitoring.,Maintain standard periodic aerial Right-of-Way surveillance and annual CP survey.
138.0,4,OBN-AJA,Oben–Ajaokuta Gas Trunk Line (Western Line),7.27899,6.536083,177.0,15.06,25.42,13.89,Expansive Shale & Rocky Outcrop,2,0.183,0.071,0.362,0.694,0.704,0.354,24.0,1200.0,API 5L X65,15.9,16.0,0.346,5.54,10.36,34.8,Critical,0.2431,24.3,Medium,Corrosive Soil & Anoxic Groundwater Degradation,ERR-GEO-CORR-04,KP 138.0: High external corrosion hazard (24.3%) resulting from saturated groundwater (Corrosivity Index 0.704) and anaerobic clay soil. Coating breakdown risk is high.,"Upgrade Impressed Current Cathodic Protection (ICCP), apply 3LPE coating repair, and conduct smart-pig inline inspection."
139.0,4,OBN-AJA,Oben–Ajaokuta Gas Trunk Line (Western Line),7.287248,6.539673,379.0,13.71,24.44,13.34,Expansive Shale & Rocky Outcrop,2,0.046,0.069,0.302,0.76,0.43,0.354,24.0,1200.0,API 5L X65,15.9,16.0,0.213,3.41,12.49,21.4,Moderate,0.1987,19.9,Low,Slope Instability & Landslide Hazard,ERR-GEO-SLOPE-02,"KP 139.0: Pipeline elevated failure risk (19.9%) due to steep rocky slope terrain (13.71° slope angle, Landslide Index 0.76). Gravitational soil movement risk buckling or un-seating pipe joint welds.","Construct slope retaining gabion walls, install strain gauge monitoring sensors, and stabilize right-of-way."
140.0,4,OBN-AJA,Oben–Ajaokuta Gas Trunk Line (Western Line),7.295506,6.543264,421.0,2.06,23.45,12.77,Expansive Shale & Rocky Outcrop,2,0.058,0.096,0.067,0.375,0.43,0.354,24.0,1200.0,API 5L X65,15.9,16.0,0.232,3.71,12.19,23.3,Moderate,0.1243,12.4,Low,Low Geo-Hazard Stress (Nominal Operational),NOMINAL-00,KP 140.0: Stable terrain conditions (12.4% PoF). Operating within normal design parameters under standard Catholic Protection monitoring.,Maintain standard periodic aerial Right-of-Way surveillance and annual CP survey.
141.0,4,OBN-AJA,Oben–Ajaokuta Gas Trunk Line (Western Line),7.303764,6.546854,415.0,1.09,22.47,11.62,Expansive Shale & Rocky Outcrop,2,0.066,0.103,0.05,0.319,0.43,0.354,24.0,1200.0,API 5L X65,15.9,16.0,0.223,3.57,12.33,22.5,Moderate,0.1166,11.7,Low,Low Geo-Hazard Stress (Nominal Operational),NOMINAL-00,KP 141.0: Stable terrain conditions (11.7% PoF). Operating within normal design parameters under standard Catholic Protection monitoring.,Maintain standard periodic aerial Right-of-Way surveillance and annual CP survey.
142.0,4,OBN-AJA,Oben–Ajaokuta Gas Trunk Line (Western Line),7.312022,6.550444,402.0,0.63,21.49,11.05,Expansive Shale & Rocky Outcrop,2,0.079,0.125,0.084,0.293,0.43,0.354,24.0,1200.0,API 5L X65,15.9,16.0,0.22,3.52,12.38,22.1,Moderate,0.1208,12.1,Low,Low Geo-Hazard Stress (Nominal Operational),NOMINAL-00,KP 142.0: Stable terrain conditions (12.1% PoF). Operating within normal design parameters under standard Catholic Protection monitoring.,Maintain standard periodic aerial Right-of-Way surveillance and annual CP survey.
143.0,4,OBN-AJA,Oben–Ajaokuta Gas Trunk Line (Western Line),7.32028,6.554035,404.0,7.8,20.5,10.77,Expansive Shale & Rocky Outcrop,2,0.061,0.08,0.216,0.577,0.43,0.354,24.0,1200.0,API 5L X65,15.9,16.0,0.222,3.55,12.35,22.3,Moderate,0.1671,16.7,Low,Slope Instability & Landslide Hazard,ERR-GEO-SLOPE-02,"KP 143.0: Pipeline elevated failure risk (16.7%) due to steep rocky slope terrain (7.8° slope angle, Landslide Index 0.577). Gravitational soil movement risk buckling or un-seating pipe joint welds.","Construct slope retaining gabion walls, install strain gauge monitoring sensors, and stabilize right-of-way."
144.0,4,OBN-AJA,Oben–Ajaokuta Gas Trunk Line (Western Line),7.328538,6.557625,265.0,9.15,19.53,9.91,Expansive Shale & Rocky Outcrop,2,0.11,0.095,0.223,0.515,0.555,0.354,24.0,1200.0,API 5L X65,15.9,16.0,0.264,4.22,11.68,26.5,Moderate,0.18,18.0,Low,Corrosive Soil & Anoxic Groundwater Degradation,ERR-GEO-CORR-04,KP 144.0: High external corrosion hazard (18.0%) resulting from saturated groundwater (Corrosivity Index 0.555) and anaerobic clay soil. Coating breakdown risk is high.,"Upgrade Impressed Current Cathodic Protection (ICCP), apply 3LPE coating repair, and conduct smart-pig inline inspection."
145.0,4,OBN-AJA,Oben–Ajaokuta Gas Trunk Line (Western Line),7.336796,6.561216,243.0,0.4,18.55,9.9,Expansive Shale & Rocky Outcrop,2,0.12,0.095,0.099,0.202,0.593,0.354,24.0,1200.0,API 5L X65,15.9,16.0,0.3,4.8,11.1,30.2,Moderate,0.1262,12.6,Low,Corrosive Soil & Anoxic Groundwater Degradation,ERR-GEO-CORR-04,KP 145.0: High external corrosion hazard (12.6%) resulting from saturated groundwater (Corrosivity Index 0.593) and anaerobic clay soil. Coating breakdown risk is high.,"Upgrade Impressed Current Cathodic Protection (ICCP), apply 3LPE coating repair, and conduct smart-pig inline inspection."
146.0,4,OBN-AJA,Oben–Ajaokuta Gas Trunk Line (Western Line),7.345054,6.564806,258.0,0.63,17.57,9.25,Expansive Shale & Rocky Outcrop,2,0.104,0.147,0.096,0.186,0.567,0.354,24.0,1200.0,API 5L X65,15.9,16.0,0.258,4.13,11.77,26.0,Moderate,0.125,12.5,Low,Corrosive Soil & Anoxic Groundwater Degradation,ERR-GEO-CORR-04,KP 146.0: High external corrosion hazard (12.5%) resulting from saturated groundwater (Corrosivity Index 0.567) and anaerobic clay soil. Coating breakdown risk is high.,"Upgrade Impressed Current Cathodic Protection (ICCP), apply 3LPE coating repair, and conduct smart-pig inline inspection."
147.0,4,OBN-AJA,Oben–Ajaokuta Gas Trunk Line (Western Line),7.353312,6.568396,254.0,4.18,16.6,9.13,Expansive Shale & Rocky Outcrop,2,0.133,0.122,0.146,0.32,0.575,0.354,24.0,1200.0,API 5L X65,15.9,16.0,0.285,4.56,11.34,28.7,Moderate,0.1526,15.3,Low,Corrosive Soil & Anoxic Groundwater Degradation,ERR-GEO-CORR-04,KP 147.0: High external corrosion hazard (15.3%) resulting from saturated groundwater (Corrosivity Index 0.575) and anaerobic clay soil. Coating breakdown risk is high.,"Upgrade Impressed Current Cathodic Protection (ICCP), apply 3LPE coating repair, and conduct smart-pig inline inspection."
148.0,4,OBN-AJA,Oben–Ajaokuta Gas Trunk Line (Western Line),7.361569,6.571987,185.0,4.23,15.64,9.21,Stable Sandy Loam,0,0.178,0.135,0.186,0.282,0.294,0.354,24.0,1200.0,API 5L X65,15.9,16.0,0.173,2.77,13.13,17.4,Moderate,0.135,13.5,Low,Low Geo-Hazard Stress (Nominal Operational),NOMINAL-00,KP 148.0: Stable terrain conditions (13.5% PoF). Operating within normal design parameters under standard Catholic Protection monitoring.,Maintain standard periodic aerial Right-of-Way surveillance and annual CP survey.
149.0,4,OBN-AJA,Oben–Ajaokuta Gas Trunk Line (Western Line),7.369827,6.575577,180.0,0.06,14.67,8.86,Stable Sandy Loam,0,0.206,0.126,0.078,0.147,0.303,0.354,24.0,1200.0,API 5L X65,15.9,16.0,0.171,2.74,13.16,17.2,Moderate,0.1094,10.9,Low,Low Geo-Hazard Stress (Nominal Operational),NOMINAL-00,KP 149.0: Stable terrain conditions (10.9% PoF). Operating within normal design parameters under standard Catholic Protection monitoring.,Maintain standard periodic aerial Right-of-Way surveillance and annual CP survey.
150.0,4,OBN-AJA,Oben–Ajaokuta Gas Trunk Line (Western Line),7.378085,6.579168,186.0,1.66,13.72,9.31,Stable Sandy Loam,0,0.191,0.097,0.116,0.21,0.294,0.354,24.0,1200.0,API 5L X65,15.9,16.0,0.164,2.62,13.28,16.5,Moderate,0.1152,11.5,Low,Low Geo-Hazard Stress (Nominal Operational),NOMINAL-00,KP 150.0: Stable terrain conditions (11.5% PoF). Operating within normal design parameters under standard Catholic Protection monitoring.,Maintain standard periodic aerial Right-of-Way surveillance and annual CP survey.
151.0,4,OBN-AJA,Oben–Ajaokuta Gas Trunk Line (Western Line),7.386363,6.582713,209.0,0.8,12.77,9.46,Expansive Shale & Rocky Outcrop,2,0.19,0.103,0.124,0.166,0.655,0.354,24.0,1200.0,API 5L X65,15.9,16.0,0.297,4.75,11.15,29.9,Moderate,0.142,14.2,Low,Corrosive Soil & Anoxic Groundwater Degradation,ERR-GEO-CORR-04,KP 151.0: High external corrosion hazard (14.2%) resulting from saturated groundwater (Corrosivity Index 0.655) and anaerobic clay soil. Coating breakdown risk is high.,"Upgrade Impressed Current Cathodic Protection (ICCP), apply 3LPE coating repair, and conduct smart-pig inline inspection."
152.0,4,OBN-AJA,Oben–Ajaokuta Gas Trunk Line (Western Line),7.394647,6.586244,200.0,1.89,11.83,9.34,Stable Sandy Loam,0,0.202,0.127,0.082,0.213,0.272,0.354,24.0,1200.0,API 5L X65,15.9,16.0,0.168,2.69,13.21,16.9,Moderate,0.1165,11.7,Low,Low Geo-Hazard Stress (Nominal Operational),NOMINAL-00,KP 152.0: Stable terrain conditions (11.7% PoF). Operating within normal design parameters under standard Catholic Protection monitoring.,Maintain standard periodic aerial Right-of-Way surveillance and annual CP survey.
153.0,4,OBN-AJA,Oben–Ajaokuta Gas Trunk Line (Western Line),7.40293,6.589775,176.0,3.15,10.9,9.65,Stable Sandy Loam,0,0.231,0.133,0.138,0.267,0.314,0.354,24.0,1200.0,API 5L X65,15.9,16.0,0.176,2.82,13.08,17.7,Moderate,0.1394,13.9,Low,Low Geo-Hazard Stress (Nominal Operational),NOMINAL-00,KP 153.0: Stable terrain conditions (13.9% PoF). Operating within normal design parameters under standard Catholic Protection monitoring.,Maintain standard periodic aerial Right-of-Way surveillance and annual CP survey.
154.0,4,OBN-AJA,Oben–Ajaokuta Gas Trunk Line (Western Line),7.411214,6.593307,145.0,2.0,9.98,10.65,Stable Sandy Loam,0,0.256,0.115,0.09,0.201,0.368,0.354,24.0,1200.0,API 5L X65,15.9,16.0,0.197,3.15,12.75,19.8,Moderate,0.132,13.2,Low,Low Geo-Hazard Stress (Nominal Operational),NOMINAL-00,KP 154.0: Stable terrain conditions (13.2% PoF). Operating within normal design parameters under standard Catholic Protection monitoring.,Maintain standard periodic aerial Right-of-Way surveillance and annual CP survey.
155.0,4,OBN-AJA,Oben–Ajaokuta Gas Trunk Line (Western Line),7.419497,6.596838,141.0,0.92,9.08,10.69,Stable Sandy Loam,0,0.234,0.11,0.101,0.151,0.377,0.354,24.0,1200.0,API 5L X65,15.9,16.0,0.219,3.5,12.4,22.0,Moderate,0.1216,12.2,Low,Low Geo-Hazard Stress (Nominal Operational),NOMINAL-00,KP 155.0: Stable terrain conditions (12.2% PoF). Operating within normal design parameters under standard Catholic Protection monitoring.,Maintain standard periodic aerial Right-of-Way surveillance and annual CP survey.
156.0,4,OBN-AJA,Oben–Ajaokuta Gas Trunk Line (Western Line),7.427781,6.600369,129.0,0.52,8.21,11.24,Stable Sandy Loam,0,0.29,0.084,0.123,0.133,0.4,0.354,24.0,1200.0,API 5L X65,15.9,16.0,0.214,3.42,12.48,21.5,Moderate,0.1295,13.0,Low,Low Geo-Hazard Stress (Nominal Operational),NOMINAL-00,KP 156.0: Stable terrain conditions (13.0% PoF). Operating within normal design parameters under standard Catholic Protection monitoring.,Maintain standard periodic aerial Right-of-Way surveillance and annual CP survey.
157.0,4,OBN-AJA,Oben–Ajaokuta Gas Trunk Line (Western Line),7.436065,6.603901,150.0,9.98,7.37,12.26,Stable Sandy Loam,0,0.257,0.095,0.314,0.486,0.366,0.354,24.0,1200.0,API 5L X65,15.9,16.0,0.193,3.09,12.81,19.4,Moderate,0.1931,19.3,Low,Slope Instability & Landslide Hazard,ERR-GEO-SLOPE-02,"KP 157.0: Pipeline elevated failure risk (19.3%) due to steep rocky slope terrain (9.98° slope angle, Landslide Index 0.486). Gravitational soil movement risk buckling or un-seating pipe joint welds.","Construct slope retaining gabion walls, install strain gauge monitoring sensors, and stabilize right-of-way."
158.0,4,OBN-AJA,Oben–Ajaokuta Gas Trunk Line (Western Line),7.444348,6.607432,305.0,0.69,6.57,12.83,Expansive Shale & Rocky Outcrop,2,0.143,0.084,0.082,0.245,0.503,0.354,24.0,1200.0,API 5L X65,15.9,16.0,0.264,4.22,11.68,26.5,Moderate,0.126,12.6,Low,Corrosive Soil & Anoxic Groundwater Degradation,ERR-GEO-CORR-04,KP 158.0: High external corrosion hazard (12.6%) resulting from saturated groundwater (Corrosivity Index 0.503) and anaerobic clay soil. Coating breakdown risk is high.,"Upgrade Impressed Current Cathodic Protection (ICCP), apply 3LPE coating repair, and conduct smart-pig inline inspection."
159.0,4,OBN-AJA,Oben–Ajaokuta Gas Trunk Line (Western Line),7.452632,6.610963,138.0,10.65,5.83,13.32,Stable Sandy Loam,0,0.288,0.07,0.301,0.504,0.392,0.354,24.0,1200.0,API 5L X65,15.9,16.0,0.219,3.5,12.4,22.0,Moderate,0.1993,19.9,Low,Slope Instability & Landslide Hazard,ERR-GEO-SLOPE-02,"KP 159.0: Pipeline elevated failure risk (19.9%) due to steep rocky slope terrain (10.65° slope angle, Landslide Index 0.504). Gravitational soil movement risk buckling or un-seating pipe joint welds.","Construct slope retaining gabion walls, install strain gauge monitoring sensors, and stabilize right-of-way."
160.0,4,OBN-AJA,Oben–Ajaokuta Gas Trunk Line (Western Line),7.460915,6.614495,117.0,2.81,5.19,14.42,Stable Sandy Loam,0,0.342,0.078,0.19,0.197,0.431,0.354,24.0,1200.0,API 5L X65,15.9,16.0,0.243,3.89,12.01,24.5,Moderate,0.1566,15.7,Low,Low Geo-Hazard Stress (Nominal Operational),NOMINAL-00,KP 160.0: Stable terrain conditions (15.7% PoF). Operating within normal design parameters under standard Catholic Protection monitoring.,Maintain standard periodic aerial Right-of-Way surveillance and annual CP survey.
161.0,4,OBN-AJA,Oben–Ajaokuta Gas Trunk Line (Western Line),7.469199,6.618026,187.0,2.86,4.67,15.2,Stable Sandy Loam,0,0.26,0.095,0.156,0.252,0.314,0.354,24.0,1200.0,API 5L X65,15.9,16.0,0.162,2.59,13.31,16.3,Moderate,0.1391,13.9,Low,Low Geo-Hazard Stress (Nominal Operational),NOMINAL-00,KP 161.0: Stable terrain conditions (13.9% PoF). Operating within normal design parameters under standard Catholic Protection monitoring.,Maintain standard periodic aerial Right-of-Way surveillance and annual CP survey.
162.0,4,OBN-AJA,Oben–Ajaokuta Gas Trunk Line (Western Line),7.477483,6.621557,167.0,1.6,4.32,15.74,Stable Sandy Loam,0,0.327,0.066,0.177,0.176,0.351,0.354,24.0,1200.0,API 5L X65,15.9,16.0,0.199,3.18,12.72,20.0,Moderate,0.1409,14.1,Low,Low Geo-Hazard Stress (Nominal Operational),NOMINAL-00,KP 162.0: Stable terrain conditions (14.1% PoF). Operating within normal design parameters under standard Catholic Protection monitoring.,Maintain standard periodic aerial Right-of-Way surveillance and annual CP survey.
163.0,4,OBN-AJA,Oben–Ajaokuta Gas Trunk Line (Western Line),7.485766,6.625089,215.0,14.47,4.19,16.88,Expansive Shale & Rocky Outcrop,2,0.267,0.068,0.387,0.678,0.67,0.354,24.0,1200.0,API 5L X65,15.9,16.0,0.307,4.91,10.99,30.9,Moderate,0.2544,25.4,Medium,Slope Instability & Landslide Hazard,ERR-GEO-SLOPE-02,"KP 163.0: Pipeline elevated failure risk (25.4%) due to steep rocky slope terrain (14.47° slope angle, Landslide Index 0.678). Gravitational soil movement risk buckling or un-seating pipe joint welds.","Construct slope retaining gabion walls, install strain gauge monitoring sensors, and stabilize right-of-way."
164.0,4,OBN-AJA,Oben–Ajaokuta Gas Trunk Line (Western Line),7.49405,6.62862,425.0,4.4,4.29,17.71,Expansive Shale & Rocky Outcrop,2,0.199,0.099,0.228,0.462,0.43,0.354,24.0,1200.0,API 5L X65,15.9,16.0,0.23,3.68,12.22,23.1,Moderate,0.1776,17.8,Low,Slope Instability & Landslide Hazard,ERR-GEO-SLOPE-02,"KP 164.0: Pipeline elevated failure risk (17.8%) due to steep rocky slope terrain (4.4° slope angle, Landslide Index 0.462). Gravitational soil movement risk buckling or un-seating pipe joint welds.","Construct slope retaining gabion walls, install strain gauge monitoring sensors, and stabilize right-of-way."
165.0,4,OBN-AJA,Oben–Ajaokuta Gas Trunk Line (Western Line),7.502334,6.632151,138.0,17.8,4.62,17.9,Expansive Shale & Rocky Outcrop,2,0.35,0.087,0.475,0.758,0.798,0.354,24.0,1200.0,API 5L X65,15.9,16.0,0.361,5.78,10.12,36.4,Critical,0.3032,30.3,Medium,Corrosive Soil & Anoxic Groundwater Degradation,ERR-GEO-CORR-04,KP 165.0: High external corrosion hazard (30.3%) resulting from saturated groundwater (Corrosivity Index 0.798) and anaerobic clay soil. Coating breakdown risk is high.,"Upgrade Impressed Current Cathodic Protection (ICCP), apply 3LPE coating repair, and conduct smart-pig inline inspection."
166.0,4,OBN-AJA,Oben–Ajaokuta Gas Trunk Line (Western Line),7.510617,6.635683,104.0,2.52,5.12,17.02,Stable Sandy Loam,0,0.368,0.082,0.148,0.199,0.454,0.354,24.0,1200.0,API 5L X65,15.9,16.0,0.217,3.47,12.43,21.8,Moderate,0.1603,16.0,Low,Corrosive Soil & Anoxic Groundwater Degradation,ERR-GEO-CORR-04,KP 166.0: High external corrosion hazard (16.0%) resulting from saturated groundwater (Corrosivity Index 0.454) and anaerobic clay soil. Coating breakdown risk is high.,"Upgrade Impressed Current Cathodic Protection (ICCP), apply 3LPE coating repair, and conduct smart-pig inline inspection."
167.0,4,OBN-AJA,Oben–Ajaokuta Gas Trunk Line (Western Line),7.518901,6.639214,94.0,0.34,4.53,16.0,Stable Sandy Loam,0,0.353,0.096,0.155,0.083,0.475,0.354,24.0,1200.0,API 5L X65,15.9,16.0,0.255,4.08,11.82,25.7,Moderate,0.1442,14.4,Low,Corrosive Soil & Anoxic Groundwater Degradation,ERR-GEO-CORR-04,KP 167.0: High external corrosion hazard (14.4%) resulting from saturated groundwater (Corrosivity Index 0.475) and anaerobic clay soil. Coating breakdown risk is high.,"Upgrade Impressed Current Cathodic Protection (ICCP), apply 3LPE coating repair, and conduct smart-pig inline inspection."
168.0,4,OBN-AJA,Oben–Ajaokuta Gas Trunk Line (Western Line),7.527184,6.642745,110.0,2.35,3.53,14.92,Stable Sandy Loam,0,0.418,0.101,0.204,0.158,0.456,0.354,24.0,1200.0,API 5L X65,15.9,16.0,0.252,4.03,11.87,25.3,Moderate,0.1706,17.1,Low,Corrosive Soil & Anoxic Groundwater Degradation,ERR-GEO-CORR-04,KP 168.0: High external corrosion hazard (17.1%) resulting from saturated groundwater (Corrosivity Index 0.456) and anaerobic clay soil. Coating breakdown risk is high.,"Upgrade Impressed Current Cathodic Protection (ICCP), apply 3LPE coating repair, and conduct smart-pig inline inspection."
169.0,4,OBN-AJA,Oben–Ajaokuta Gas Trunk Line (Western Line),7.535468,6.646277,135.0,7.07,2.53,14.18,Stable Sandy Loam,0,0.428,0.108,0.284,0.384,0.428,0.354,24.0,1200.0,API 5L X65,15.9,16.0,0.207,3.31,12.59,20.8,Moderate,0.2125,21.2,Medium,Low Geo-Hazard Stress (Nominal Operational),NOMINAL-00,KP 169.0: Stable terrain conditions (21.2% PoF). Operating within normal design parameters under standard Catholic Protection monitoring.,Maintain standard periodic aerial Right-of-Way surveillance and annual CP survey.
170.0,4,OBN-AJA,Oben–Ajaokuta Gas Trunk Line (Western Line),7.543752,6.649808,234.0,2.69,1.53,13.17,Expansive Shale & Rocky Outcrop,2,0.476,0.068,0.245,0.248,0.687,0.354,24.0,1200.0,API 5L X65,15.9,16.0,0.32,5.12,10.78,32.2,Critical,0.2148,21.5,Medium,Corrosive Soil & Anoxic Groundwater Degradation,ERR-GEO-CORR-04,KP 170.0: High external corrosion hazard (21.5%) resulting from saturated groundwater (Corrosivity Index 0.687) and anaerobic clay soil. Coating breakdown risk is high.,"Upgrade Impressed Current Cathodic Protection (ICCP), apply 3LPE coating repair, and conduct smart-pig inline inspection."
171.0,4,OBN-AJA,Oben–Ajaokuta Gas Trunk Line (Western Line),7.552035,6.653339,88.0,17.29,0.53,11.93,Expansive Shale & Rocky Outcrop,2,0.98,0.087,0.671,0.733,0.97,0.354,24.0,1200.0,API 5L X65,15.9,16.0,0.411,6.58,9.32,41.4,Critical,0.4447,44.5,High,Hydrodynamic River Scour & Flood Inundation,ERR-GEO-HYDRO-01,"KP 171.0: High failure probability (44.5%) driven by severe River Niger flood inundation (Flood Index 0.98, 0.53 km proximity). Current scour threatens to un-seat buried pipe.",Perform Horizontal Directional Drilling (HDD) deep riverbed re-burial & install concrete articulated weighting mats.
171.5,4,OBN-AJA,Oben–Ajaokuta Gas Trunk Line (Western Line),7.5564,6.6552,70.0,10.2,0.05,11.76,Saturated Alluvial Silty Clay,2,0.98,0.11,0.722,0.462,0.97,0.354,24.0,1200.0,API 5L X65,15.9,16.0,0.416,6.66,9.24,41.9,Critical,0.4107,41.1,High,Hydrodynamic River Scour & Flood Inundation,ERR-GEO-HYDRO-01,"KP 171.5: High failure probability (41.1%) driven by severe River Niger flood inundation (Flood Index 0.98, 0.05 km proximity). Current scour threatens to un-seat buried pipe.",Perform Horizontal Directional Drilling (HDD) deep riverbed re-burial & install concrete articulated weighting mats.
